# This file uses centimeters as units for non-parametric coordinates.

mtllib Grave_low1.mtl
g default
v -2.681643 1.476933 -7.827277
v -2.561497 1.476933 -7.638686
v -2.343187 1.476933 -7.590288
v -2.154596 1.476933 -7.710433
v -2.106196 1.476933 -7.928744
v -2.226343 1.476933 -8.117334
v -2.444653 1.476933 -8.165732
v -2.633245 1.476933 -8.045587
v -2.393920 1.476933 -7.878011
v -2.393920 2.813915 -7.878011
v -2.681643 2.145424 -7.827277
v -2.590395 2.145424 -7.658921
v -2.372085 2.145424 -7.610522
v -2.154596 2.145424 -7.710433
v -2.106196 2.145424 -7.928744
v -2.226343 2.145424 -8.117334
v -2.444653 2.145424 -8.165732
v -2.633245 2.145424 -8.045587
v -2.691403 2.479669 -7.834111
v -2.643005 2.479669 -8.052422
v -2.454414 2.479669 -8.172568
v -2.255242 2.479669 -8.137570
v -2.135095 2.479669 -7.948978
v -2.183493 2.479669 -7.730669
v -2.372085 2.479669 -7.610522
v -2.590395 2.479669 -7.658921
v -2.659419 1.811179 -7.811717
v -2.564737 1.811179 -7.640955
v -2.346427 1.811179 -7.592556
v -2.157835 1.811179 -7.712702
v -2.109437 1.811179 -7.931013
v -2.229583 1.811179 -8.119604
v -2.422431 1.811179 -8.150173
v -2.611022 1.811179 -8.030027
v -2.652989 2.813915 -7.832330
v -2.682424 2.787179 -7.827824
v -2.544309 2.813915 -7.663232
v -2.563830 2.786927 -7.640320
v -2.348538 2.813915 -7.620639
v -2.345602 2.785973 -7.591979
v -2.179841 2.813915 -7.728111
v -2.157045 2.785576 -7.712149
v -2.135696 2.813915 -7.923542
v -2.108613 2.785973 -7.930435
v -2.242812 2.813915 -8.093815
v -2.228682 2.786863 -8.118973
v -2.439649 2.813915 -8.137355
v -2.445434 2.787179 -8.166280
v -2.609640 2.813915 -8.029059
v -2.634022 2.787307 -8.046131
v -5.644106 1.674237 5.544840
v -5.850696 1.674237 5.459268
v -6.057285 1.674237 5.544840
v -6.142858 1.674237 5.751430
v -6.057285 1.674237 5.958018
v -5.850696 1.674237 6.043591
v -5.644106 1.674237 5.958018
v -5.558535 1.674237 5.751430
v -5.850696 1.674237 5.751430
v -5.850696 2.354157 5.751430
v -5.644106 2.014197 5.544840
v -5.815417 2.014197 5.459268
v -6.022007 2.014197 5.544840
v -6.142858 2.014197 5.751430
v -6.057285 2.014197 5.958018
v -5.850696 2.014197 6.043591
v -5.644106 2.014197 5.958018
v -5.558535 2.014197 5.751430
v -5.632191 2.184177 5.544840
v -5.546619 2.184177 5.751430
v -5.632191 2.184177 5.958018
v -5.815417 2.184177 6.043591
v -6.022007 2.184177 5.958018
v -6.107578 2.184177 5.751430
v -6.022007 2.184177 5.544840
v -5.815417 2.184177 5.459268
v -5.671235 1.844217 5.544840
v -5.846740 1.844217 5.459268
v -6.053330 1.844217 5.544840
v -6.138902 1.844217 5.751430
v -6.053330 1.844217 5.958018
v -5.846740 1.844217 6.043591
v -5.671235 1.844217 5.958018
v -5.585663 1.844217 5.751430
v -5.656543 2.354157 5.557276
v -5.642980 2.338098 5.544840
v -5.850696 2.354157 5.477822
v -5.847285 2.337722 5.459268
v -6.043312 2.354157 5.558814
v -6.053665 2.336712 5.544840
v -6.123095 2.354157 5.751430
v -6.139136 2.336226 5.751430
v -6.044068 2.354157 5.944802
v -6.053665 2.336712 5.958018
v -5.850696 2.354157 6.026452
v -5.847285 2.337722 6.043591
v -5.656309 2.354157 5.945817
v -5.642980 2.338098 5.958018
v -5.575790 2.354157 5.751430
v -5.557419 2.338249 5.751430
v -5.269407 1.544136 3.744721
v -5.372231 1.544136 3.731184
v -5.454510 1.544136 3.794319
v -5.468049 1.544136 3.897143
v -5.404911 1.544136 3.979422
v -5.302088 1.544136 3.992959
v -5.219808 1.544136 3.929824
v -5.206272 1.544136 3.827000
v -5.337160 1.544136 3.862072
v -5.327535 1.981323 3.897992
v -5.269407 1.764389 3.744721
v -5.356426 1.764389 3.726949
v -5.438705 1.764389 3.790084
v -5.468049 1.764389 3.897143
v -5.404911 1.764389 3.979422
v -5.302088 1.764389 3.992959
v -5.219808 1.764389 3.929824
v -5.206272 1.764389 3.827000
v -5.262697 1.910608 3.748410
v -5.201057 1.877837 3.825109
v -5.216089 1.845066 3.922351
v -5.288522 1.831492 3.980370
v -5.390727 1.845066 3.969145
v -5.452366 1.877837 3.892447
v -5.437335 1.910608 3.795204
v -5.354435 1.924182 3.734381
v -5.281561 1.654262 3.747977
v -5.370459 1.654262 3.730709
v -5.452738 1.654262 3.793844
v -5.466275 1.654262 3.896668
v -5.403139 1.654262 3.978947
v -5.300316 1.654262 3.992485
v -5.231963 1.654262 3.933081
v -5.218425 1.654262 3.830257
v -5.264261 2.011266 3.795866
v -5.258716 2.004023 3.782543
v -5.357523 2.023494 3.786075
v -5.359894 2.017477 3.770998
v -5.432539 2.011024 3.841645
v -5.442762 2.003391 3.831621
v -5.446162 1.981323 3.929778
v -5.457784 1.970406 3.928779
v -5.390551 1.951500 3.999703
v -5.396156 1.937849 4.005561
v -5.297371 1.938902 4.010570
v -5.293979 1.924739 4.016968
v -5.221541 1.951341 3.954871
v -5.212109 1.938481 3.956484
v -5.207787 1.981323 3.865906
v -5.197073 1.971320 3.859267
v 3.997029 0.135436 7.671447
v 3.944896 0.135436 7.797308
v 3.997029 0.135436 7.923167
v 4.122887 0.135436 7.975299
v 4.248747 0.135436 7.923167
v 4.300879 0.135436 7.797308
v 4.248747 0.135436 7.671447
v 4.122887 0.135436 7.619316
v 4.122887 0.135436 7.797308
v 4.122887 0.549659 7.797308
v 3.997029 0.342548 7.671447
v 3.944896 0.342548 7.775815
v 3.997029 0.342548 7.901674
v 4.122887 0.342548 7.975299
v 4.248747 0.342548 7.923167
v 4.300879 0.342548 7.797308
v 4.248747 0.342548 7.671447
v 4.122887 0.342548 7.619316
v 3.997029 0.446104 7.664189
v 4.122887 0.446104 7.612057
v 4.248747 0.446104 7.664189
v 4.300879 0.446104 7.775815
v 4.248747 0.446104 7.901674
v 4.122887 0.446104 7.953805
v 3.997029 0.446104 7.901674
v 3.944896 0.446104 7.775815
v 3.997029 0.238992 7.687976
v 3.944896 0.238992 7.794898
v 3.997029 0.238992 7.920756
v 4.122887 0.238992 7.972890
v 4.248747 0.238992 7.920756
v 4.300879 0.238992 7.794898
v 4.248747 0.238992 7.687976
v 4.122887 0.238992 7.635844
v 4.004604 0.549659 7.679023
v 3.997029 0.539876 7.670763
v 3.956300 0.549659 7.797308
v 3.944896 0.539736 7.795248
v 4.005541 0.549659 7.914653
v 3.997029 0.539031 7.920961
v 4.122887 0.549659 7.963260
v 4.122887 0.538735 7.973032
v 4.240694 0.549659 7.915115
v 4.248747 0.539031 7.920961
v 4.290344 0.549659 7.797308
v 4.300879 0.539736 7.795248
v 4.241313 0.549659 7.678882
v 4.248747 0.539875 7.670763
v 4.122887 0.549659 7.629828
v 4.122887 0.539968 7.618637
v 3.789294 0.112263 7.504310
v 3.582705 0.112263 7.418736
v 3.376115 0.112263 7.504310
v 3.290543 0.112263 7.710900
v 3.376115 0.112263 7.917490
v 3.582705 0.112263 8.003059
v 3.789294 0.112263 7.917490
v 3.874866 0.112263 7.710900
v 3.582705 0.112263 7.710900
v 3.582705 0.792184 7.710900
v 3.789294 0.452224 7.504310
v 3.617983 0.452224 7.418736
v 3.411394 0.452224 7.504310
v 3.290543 0.452224 7.710900
v 3.376115 0.452224 7.917490
v 3.582705 0.452224 8.003059
v 3.789294 0.452224 7.917490
v 3.874866 0.452224 7.710900
v 3.801209 0.622204 7.504310
v 3.886781 0.622204 7.710900
v 3.801209 0.622204 7.917490
v 3.617983 0.622204 8.003059
v 3.411394 0.622204 7.917490
v 3.325822 0.622204 7.710900
v 3.411394 0.622204 7.504310
v 3.617983 0.622204 7.418736
v 3.762165 0.282243 7.504310
v 3.586660 0.282243 7.418736
v 3.380071 0.282243 7.504310
v 3.294499 0.282243 7.710900
v 3.380071 0.282243 7.917490
v 3.586660 0.282243 8.003059
v 3.762165 0.282243 7.917490
v 3.847737 0.282243 7.710900
v 3.765073 0.792184 7.528531
v 3.791487 0.760900 7.504310
v 3.582705 0.792184 7.455202
v 3.589289 0.760457 7.418736
v 3.403334 0.792184 7.531530
v 3.383168 0.758203 7.504310
v 3.329037 0.792184 7.710900
v 3.297792 0.757257 7.710900
v 3.401860 0.792184 7.891743
v 3.383168 0.758203 7.917490
v 3.582705 0.792184 7.969678
v 3.589349 0.760169 8.003059
v 3.765527 0.792184 7.893722
v 3.791487 0.760900 7.917490
v 3.841255 0.792184 7.710900
v 3.877038 0.761196 7.710900
v -5.607577 1.476933 3.489128
v -5.814166 1.476933 3.403557
v -6.020755 1.476933 3.489128
v -6.106328 1.476933 3.695718
v -6.020755 1.476933 3.902308
v -5.814166 1.476933 3.987879
v -5.607577 1.476933 3.902308
v -5.522005 1.476933 3.695718
v -5.814166 1.476933 3.695718
v -5.814166 2.813915 3.695718
v -5.607577 2.145424 3.489128
v -5.778887 2.145424 3.403557
v -5.985477 2.145424 3.489128
v -6.106328 2.145424 3.695718
v -6.020755 2.145424 3.902308
v -5.814166 2.145424 3.987879
v -5.607577 2.145424 3.902308
v -5.522005 2.145424 3.695718
v -5.595662 2.479669 3.489128
v -5.510089 2.479669 3.695718
v -5.595662 2.479669 3.902308
v -5.778887 2.479669 3.987879
v -5.985477 2.479669 3.902308
v -6.071049 2.479669 3.695718
v -5.985477 2.479669 3.489128
v -5.778887 2.479669 3.403557
v -5.634706 1.811179 3.489128
v -5.810210 1.811179 3.403557
v -6.016800 1.811179 3.489128
v -6.102372 1.811179 3.695718
v -6.016800 1.811179 3.902308
v -5.810210 1.811179 3.987879
v -5.634706 1.811179 3.902308
v -5.549133 1.811179 3.695718
v -5.628151 2.813915 3.509702
v -5.606624 2.787179 3.489128
v -5.814166 2.813915 3.433523
v -5.811317 2.786927 3.403557
v -5.998962 2.813915 3.510921
v -6.017806 2.785973 3.489128
v -6.075508 2.813915 3.695718
v -6.103336 2.785575 3.695718
v -5.999575 2.813915 3.881126
v -6.017806 2.785973 3.902308
v -5.814166 2.813915 3.959099
v -5.811317 2.786927 3.987879
v -5.627953 2.813915 3.881931
v -5.606624 2.787179 3.902308
v -5.550821 2.813915 3.695718
v -5.521056 2.787307 3.695718
v -5.459625 1.685112 3.238723
v -5.518924 1.685112 3.381885
v -5.459625 1.685112 3.525046
v -5.316464 1.685112 3.584345
v -5.173303 1.685112 3.525046
v -5.114004 1.685112 3.381885
v -5.173303 1.685112 3.238723
v -5.316464 1.685112 3.179424
v -5.316464 1.685112 3.381885
v -5.260901 2.338320 3.381885
v -5.459625 2.014197 3.238723
v -5.518924 2.014197 3.357437
v -5.459625 2.014197 3.500599
v -5.316464 2.014197 3.584345
v -5.173303 2.014197 3.525046
v -5.114004 2.014197 3.381885
v -5.173303 2.014197 3.238723
v -5.316464 2.014197 3.179424
v -5.451705 2.232666 3.230466
v -5.317178 2.183701 3.171167
v -5.182650 2.134737 3.230466
v -5.126927 2.114456 3.357437
v -5.182650 2.134737 3.500599
v -5.317178 2.183701 3.559898
v -5.451705 2.232666 3.500599
v -5.507428 2.252947 3.357437
v -5.459625 1.849655 3.257523
v -5.518924 1.849655 3.379143
v -5.459625 1.849655 3.522305
v -5.316464 1.849655 3.581604
v -5.173303 1.849655 3.522305
v -5.114004 1.849655 3.379143
v -5.173303 1.849655 3.257523
v -5.316464 1.849655 3.198223
v -5.383821 2.383060 3.251076
v -5.400905 2.372239 3.237919
v -5.434096 2.401359 3.381885
v -5.456718 2.392269 3.379466
v -5.382827 2.382698 3.511636
v -5.401248 2.371294 3.522517
v -5.260901 2.338320 3.565381
v -5.266838 2.322010 3.581766
v -5.138480 2.293763 3.512162
v -5.132194 2.273366 3.522517
v -5.086763 2.274940 3.381885
v -5.076218 2.253778 3.379466
v -5.137824 2.293524 3.250909
v -5.131850 2.274310 3.237919
v -5.260901 2.338320 3.196656
v -5.266340 2.323376 3.178626
v -2.039723 1.544136 -7.654390
v -1.963259 1.544136 -7.584324
v -1.859647 1.544136 -7.588847
v -1.789580 1.544136 -7.665312
v -1.794104 1.544136 -7.768923
v -1.870568 1.544136 -7.838990
v -1.974180 1.544136 -7.834466
v -2.044247 1.544136 -7.758002
v -1.916914 1.544136 -7.711657
v -1.904195 1.981323 -7.746602
v -2.039723 1.764389 -7.654390
v -1.978634 1.764389 -7.589920
v -1.875022 1.764389 -7.594444
v -1.789580 1.764389 -7.665312
v -1.794104 1.764389 -7.768923
v -1.870568 1.764389 -7.838990
v -1.974180 1.764389 -7.834466
v -2.044247 1.764389 -7.758002
v -2.043103 1.910608 -7.661262
v -2.049603 1.877837 -7.759444
v -1.981513 1.845066 -7.830478
v -1.888902 1.831492 -7.836458
v -1.811620 1.845066 -7.768641
v -1.805120 1.877837 -7.670458
v -1.873209 1.910608 -7.599425
v -1.976003 1.924182 -7.597150
v -2.027899 1.654262 -7.650086
v -1.964983 1.654262 -7.584950
v -1.861371 1.654262 -7.589475
v -1.791304 1.654262 -7.665939
v -1.795828 1.654262 -7.769552
v -1.872292 1.654262 -7.839618
v -1.962357 1.654262 -7.830163
v -2.032423 1.654262 -7.753699
v -2.014602 2.011266 -7.699237
v -2.026787 2.004023 -7.691504
v -1.943823 2.023494 -7.637724
v -1.950528 2.017477 -7.624014
v -1.850500 2.011024 -7.640216
v -1.847874 2.003391 -7.626140
v -1.788788 1.981323 -7.704598
v -1.779842 1.970406 -7.697114
v -1.794236 1.951500 -7.793774
v -1.786284 1.937849 -7.795357
v -1.864349 1.938920 -7.856075
v -1.863427 1.924786 -7.863321
v -1.958395 1.951341 -7.853991
v -1.965197 1.938480 -7.860721
v -2.020689 1.981323 -7.789003
v -2.033275 1.971320 -7.789709
v 4.389596 1.546298 -6.167149
v 4.190001 1.546298 -6.140872
v 4.067448 1.546298 -5.981156
v 4.093725 1.546298 -5.781562
v 4.253440 1.546298 -5.659008
v 4.453034 1.546298 -5.685284
v 4.575589 1.546298 -5.844999
v 4.549312 1.546298 -6.044594
v 4.321518 1.546298 -5.913078
v 4.357611 2.394935 -5.850563
v 4.389596 1.973839 -6.167149
v 4.217508 1.973839 -6.156753
v 4.094954 1.973839 -5.997036
v 4.093725 1.973839 -5.781562
v 4.253440 1.973839 -5.659008
v 4.453034 1.973839 -5.685284
v 4.575589 1.973839 -5.844999
v 4.549312 1.973839 -6.044594
v 4.404030 2.257669 -6.163602
v 4.558138 2.194056 -6.050762
v 4.578806 2.130443 -5.860880
v 4.472146 2.104094 -5.715706
v 4.274874 2.130443 -5.685405
v 4.120767 2.194056 -5.798245
v 4.100098 2.257669 -5.988127
v 4.224975 2.284019 -6.143818
v 4.368444 1.760068 -6.154937
v 4.193085 1.760068 -6.142652
v 4.070531 1.760068 -5.982937
v 4.096808 1.760068 -5.783343
v 4.256524 1.760068 -5.660788
v 4.456119 1.760068 -5.687066
v 4.554437 1.760068 -5.832788
v 4.528160 1.760068 -6.032382
v 4.424940 2.453060 -6.073837
v 4.428644 2.439000 -6.101604
v 4.245156 2.476796 -6.045340
v 4.233135 2.465117 -6.072418
v 4.132421 2.452590 -5.903460
v 4.108212 2.437774 -5.917117
v 4.151155 2.394935 -5.731364
v 4.128863 2.373745 -5.727400
v 4.290557 2.337047 -5.628196
v 4.282989 2.310547 -5.614397
v 4.470680 2.312627 -5.654720
v 4.480306 2.285191 -5.644306
v 4.584924 2.336737 -5.797167
v 4.603420 2.311774 -5.798882
v 4.566015 2.394935 -5.970885
v 4.582769 2.375519 -5.988718
vt 0.730375 0.914031
vt 0.743167 0.914031
vt 0.743167 0.934711
vt 0.730375 0.934711
vt 0.756199 0.914031
vt 0.756199 0.934711
vt 0.769004 0.914031
vt 0.769004 0.934711
vt 0.782566 0.914031
vt 0.677599 0.934711
vt 0.690846 0.914031
vt 0.690846 0.934711
vt 0.703709 0.914031
vt 0.703709 0.934711
vt 0.716906 0.914031
vt 0.716906 0.934711
vt 0.677599 0.848324
vt 0.693935 0.855090
vt 0.677599 0.861857
vt 0.687169 0.871426
vt 0.700702 0.871425
vt 0.710271 0.861856
vt 0.710270 0.848323
vt 0.730375 0.893441
vt 0.743167 0.893441
vt 0.756199 0.893441
vt 0.769004 0.893441
vt 0.677599 0.893441
vt 0.690846 0.893441
vt 0.703709 0.893441
vt 0.716906 0.893441
vt 0.700700 0.838754
vt 0.730375 0.953590
vt 0.743167 0.953590
vt 0.740632 0.860872
vt 0.732005 0.869449
vt 0.716906 0.953590
vt 0.756199 0.953590
vt 0.725917 0.854796
vt 0.769004 0.953590
vt 0.719880 0.869415
vt 0.782566 0.953590
vt 0.711311 0.860864
vt 0.690846 0.953590
vt 0.711250 0.848739
vt 0.703709 0.953590
vt 0.719802 0.840076
vt 0.732000 0.840065
vt 0.677599 0.953590
vt 0.782566 0.934711
vt 0.682673 0.955777
vt 0.776776 0.955777
vt 0.716906 0.955777
vt 0.703709 0.955777
vt 0.690846 0.955777
vt 0.769004 0.955777
vt 0.756199 0.955777
vt 0.743167 0.955777
vt 0.730375 0.955777
vt 0.782565 0.893441
vt 0.677599 0.914031
vt 0.782566 0.872903
vt 0.677599 0.872903
vt 0.716906 0.872903
vt 0.730375 0.872903
vt 0.703709 0.872903
vt 0.690846 0.872903
vt 0.769004 0.872903
vt 0.756199 0.872903
vt 0.743167 0.872903
vt 0.740635 0.848681
vt 0.677599 0.848324
vt 0.687168 0.838755
vt 0.730375 0.914031
vt 0.743167 0.914031
vt 0.743167 0.934711
vt 0.730375 0.934711
vt 0.756199 0.914031
vt 0.756199 0.934711
vt 0.769004 0.914031
vt 0.769004 0.934711
vt 0.782566 0.914031
vt 0.782566 0.934711
vt 0.677599 0.914031
vt 0.690846 0.914031
vt 0.690846 0.934711
vt 0.677599 0.934711
vt 0.703709 0.914031
vt 0.703709 0.934711
vt 0.716906 0.914031
vt 0.716906 0.934711
vt 0.677599 0.848324
vt 0.687168 0.838755
vt 0.693935 0.855090
vt 0.677599 0.861857
vt 0.677599 0.848324
vt 0.687169 0.871426
vt 0.700702 0.871425
vt 0.710271 0.861856
vt 0.710270 0.848323
vt 0.700700 0.838754
vt 0.730375 0.893441
vt 0.743167 0.893441
vt 0.756199 0.893441
vt 0.769004 0.893441
vt 0.782565 0.893441
vt 0.677599 0.893441
vt 0.690846 0.893441
vt 0.703709 0.893441
vt 0.716906 0.893441
vt 0.730375 0.872903
vt 0.743167 0.872903
vt 0.756199 0.872903
vt 0.769004 0.872903
vt 0.782566 0.872903
vt 0.677599 0.872903
vt 0.690846 0.872903
vt 0.703709 0.872903
vt 0.716906 0.872903
vt 0.730375 0.955777
vt 0.730375 0.953590
vt 0.743167 0.953590
vt 0.743167 0.955777
vt 0.716906 0.955777
vt 0.716906 0.953590
vt 0.756199 0.953590
vt 0.756199 0.955777
vt 0.769004 0.953590
vt 0.769004 0.955777
vt 0.782566 0.953590
vt 0.776776 0.955777
vt 0.682673 0.955777
vt 0.677599 0.953590
vt 0.690846 0.953590
vt 0.690846 0.955777
vt 0.703709 0.953590
vt 0.703709 0.955777
vt 0.740632 0.860872
vt 0.732005 0.869449
vt 0.725917 0.854796
vt 0.719880 0.869415
vt 0.711311 0.860864
vt 0.711250 0.848739
vt 0.719802 0.840076
vt 0.732000 0.840065
vt 0.740635 0.848681
vt 0.730375 0.914031
vt 0.743167 0.914031
vt 0.743167 0.934711
vt 0.730375 0.934711
vt 0.756199 0.914031
vt 0.756199 0.934711
vt 0.769004 0.914031
vt 0.769004 0.934711
vt 0.782566 0.914031
vt 0.782566 0.934711
vt 0.677599 0.914031
vt 0.690846 0.914031
vt 0.690846 0.934711
vt 0.677599 0.934711
vt 0.703709 0.914031
vt 0.703709 0.934711
vt 0.716906 0.914031
vt 0.716906 0.934711
vt 0.677599 0.848324
vt 0.687168 0.838755
vt 0.693935 0.855090
vt 0.677599 0.861857
vt 0.677599 0.848324
vt 0.687169 0.871426
vt 0.700702 0.871425
vt 0.710271 0.861856
vt 0.710270 0.848323
vt 0.700700 0.838754
vt 0.730375 0.893441
vt 0.743167 0.893441
vt 0.756199 0.893441
vt 0.769004 0.893441
vt 0.782565 0.893441
vt 0.677599 0.893441
vt 0.690846 0.893441
vt 0.703709 0.893441
vt 0.716906 0.893441
vt 0.730375 0.872903
vt 0.743167 0.872903
vt 0.756199 0.872903
vt 0.769004 0.872903
vt 0.782566 0.872903
vt 0.677599 0.872903
vt 0.690846 0.872903
vt 0.703709 0.872903
vt 0.716906 0.872903
vt 0.730375 0.955777
vt 0.730375 0.953590
vt 0.743167 0.953590
vt 0.743167 0.955777
vt 0.716906 0.955777
vt 0.716906 0.953590
vt 0.756199 0.953590
vt 0.756199 0.955777
vt 0.769004 0.953590
vt 0.769004 0.955777
vt 0.782566 0.953590
vt 0.776776 0.955777
vt 0.682673 0.955777
vt 0.677599 0.953590
vt 0.690846 0.953590
vt 0.690846 0.955777
vt 0.703709 0.953590
vt 0.703709 0.955777
vt 0.740632 0.860872
vt 0.732005 0.869449
vt 0.725917 0.854796
vt 0.719880 0.869415
vt 0.711311 0.860864
vt 0.711250 0.848739
vt 0.719802 0.840076
vt 0.732000 0.840065
vt 0.740635 0.848681
vt 0.730375 0.914031
vt 0.743167 0.914031
vt 0.743167 0.934711
vt 0.730375 0.934711
vt 0.756199 0.914031
vt 0.756199 0.934711
vt 0.769004 0.914031
vt 0.769004 0.934711
vt 0.782566 0.914031
vt 0.782566 0.934711
vt 0.677599 0.914031
vt 0.690846 0.914031
vt 0.690846 0.934711
vt 0.677599 0.934711
vt 0.703709 0.914031
vt 0.703709 0.934711
vt 0.716906 0.914031
vt 0.716906 0.934711
vt 0.677599 0.848324
vt 0.687168 0.838755
vt 0.693935 0.855090
vt 0.677599 0.861857
vt 0.677599 0.848324
vt 0.687169 0.871426
vt 0.700702 0.871425
vt 0.710271 0.861856
vt 0.710270 0.848323
vt 0.700700 0.838754
vt 0.730375 0.893441
vt 0.743167 0.893441
vt 0.756199 0.893441
vt 0.769004 0.893441
vt 0.782565 0.893441
vt 0.677599 0.893441
vt 0.690846 0.893441
vt 0.703709 0.893441
vt 0.716906 0.893441
vt 0.730375 0.872903
vt 0.743167 0.872903
vt 0.756199 0.872903
vt 0.769004 0.872903
vt 0.782566 0.872903
vt 0.677599 0.872903
vt 0.690846 0.872903
vt 0.703709 0.872903
vt 0.716906 0.872903
vt 0.730375 0.955777
vt 0.730375 0.953590
vt 0.743167 0.953590
vt 0.743167 0.955777
vt 0.716906 0.955777
vt 0.716906 0.953590
vt 0.756199 0.953590
vt 0.756199 0.955777
vt 0.769004 0.953590
vt 0.769004 0.955777
vt 0.782566 0.953590
vt 0.776776 0.955777
vt 0.682673 0.955777
vt 0.677599 0.953590
vt 0.690846 0.953590
vt 0.690846 0.955777
vt 0.703709 0.953590
vt 0.703709 0.955777
vt 0.740632 0.860872
vt 0.732005 0.869449
vt 0.725917 0.854796
vt 0.719880 0.869415
vt 0.711311 0.860864
vt 0.711250 0.848739
vt 0.719802 0.840076
vt 0.732000 0.840065
vt 0.740635 0.848681
vt 0.730375 0.914031
vt 0.743167 0.914031
vt 0.743167 0.934711
vt 0.730375 0.934711
vt 0.756199 0.914031
vt 0.756199 0.934711
vt 0.769004 0.914031
vt 0.769004 0.934711
vt 0.782566 0.914031
vt 0.782566 0.934711
vt 0.677599 0.914031
vt 0.690846 0.914031
vt 0.690846 0.934711
vt 0.677599 0.934711
vt 0.703709 0.914031
vt 0.703709 0.934711
vt 0.716906 0.914031
vt 0.716906 0.934711
vt 0.677599 0.848324
vt 0.687168 0.838755
vt 0.693935 0.855090
vt 0.677599 0.861857
vt 0.677599 0.848324
vt 0.687169 0.871426
vt 0.700702 0.871425
vt 0.710271 0.861856
vt 0.710270 0.848323
vt 0.700700 0.838754
vt 0.730375 0.893441
vt 0.743167 0.893441
vt 0.756199 0.893441
vt 0.769004 0.893441
vt 0.782565 0.893441
vt 0.677599 0.893441
vt 0.690846 0.893441
vt 0.703709 0.893441
vt 0.716906 0.893441
vt 0.730375 0.872903
vt 0.743167 0.872903
vt 0.756199 0.872903
vt 0.769004 0.872903
vt 0.782566 0.872903
vt 0.677599 0.872903
vt 0.690846 0.872903
vt 0.703709 0.872903
vt 0.716906 0.872903
vt 0.730375 0.955777
vt 0.730375 0.953590
vt 0.743167 0.953590
vt 0.743167 0.955777
vt 0.716906 0.955777
vt 0.716906 0.953590
vt 0.756199 0.953590
vt 0.756199 0.955777
vt 0.769004 0.953590
vt 0.769004 0.955777
vt 0.782566 0.953590
vt 0.776776 0.955777
vt 0.682673 0.955777
vt 0.677599 0.953590
vt 0.690846 0.953590
vt 0.690846 0.955777
vt 0.703709 0.953590
vt 0.703709 0.955777
vt 0.740632 0.860872
vt 0.732005 0.869449
vt 0.725917 0.854796
vt 0.719880 0.869415
vt 0.711311 0.860864
vt 0.711250 0.848739
vt 0.719802 0.840076
vt 0.732000 0.840065
vt 0.740635 0.848681
vt 0.730375 0.914031
vt 0.743167 0.914031
vt 0.743167 0.934711
vt 0.730375 0.934711
vt 0.756199 0.914031
vt 0.756199 0.934711
vt 0.769004 0.914031
vt 0.769004 0.934711
vt 0.782566 0.914031
vt 0.782566 0.934711
vt 0.677599 0.914031
vt 0.690846 0.914031
vt 0.690846 0.934711
vt 0.677599 0.934711
vt 0.703709 0.914031
vt 0.703709 0.934711
vt 0.716906 0.914031
vt 0.716906 0.934711
vt 0.677599 0.848324
vt 0.687168 0.838755
vt 0.693935 0.855090
vt 0.677599 0.861857
vt 0.677599 0.848324
vt 0.687169 0.871426
vt 0.700702 0.871425
vt 0.710271 0.861856
vt 0.710270 0.848323
vt 0.700700 0.838754
vt 0.730375 0.893441
vt 0.743167 0.893441
vt 0.756199 0.893441
vt 0.769004 0.893441
vt 0.782565 0.893441
vt 0.677599 0.893441
vt 0.690846 0.893441
vt 0.703709 0.893441
vt 0.716906 0.893441
vt 0.730375 0.872903
vt 0.743167 0.872903
vt 0.756199 0.872903
vt 0.769004 0.872903
vt 0.782566 0.872903
vt 0.677599 0.872903
vt 0.690846 0.872903
vt 0.703709 0.872903
vt 0.716906 0.872903
vt 0.730375 0.955777
vt 0.730375 0.953590
vt 0.743167 0.953590
vt 0.743167 0.955777
vt 0.716906 0.955777
vt 0.716906 0.953590
vt 0.756199 0.953590
vt 0.756199 0.955777
vt 0.769004 0.953590
vt 0.769004 0.955777
vt 0.782566 0.953590
vt 0.776776 0.955777
vt 0.682673 0.955777
vt 0.677599 0.953590
vt 0.690846 0.953590
vt 0.690846 0.955777
vt 0.703709 0.953590
vt 0.703709 0.955777
vt 0.740632 0.860872
vt 0.732005 0.869449
vt 0.725917 0.854796
vt 0.719880 0.869415
vt 0.711311 0.860864
vt 0.711250 0.848739
vt 0.719802 0.840076
vt 0.732000 0.840065
vt 0.740635 0.848681
vt 0.730375 0.914031
vt 0.743167 0.914031
vt 0.743167 0.934711
vt 0.730375 0.934711
vt 0.756199 0.914031
vt 0.756199 0.934711
vt 0.769004 0.914031
vt 0.769004 0.934711
vt 0.782566 0.914031
vt 0.782566 0.934711
vt 0.677599 0.914031
vt 0.690846 0.914031
vt 0.690846 0.934711
vt 0.677599 0.934711
vt 0.703709 0.914031
vt 0.703709 0.934711
vt 0.716906 0.914031
vt 0.716906 0.934711
vt 0.677599 0.848324
vt 0.687168 0.838755
vt 0.693935 0.855090
vt 0.677599 0.861857
vt 0.677599 0.848324
vt 0.687169 0.871426
vt 0.700702 0.871425
vt 0.710271 0.861856
vt 0.710270 0.848323
vt 0.700700 0.838754
vt 0.730375 0.893441
vt 0.743167 0.893441
vt 0.756199 0.893441
vt 0.769004 0.893441
vt 0.782565 0.893441
vt 0.677599 0.893441
vt 0.690846 0.893441
vt 0.703709 0.893441
vt 0.716906 0.893441
vt 0.730375 0.872903
vt 0.743167 0.872903
vt 0.756199 0.872903
vt 0.769004 0.872903
vt 0.782566 0.872903
vt 0.677599 0.872903
vt 0.690846 0.872903
vt 0.703709 0.872903
vt 0.716906 0.872903
vt 0.730375 0.955777
vt 0.730375 0.953590
vt 0.743167 0.953590
vt 0.743167 0.955777
vt 0.716906 0.955777
vt 0.716906 0.953590
vt 0.756199 0.953590
vt 0.756199 0.955777
vt 0.769004 0.953590
vt 0.769004 0.955777
vt 0.782566 0.953590
vt 0.776776 0.955777
vt 0.682673 0.955777
vt 0.677599 0.953590
vt 0.690846 0.953590
vt 0.690846 0.955777
vt 0.703709 0.953590
vt 0.703709 0.955777
vt 0.740632 0.860872
vt 0.732005 0.869449
vt 0.725917 0.854796
vt 0.719880 0.869415
vt 0.711311 0.860864
vt 0.711250 0.848739
vt 0.719802 0.840076
vt 0.732000 0.840065
vt 0.740635 0.848681
vt 0.730375 0.914031
vt 0.743167 0.914031
vt 0.743167 0.934711
vt 0.730375 0.934711
vt 0.756199 0.914031
vt 0.756199 0.934711
vt 0.769004 0.914031
vt 0.769004 0.934711
vt 0.782566 0.914031
vt 0.782566 0.934711
vt 0.677599 0.914031
vt 0.690846 0.914031
vt 0.690846 0.934711
vt 0.677599 0.934711
vt 0.703709 0.914031
vt 0.703709 0.934711
vt 0.716906 0.914031
vt 0.716906 0.934711
vt 0.677599 0.848324
vt 0.687168 0.838755
vt 0.693935 0.855090
vt 0.677599 0.861857
vt 0.677599 0.848324
vt 0.687169 0.871426
vt 0.700702 0.871425
vt 0.710271 0.861856
vt 0.710270 0.848323
vt 0.700700 0.838754
vt 0.730375 0.893441
vt 0.743167 0.893441
vt 0.756199 0.893441
vt 0.769004 0.893441
vt 0.782565 0.893441
vt 0.677599 0.893441
vt 0.690846 0.893441
vt 0.703709 0.893441
vt 0.716906 0.893441
vt 0.730375 0.872903
vt 0.743167 0.872903
vt 0.756199 0.872903
vt 0.769004 0.872903
vt 0.782566 0.872903
vt 0.677599 0.872903
vt 0.690846 0.872903
vt 0.703709 0.872903
vt 0.716906 0.872903
vt 0.730375 0.955777
vt 0.730375 0.953590
vt 0.743167 0.953590
vt 0.743167 0.955777
vt 0.716906 0.955777
vt 0.716906 0.953590
vt 0.756199 0.953590
vt 0.756199 0.955777
vt 0.769004 0.953590
vt 0.769004 0.955777
vt 0.782566 0.953590
vt 0.776776 0.955777
vt 0.682673 0.955777
vt 0.677599 0.953590
vt 0.690846 0.953590
vt 0.690846 0.955777
vt 0.703709 0.953590
vt 0.703709 0.955777
vt 0.740632 0.860872
vt 0.732005 0.869449
vt 0.725917 0.854796
vt 0.719880 0.869415
vt 0.711311 0.860864
vt 0.711250 0.848739
vt 0.719802 0.840076
vt 0.732000 0.840065
vt 0.740635 0.848681
vt 0.730375 0.914031
vt 0.743167 0.914031
vt 0.743167 0.934711
vt 0.730375 0.934711
vt 0.756199 0.914031
vt 0.756199 0.934711
vt 0.769004 0.914031
vt 0.769004 0.934711
vt 0.782566 0.914031
vt 0.782566 0.934711
vt 0.677599 0.914031
vt 0.690846 0.914031
vt 0.690846 0.934711
vt 0.677599 0.934711
vt 0.703709 0.914031
vt 0.703709 0.934711
vt 0.716906 0.914031
vt 0.716906 0.934711
vt 0.677599 0.848324
vt 0.687168 0.838755
vt 0.693935 0.855090
vt 0.677599 0.861857
vt 0.677599 0.848324
vt 0.687169 0.871426
vt 0.700702 0.871425
vt 0.710271 0.861856
vt 0.710270 0.848323
vt 0.700700 0.838754
vt 0.730375 0.893441
vt 0.743167 0.893441
vt 0.756199 0.893441
vt 0.769004 0.893441
vt 0.782565 0.893441
vt 0.677599 0.893441
vt 0.690846 0.893441
vt 0.703709 0.893441
vt 0.716906 0.893441
vt 0.730375 0.872903
vt 0.743167 0.872903
vt 0.756199 0.872903
vt 0.769004 0.872903
vt 0.782566 0.872903
vt 0.677599 0.872903
vt 0.690846 0.872903
vt 0.703709 0.872903
vt 0.716906 0.872903
vt 0.730375 0.955777
vt 0.730375 0.953590
vt 0.743167 0.953590
vt 0.743167 0.955777
vt 0.716906 0.955777
vt 0.716906 0.953590
vt 0.756199 0.953590
vt 0.756199 0.955777
vt 0.769004 0.953590
vt 0.769004 0.955777
vt 0.782566 0.953590
vt 0.776776 0.955777
vt 0.682673 0.955777
vt 0.677599 0.953590
vt 0.690846 0.953590
vt 0.690846 0.955777
vt 0.703709 0.953590
vt 0.703709 0.955777
vt 0.740632 0.860872
vt 0.732005 0.869449
vt 0.725917 0.854796
vt 0.719880 0.869415
vt 0.711311 0.860864
vt 0.711250 0.848739
vt 0.719802 0.840076
vt 0.732000 0.840065
vt 0.740635 0.848681
vn -0.992536 -0.042325 0.114375
vn -0.583485 -0.002399 0.812121
vn -0.584193 -0.004542 0.811602
vn -0.991436 0.004407 0.130520
vn 0.136852 0.032161 0.990069
vn 0.149891 -0.021383 0.988471
vn 0.793727 0.046382 0.606503
vn 0.806137 -0.009132 0.591658
vn 0.985971 0.033449 -0.163529
vn 0.981520 0.003197 -0.191332
vn 0.585569 -0.000053 -0.810623
vn 0.551761 0.000234 -0.834002
vn -0.200495 -0.041469 -0.978817
vn -0.200334 -0.001386 -0.979727
vn -0.817774 -0.057984 -0.572611
vn -0.819151 -0.001482 -0.573576
vn 0.000000 -1.000000 0.000000
vn 0.000000 -1.000000 -0.000000
vn 0.000000 -1.000000 0.000000
vn 0.000000 -1.000000 0.000000
vn 0.000000 -1.000000 0.000000
vn 0.000000 -1.000000 0.000000
vn 0.000000 -1.000000 0.000000
vn 0.000000 -1.000000 0.000000
vn 0.000000 -1.000000 0.000000
vn -0.989681 -0.005894 0.143165
vn -0.565021 0.006887 0.825048
vn 0.165379 0.023616 0.985947
vn 0.806654 0.013189 0.590877
vn 0.984452 0.000000 -0.175652
vn 0.571152 0.000000 -0.820844
vn -0.187770 0.000000 -0.982213
vn -0.819152 0.000000 -0.573576
vn -0.989835 0.050088 0.133106
vn -0.571093 0.009970 0.820825
vn 0.175652 0.008384 0.984417
vn 0.819094 0.011833 0.573538
vn 0.985126 0.008385 -0.171630
vn 0.575999 0.009968 -0.817389
vn -0.213464 0.050083 -0.975666
vn -0.816468 0.080897 -0.571695
vn -0.234562 0.971165 0.042641
vn -0.982199 0.102588 0.157358
vn -0.553752 0.062981 0.830296
vn -0.134613 0.970053 0.202181
vn -0.195024 0.971260 -0.136454
vn -0.814818 0.102835 -0.570523
vn 0.188861 -0.001899 0.982002
vn 0.048205 0.968032 0.246153
vn 0.818732 -0.030793 0.573349
vn 0.208650 0.966966 0.146433
vn 0.987384 -0.003409 -0.158306
vn 0.248610 0.967832 -0.038661
vn 0.590824 0.061206 -0.804476
vn 0.144650 0.969724 -0.196751
vn -0.188183 0.101659 -0.976858
vn -0.040498 0.971098 -0.235222
vn 0.000000 1.000000 -0.000000
vn 0.747617 -0.083121 -0.658908
vn 0.023733 -0.006786 -0.999695
vn 0.025194 -0.006809 -0.999659
vn 0.741268 0.008041 -0.671161
vn -0.673558 0.063201 -0.736427
vn -0.683569 -0.040672 -0.728752
vn -0.995103 0.090211 -0.040405
vn -0.999619 -0.015970 -0.022509
vn -0.719505 0.066287 0.691317
vn -0.682328 0.007659 0.731006
vn -0.028612 0.002089 0.999588
vn 0.051452 0.000369 0.998675
vn 0.726203 -0.082192 0.682550
vn 0.730144 -0.003253 0.683285
vn 0.993610 -0.112868 -0.000000
vn 0.999994 -0.003459 0.000000
vn 0.000000 -1.000000 0.000000
vn 0.000000 -1.000000 0.000000
vn 0.000000 -1.000000 0.000000
vn 0.000000 -1.000000 0.000000
vn 0.000000 -1.000000 0.000000
vn 0.000000 -1.000000 0.000000
vn 0.000000 -1.000000 0.000000
vn 0.000000 -1.000000 0.000000
vn 0.000000 -1.000000 0.000000
vn 0.720457 -0.011948 -0.693397
vn -0.020172 0.015546 -0.999676
vn -0.704872 0.046138 -0.707832
vn -0.999436 0.025929 -0.021334
vn -0.704278 -0.000000 0.709924
vn 0.005814 -0.000000 0.999983
vn 0.708742 -0.000000 0.705468
vn 1.000000 -0.000000 0.000000
vn 0.740548 0.100202 -0.664491
vn -0.005886 0.019530 -0.999792
vn -0.709850 0.016519 -0.704160
vn -0.999729 0.023265 0.000000
vn -0.709849 0.016519 0.704160
vn -0.005886 0.019530 0.999792
vn 0.740547 0.100202 0.664492
vn 0.987502 0.157605 0.000000
vn 0.108279 0.987948 -0.110607
vn 0.707033 0.148159 -0.691486
vn -0.042929 0.067845 -0.996772
vn -0.006819 0.987028 -0.160402
vn 0.153943 0.988080 -0.000063
vn 0.988791 0.149310 -0.000021
vn -0.726827 -0.054690 -0.684640
vn -0.123473 0.985634 -0.115240
vn -0.994138 -0.108117 -0.000083
vn -0.172903 0.984939 -0.000221
vn -0.726673 -0.058483 0.684490
vn -0.123939 0.985589 0.115121
vn -0.042704 0.063669 0.997057
vn -0.006909 0.986935 0.160970
vn 0.707333 0.146011 0.691637
vn 0.108506 0.987940 0.110460
vn 0.000000 1.000000 -0.000000
vn 0.525659 -0.037857 -0.849853
vn -0.245106 0.021461 -0.969259
vn -0.240771 0.165905 -0.956298
vn 0.502829 0.124756 -0.855336
vn -0.830850 0.054283 -0.553843
vn -0.820971 0.094609 -0.563077
vn -0.978390 0.069197 0.194846
vn -0.990106 -0.006376 0.140175
vn -0.515005 0.071291 0.854217
vn -0.533050 -0.090968 0.841179
vn 0.233787 0.041837 0.971388
vn 0.300067 -0.144452 0.942918
vn 0.885907 -0.042762 0.461889
vn 0.903520 -0.106518 0.415097
vn 0.953491 -0.075085 -0.291919
vn 0.944004 0.002280 -0.329926
vn 0.000000 -1.000000 0.000000
vn 0.000000 -1.000000 0.000001
vn 0.000000 -1.000000 0.000000
vn 0.000000 -1.000000 0.000000
vn 0.000000 -1.000000 0.000001
vn 0.000000 -1.000000 0.000000
vn 0.000000 -1.000000 -0.000000
vn 0.000000 -1.000000 0.000000
vn 0.000000 -1.000000 0.000001
vn 0.522206 -0.008407 -0.852778
vn -0.272842 0.010305 -0.962004
vn -0.862690 0.033155 -0.504645
vn -0.971061 0.018565 0.238110
vn -0.497519 -0.000000 0.867453
vn 0.262837 -0.000000 0.964840
vn 0.870594 -0.000000 0.492002
vn 0.965925 0.000000 -0.258821
vn 0.538295 0.071050 -0.839756
vn -0.262865 0.014011 -0.964731
vn -0.867399 0.011812 -0.497473
vn -0.965791 0.016659 0.258788
vn -0.502454 0.011813 0.864523
vn 0.254719 0.014010 0.966914
vn 0.886056 0.071052 0.458101
vn 0.959682 0.113519 -0.257148
vn 0.193138 0.969944 0.148011
vn 0.529937 0.360091 -0.767790
vn -0.265458 0.412083 -0.871619
vn 0.027030 0.991440 0.127735
vn 0.290053 0.918624 0.268325
vn 0.969157 0.123951 -0.213005
vn -0.866720 0.223984 -0.445677
vn -0.110155 0.968592 0.222927
vn -0.969287 -0.049943 0.240808
vn -0.137153 0.914364 0.380956
vn -0.530475 -0.251856 0.809422
vn -0.035196 0.861776 0.506067
vn 0.219293 -0.272695 0.936775
vn 0.132711 0.842427 0.522212
vn 0.866261 -0.114235 0.486356
vn 0.266753 0.866958 0.420983
vn 0.088521 0.939693 0.330366
vn -0.658907 -0.083125 -0.747618
vn -0.999695 -0.006788 -0.023733
vn -0.999659 -0.006804 -0.025200
vn -0.671198 0.008054 -0.741234
vn -0.736426 0.063202 0.673559
vn -0.728785 -0.040679 0.683534
vn -0.040408 0.090214 0.995102
vn -0.022510 -0.015970 0.999619
vn 0.691315 0.066287 0.719507
vn 0.731039 0.007648 0.682293
vn 0.999588 0.002086 0.028612
vn 0.998676 0.000371 -0.051450
vn 0.682548 -0.082196 -0.726204
vn 0.683321 -0.003241 -0.730111
vn 0.000000 -0.112871 -0.993610
vn 0.000000 -0.003453 -0.999994
vn 0.000000 -1.000000 0.000000
vn 0.000000 -1.000000 0.000000
vn 0.000000 -1.000000 0.000000
vn 0.000000 -1.000000 0.000000
vn 0.000000 -1.000000 0.000000
vn 0.000000 -1.000000 0.000000
vn 0.000000 -1.000000 -0.000000
vn 0.000000 -1.000000 -0.000000
vn 0.000000 -1.000000 0.000000
vn -0.693399 -0.011948 -0.720455
vn -0.999676 0.015547 0.020171
vn -0.707834 0.046140 0.704871
vn -0.021336 0.025929 0.999436
vn 0.709926 0.000000 0.704276
vn 0.999983 -0.000001 -0.005815
vn 0.705471 -0.000001 -0.708739
vn -0.000000 -0.000000 -1.000000
vn -0.664489 0.100210 -0.740548
vn -0.999792 0.019534 0.005887
vn -0.704158 0.016524 0.709852
vn 0.000000 0.023269 0.999729
vn 0.704158 0.016526 0.709851
vn 0.999792 0.019535 0.005887
vn 0.664489 0.100210 -0.740548
vn 0.000000 0.157617 -0.987500
vn -0.110278 0.987998 -0.108157
vn -0.691537 0.148303 -0.706953
vn -0.996750 0.068118 0.043014
vn -0.159686 0.987145 0.006752
vn -0.000061 0.988079 -0.153950
vn -0.000021 0.149304 -0.988791
vn -0.684706 -0.054508 0.726778
vn -0.114927 0.985685 0.123354
vn -0.000083 -0.108126 0.994137
vn -0.000220 0.984939 0.172905
vn 0.684556 -0.058308 0.726624
vn 0.114804 0.985641 0.123821
vn 0.997037 0.063924 0.042788
vn 0.160274 0.987049 0.006840
vn 0.691690 0.146145 -0.707253
vn 0.110134 0.987990 -0.108385
vn 0.000000 1.000000 -0.000000
vn 0.747618 -0.083121 -0.658907
vn 0.023733 -0.006787 -0.999695
vn 0.024350 -0.006789 -0.999680
vn 0.742423 0.005180 -0.669911
vn -0.673561 0.063201 -0.736424
vn -0.683371 -0.035209 -0.729221
vn -0.995103 0.090211 -0.040406
vn -0.999703 -0.005461 -0.023746
vn -0.719503 0.066286 0.691319
vn -0.681894 0.015715 0.731282
vn -0.028610 0.002088 0.999588
vn 0.051987 0.000756 0.998648
vn 0.726200 -0.082192 0.682552
vn 0.730779 -0.006655 0.682582
vn 0.993610 -0.112868 0.000000
vn 0.999975 -0.007067 -0.000000
vn 0.000000 -1.000000 0.000000
vn 0.000000 -1.000000 -0.000000
vn 0.000000 -1.000000 -0.000000
vn 0.000000 -1.000000 0.000000
vn 0.000000 -1.000000 0.000000
vn 0.000000 -1.000000 0.000000
vn 0.000000 -1.000000 0.000000
vn 0.000000 -1.000000 0.000000
vn 0.000000 -1.000000 -0.000000
vn 0.720459 -0.011948 -0.693394
vn -0.020172 0.015546 -0.999676
vn -0.704875 0.046138 -0.707830
vn -0.999436 0.025929 -0.021334
vn -0.704275 -0.000000 0.709927
vn 0.005814 0.000000 0.999983
vn 0.708738 0.000000 0.705471
vn 1.000000 0.000000 0.000000
vn 0.740550 0.100201 -0.664489
vn -0.005886 0.019530 -0.999792
vn -0.709852 0.016519 -0.704157
vn -0.999729 0.023264 0.000000
vn -0.709847 0.016519 0.704162
vn -0.005885 0.019530 0.999792
vn 0.740546 0.100203 0.664494
vn 0.987502 0.157605 0.000000
vn 0.187046 0.963635 -0.190843
vn 0.697917 0.223662 -0.680358
vn -0.036058 0.152034 -0.987717
vn -0.013019 0.960827 -0.276844
vn 0.266714 0.963776 -0.000221
vn 0.975173 0.221443 -0.000083
vn -0.723650 0.035447 -0.689256
vn -0.217306 0.955149 -0.201168
vn -0.999841 -0.017844 -0.000324
vn -0.305878 0.952070 -0.000790
vn -0.724047 0.027932 0.689185
vn -0.219689 0.954415 0.202063
vn -0.035349 0.143746 0.988983
vn -0.013110 0.959588 0.281102
vn 0.698949 0.219562 0.680634
vn 0.188232 0.963369 0.191021
vn 0.000000 1.000000 0.000000
vn 0.747435 -0.042325 -0.662985
vn 0.012148 -0.002399 -0.999923
vn 0.013026 -0.004542 -0.999905
vn 0.737274 0.004408 -0.675579
vn -0.679984 0.032161 -0.732521
vn -0.689749 -0.021383 -0.723733
vn -0.998059 0.046383 -0.041554
vn -0.999710 -0.009132 -0.022277
vn -0.713863 0.033449 0.699486
vn -0.694263 0.003195 0.719714
vn -0.014716 -0.000054 0.999892
vn 0.026387 0.000235 0.999652
vn 0.725661 -0.041469 0.686802
vn 0.726043 -0.001384 0.687648
vn 0.998318 -0.057984 0.000000
vn 0.999999 -0.001481 0.000000
vn 0.000000 -1.000000 0.000000
vn 0.000000 -1.000000 -0.000000
vn 0.000000 -1.000000 -0.000000
vn 0.000000 -1.000000 -0.000000
vn 0.000000 -1.000000 -0.000000
vn 0.000000 -1.000000 0.000000
vn 0.000000 -1.000000 0.000000
vn 0.000000 -1.000000 0.000000
vn 0.000000 -1.000000 -0.000000
vn 0.728584 -0.005894 -0.684931
vn -0.010391 0.006887 -0.999922
vn -0.700988 0.023616 -0.712782
vn -0.999685 0.013189 -0.021339
vn -0.705666 0.000000 0.708545
vn 0.002956 -0.000000 0.999996
vn 0.717187 -0.000000 0.696881
vn 1.000000 0.000000 0.000000
vn 0.734479 0.050088 -0.676780
vn -0.002995 0.009969 -0.999946
vn -0.708525 0.008384 -0.705636
vn -0.999930 0.011832 0.000000
vn -0.708524 0.008384 0.705637
vn -0.002995 0.009969 0.999946
vn 0.734479 0.050088 0.676780
vn 0.996722 0.080900 0.000000
vn 0.167684 0.971165 -0.169469
vn 0.714314 0.102590 -0.692266
vn -0.022632 0.062982 -0.997758
vn -0.005699 0.970053 -0.242829
vn 0.238021 0.971260 -0.000084
vn 0.994698 0.102836 -0.000016
vn -0.717960 -0.001899 -0.696082
vn -0.180679 0.968031 -0.173987
vn -0.999526 -0.030794 -0.000053
vn -0.254909 0.966965 -0.000274
vn -0.717991 -0.003377 0.696044
vn -0.181432 0.967862 0.174141
vn -0.022557 0.061272 0.997866
vn -0.005624 0.969804 0.243820
vn 0.714427 0.101684 0.692282
vn 0.168046 0.971128 0.169327
vn 0.000000 1.000000 0.000000
vn -0.684846 -0.037855 -0.727704
vn -0.999670 0.021462 -0.014109
vn -0.986032 0.165885 -0.014941
vn -0.696038 0.124740 -0.707086
vn -0.750009 0.054283 0.659196
vn -0.756364 0.094595 0.647275
vn -0.065023 0.069197 0.995482
vn -0.120862 -0.006381 0.992649
vn 0.691815 0.071292 0.718547
vn 0.674553 -0.090966 0.732601
vn 0.998797 0.041837 0.025592
vn 0.988451 -0.144452 -0.045798
vn 0.675442 -0.042759 -0.736172
vn 0.634803 -0.106520 -0.765296
vn -0.035187 -0.075081 -0.996556
vn -0.074357 0.002278 -0.997229
vn 0.000000 -1.000000 -0.000001
vn 0.000000 -1.000000 -0.000001
vn 0.000000 -1.000000 0.000000
vn 0.000000 -1.000000 0.000001
vn 0.000000 -1.000000 0.000000
vn 0.000000 -1.000000 0.000001
vn 0.000000 -1.000000 0.000001
vn 0.000000 -1.000000 -0.000001
vn 0.000000 -1.000000 0.000000
vn -0.688565 -0.008406 -0.725126
vn -0.999841 0.010306 0.014559
vn -0.710729 0.033156 0.702684
vn -0.021337 0.018565 0.999600
vn 0.709128 -0.000000 0.705080
vn 0.999991 -0.000000 -0.004162
vn 0.700564 0.000000 -0.713589
vn -0.000000 0.000000 -1.000000
vn -0.671823 0.071049 -0.737296
vn -0.999893 0.014012 0.004215
vn -0.705020 0.011814 0.709089
vn 0.000000 0.016658 0.999861
vn 0.705020 0.011814 0.709089
vn 0.999893 0.014012 0.004215
vn 0.671823 0.071049 -0.737296
vn -0.000000 0.113515 -0.993536
vn 0.192738 0.969975 -0.148327
vn -0.604459 0.360016 -0.710646
vn -0.910690 0.411942 0.030783
vn 0.129828 0.991512 0.006987
vn 0.334255 0.918625 -0.210717
vn 0.045089 0.123951 -0.991263
vn -0.654799 0.223884 0.721882
vn 0.186600 0.968621 0.164178
vn -0.018267 -0.049945 0.998585
vn 0.332477 0.914363 0.231084
vn 0.644546 -0.251857 0.721892
vn 0.479712 0.861777 0.164977
vn 0.961612 -0.272699 0.030636
vn 0.538767 0.842426 0.006966
vn 0.693987 -0.114240 -0.710866
vn 0.475676 0.866960 -0.148707
vn 0.342020 0.939693 -0.000001
vn -0.918051 -0.037855 0.394652
vn -0.355165 0.021465 0.934557
vn -0.351285 0.165903 0.921453
vn -0.902494 0.124753 0.412239
vn 0.362922 0.054284 0.930237
vn 0.349528 0.094604 0.932138
vn 0.913208 0.069198 0.401576
vn 0.891446 -0.006382 0.453083
vn 0.911829 0.071296 -0.404332
vn 0.919117 -0.090989 -0.383334
vn 0.365658 0.041840 -0.929808
vn 0.295033 -0.144476 -0.944501
vn -0.460761 -0.042759 -0.886494
vn -0.502001 -0.106530 -0.858281
vn -0.948492 -0.075082 -0.307776
vn -0.962520 0.002278 -0.271201
vn 0.000000 -1.000000 -0.000001
vn 0.000000 -1.000000 -0.000001
vn 0.000000 -1.000000 0.000000
vn 0.000000 -1.000000 0.000000
vn 0.000000 -1.000000 0.000000
vn 0.000000 -1.000000 0.000001
vn 0.000000 -1.000000 0.000001
vn 0.000000 -1.000000 0.000001
vn 0.000000 -1.000000 0.000000
vn -0.916900 -0.008406 0.399028
vn -0.328283 0.010307 0.944523
vn 0.417226 0.033157 0.908198
vn 0.932018 0.018565 0.361936
vn 0.905093 -0.000000 -0.425213
vn 0.338107 -0.000000 -0.941108
vn -0.430949 0.000000 -0.902376
vn -0.939693 0.000000 -0.342019
vn -0.922611 0.071049 0.379131
vn -0.338023 0.014009 0.941034
vn 0.425199 0.011811 0.905023
vn 0.939563 0.016656 0.341971
vn 0.907458 0.011807 -0.419976
vn 0.345944 0.014005 -0.938151
vn -0.463056 0.071047 -0.883477
vn -0.933619 0.113516 -0.339808
vn -0.073318 0.969943 -0.232022
vn -0.874483 0.360092 0.324982
vn -0.282495 0.412078 0.866250
vn 0.051123 0.991440 -0.120139
vn -0.083697 0.918623 -0.386169
vn -0.916062 0.123951 -0.381402
vn 0.454346 0.223975 0.862209
vn 0.218094 0.968593 -0.119425
vn 0.932116 -0.049949 0.358699
vn 0.330855 0.914365 -0.233394
vn 0.898791 -0.251796 -0.358849
vn 0.318965 0.861893 -0.394209
vn 0.357727 -0.272553 -0.893166
vn 0.190631 0.842716 -0.503478
vn -0.430574 -0.114190 -0.895303
vn 0.022961 0.867073 -0.497652
vn 0.116978 0.939693 -0.321392
vn 0.287791 -0.037856 -0.956945
vn -0.487616 0.021461 -0.872795
vn -0.480074 0.165904 -0.861397
vn 0.264319 0.124755 -0.956333
vn -0.945885 0.054282 -0.319928
vn -0.938732 0.094605 -0.331409
vn -0.894624 0.069197 0.441429
vn -0.920090 -0.006382 0.391654
vn -0.276376 0.071293 0.958402
vn -0.297147 -0.090990 0.950486
vn 0.477233 0.041836 0.877780
vn 0.533884 -0.144479 0.833123
vn 0.975265 -0.042760 0.216863
vn 0.980161 -0.106531 0.167137
vn 0.845450 -0.075082 -0.528751
vn 0.826448 0.002278 -0.563009
vn 0.000000 -1.000000 -0.000000
vn 0.000000 -1.000000 -0.000000
vn 0.000000 -1.000000 0.000000
vn 0.000000 -1.000000 0.000000
vn 0.000000 -1.000000 0.000000
vn 0.000000 -1.000000 0.000000
vn 0.000000 -1.000000 0.000000
vn 0.000000 -1.000000 0.000000
vn 0.000000 -1.000000 0.000000
vn 0.283698 -0.008406 -0.958877
vn -0.512529 0.010306 -0.858608
vn -0.963907 0.033156 -0.264168
vn -0.876348 0.018565 0.481321
vn -0.256056 -0.000000 0.966662
vn 0.503600 0.000000 0.863937
vn 0.968269 0.000000 0.249910
vn 0.866025 0.000000 -0.500000
vn 0.302608 0.071048 -0.950463
vn -0.503595 0.014011 -0.863826
vn -0.966599 0.011811 -0.256020
vn -0.865905 0.016656 0.499931
vn -0.261582 0.011812 0.965109
vn 0.496296 0.014014 0.868041
vn 0.974429 0.071052 0.213167
vn 0.860428 0.113515 -0.496767
vn 0.224868 0.969943 0.092979
vn 0.313160 0.360093 -0.878785
vn -0.482004 0.412083 -0.773214
vn 0.059170 0.991440 0.116388
vn 0.349613 0.918626 0.184112
vn 0.881006 0.123949 -0.456579
vn -0.952539 0.223978 -0.206162
vn -0.048704 0.968592 0.243840
vn -0.873933 -0.049946 0.483474
vn -0.033879 0.914363 0.403475
vn -0.302834 -0.251795 0.919179
vn 0.096960 0.861895 0.497730
vn 0.454265 -0.272553 0.848150
vn 0.263149 0.842721 0.469654
vn 0.962608 -0.114189 0.245654
vn 0.366451 0.867081 0.337469
vn 0.171010 0.939693 0.296198
s 1
g Sve4i3
usemtl lambert15SG
f 11/1/1 12/2/2 26/3/3 19/4/4
f 12/2/2 13/5/5 25/6/6 26/3/3
f 13/5/5 14/7/7 24/8/8 25/6/6
f 14/7/7 15/9/9 23/50/10 24/8/8
f 15/61/9 16/11/11 22/12/12 23/10/10
f 16/11/11 17/13/13 21/14/14 22/12/12
f 17/13/13 18/15/15 20/16/16 21/14/14
f 18/15/15 11/1/1 19/4/4 20/16/16
s 2
f 2/72/17 1/73/18 9/18/19
f 3/19/20 2/17/17 9/18/19
f 4/20/21 3/19/20 9/18/19
f 5/21/22 4/20/21 9/18/19
f 6/22/23 5/21/22 9/18/19
f 7/23/24 6/22/23 9/18/19
f 8/32/25 7/23/24 9/18/19
f 1/73/18 8/32/25 9/18/19
s 1
f 27/24/26 28/25/27 12/2/2 11/1/1
f 28/25/27 29/26/28 13/5/5 12/2/2
f 29/26/28 30/27/29 14/7/7 13/5/5
f 30/27/29 31/60/30 15/9/9 14/7/7
f 31/28/30 32/29/31 16/11/11 15/61/9
f 32/29/31 33/30/32 17/13/13 16/11/11
f 33/30/32 34/31/33 18/15/15 17/13/13
f 34/31/33 27/24/26 11/1/1 18/15/15
f 1/65/34 2/70/35 28/25/27 27/24/26
f 2/70/35 3/69/36 29/26/28 28/25/27
f 3/69/36 4/68/37 30/27/29 29/26/28
f 4/68/37 5/62/38 31/60/30 30/27/29
f 5/63/38 6/67/39 32/29/31 31/28/30
f 6/67/39 7/66/40 33/30/32 32/29/31
f 7/66/40 8/64/41 34/31/33 33/30/32
f 8/64/41 1/65/34 27/24/26 34/31/33
f 35/59/42 36/33/43 38/34/44 37/58/45
f 36/33/43 35/59/42 49/53/46 50/37/47
f 37/58/45 38/34/44 40/38/48 39/57/49
f 39/57/49 40/38/48 42/40/50 41/56/51
f 41/56/51 42/40/50 44/42/52 43/52/53
f 43/51/53 44/49/52 46/44/54 45/55/55
f 45/55/55 46/44/54 48/46/56 47/54/57
f 47/54/57 48/46/56 50/37/47 49/53/46
f 35/35/42 37/36/45 10/39/58
f 37/36/45 39/41/49 10/39/58
f 39/41/49 41/43/51 10/39/58
f 41/43/51 43/45/53 10/39/58
f 43/45/53 45/47/55 10/39/58
f 45/47/55 47/48/57 10/39/58
f 47/48/57 49/71/46 10/39/58
f 49/71/46 35/35/42 10/39/58
f 20/16/16 19/4/4 36/33/43 50/37/47
f 21/14/14 20/16/16 50/37/47 48/46/56
f 22/12/12 21/14/14 48/46/56 46/44/54
f 23/10/10 22/12/12 46/44/54 44/49/52
f 24/8/8 23/50/10 44/42/52 42/40/50
f 25/6/6 24/8/8 42/40/50 40/38/48
f 26/3/3 25/6/6 40/38/48 38/34/44
f 19/4/4 26/3/3 38/34/44 36/33/43
s 4
f 61/74/59 62/75/60 76/76/61 69/77/62
f 62/75/60 63/78/63 75/79/64 76/76/61
f 63/78/63 64/80/65 74/81/66 75/79/64
f 64/80/65 65/82/67 73/83/68 74/81/66
f 65/84/67 66/85/69 72/86/70 73/87/68
f 66/85/69 67/88/71 71/89/72 72/86/70
f 67/88/71 68/90/73 70/91/74 71/89/72
f 68/90/73 61/74/59 69/77/62 70/91/74
s 5
f 52/92/75 51/93/76 59/94/77
f 53/95/78 52/96/75 59/94/77
f 54/97/79 53/95/78 59/94/77
f 55/98/80 54/97/79 59/94/77
f 56/99/81 55/98/80 59/94/77
f 57/100/82 56/99/81 59/94/77
f 58/101/83 57/100/82 59/94/77
f 51/93/76 58/101/83 59/94/77
s 4
f 77/102/84 78/103/85 62/75/60 61/74/59
f 78/103/85 79/104/86 63/78/63 62/75/60
f 79/104/86 80/105/87 64/80/65 63/78/63
f 80/105/87 81/106/88 65/82/67 64/80/65
f 81/107/88 82/108/89 66/85/69 65/84/67
f 82/108/89 83/109/90 67/88/71 66/85/69
f 83/109/90 84/110/91 68/90/73 67/88/71
f 84/110/91 77/102/84 61/74/59 68/90/73
f 51/111/92 52/112/93 78/103/85 77/102/84
f 52/112/93 53/113/94 79/104/86 78/103/85
f 53/113/94 54/114/95 80/105/87 79/104/86
f 54/114/95 55/115/96 81/106/88 80/105/87
f 55/116/96 56/117/97 82/108/89 81/107/88
f 56/117/97 57/118/98 83/109/90 82/108/89
f 57/118/98 58/119/99 84/110/91 83/109/90
f 58/119/99 51/111/92 77/102/84 84/110/91
f 85/120/100 86/121/101 88/122/102 87/123/103
f 86/121/101 85/120/100 99/124/104 100/125/105
f 87/123/103 88/122/102 90/126/106 89/127/107
f 89/127/107 90/126/106 92/128/108 91/129/109
f 91/129/109 92/128/108 94/130/110 93/131/111
f 93/132/111 94/133/110 96/134/112 95/135/113
f 95/135/113 96/134/112 98/136/114 97/137/115
f 97/137/115 98/136/114 100/125/105 99/124/104
f 85/138/100 87/139/103 60/140/116
f 87/139/103 89/141/107 60/140/116
f 89/141/107 91/142/109 60/140/116
f 91/142/109 93/143/111 60/140/116
f 93/143/111 95/144/113 60/140/116
f 95/144/113 97/145/115 60/140/116
f 97/145/115 99/146/104 60/140/116
f 99/146/104 85/138/100 60/140/116
f 70/91/74 69/77/62 86/121/101 100/125/105
f 71/89/72 70/91/74 100/125/105 98/136/114
f 72/86/70 71/89/72 98/136/114 96/134/112
f 73/87/68 72/86/70 96/134/112 94/133/110
f 74/81/66 73/83/68 94/130/110 92/128/108
f 75/79/64 74/81/66 92/128/108 90/126/106
f 76/76/61 75/79/64 90/126/106 88/122/102
f 69/77/62 76/76/61 88/122/102 86/121/101
s 7
f 111/147/117 112/148/118 126/149/119 119/150/120
f 112/148/118 113/151/121 125/152/122 126/149/119
f 113/151/121 114/153/123 124/154/124 125/152/122
f 114/153/123 115/155/125 123/156/126 124/154/124
f 115/157/125 116/158/127 122/159/128 123/160/126
f 116/158/127 117/161/129 121/162/130 122/159/128
f 117/161/129 118/163/131 120/164/132 121/162/130
f 118/163/131 111/147/117 119/150/120 120/164/132
s 8
f 102/165/133 101/166/134 109/167/135
f 103/168/136 102/169/133 109/167/135
f 104/170/137 103/168/136 109/167/135
f 105/171/138 104/170/137 109/167/135
f 106/172/139 105/171/138 109/167/135
f 107/173/140 106/172/139 109/167/135
f 108/174/141 107/173/140 109/167/135
f 101/166/134 108/174/141 109/167/135
s 7
f 127/175/142 128/176/143 112/148/118 111/147/117
f 128/176/143 129/177/144 113/151/121 112/148/118
f 129/177/144 130/178/145 114/153/123 113/151/121
f 130/178/145 131/179/146 115/155/125 114/153/123
f 131/180/146 132/181/147 116/158/127 115/157/125
f 132/181/147 133/182/148 117/161/129 116/158/127
f 133/182/148 134/183/149 118/163/131 117/161/129
f 134/183/149 127/175/142 111/147/117 118/163/131
f 101/184/150 102/185/151 128/176/143 127/175/142
f 102/185/151 103/186/152 129/177/144 128/176/143
f 103/186/152 104/187/153 130/178/145 129/177/144
f 104/187/153 105/188/154 131/179/146 130/178/145
f 105/189/154 106/190/155 132/181/147 131/180/146
f 106/190/155 107/191/156 133/182/148 132/181/147
f 107/191/156 108/192/157 134/183/149 133/182/148
f 108/192/157 101/184/150 127/175/142 134/183/149
f 135/193/158 136/194/159 138/195/160 137/196/161
f 136/194/159 135/193/158 149/197/162 150/198/163
f 137/196/161 138/195/160 140/199/164 139/200/165
f 139/200/165 140/199/164 142/201/166 141/202/167
f 141/202/167 142/201/166 144/203/168 143/204/169
f 143/205/169 144/206/168 146/207/170 145/208/171
f 145/208/171 146/207/170 148/209/172 147/210/173
f 147/210/173 148/209/172 150/198/163 149/197/162
f 135/211/158 137/212/161 110/213/174
f 137/212/161 139/214/165 110/213/174
f 139/214/165 141/215/167 110/213/174
f 141/215/167 143/216/169 110/213/174
f 143/216/169 145/217/171 110/213/174
f 145/217/171 147/218/173 110/213/174
f 147/218/173 149/219/162 110/213/174
f 149/219/162 135/211/158 110/213/174
f 120/164/132 119/150/120 136/194/159 150/198/163
f 121/162/130 120/164/132 150/198/163 148/209/172
f 122/159/128 121/162/130 148/209/172 146/207/170
f 123/160/126 122/159/128 146/207/170 144/206/168
f 124/154/124 123/156/126 144/203/168 142/201/166
f 125/152/122 124/154/124 142/201/166 140/199/164
f 126/149/119 125/152/122 140/199/164 138/195/160
f 119/150/120 126/149/119 138/195/160 136/194/159
s 10
f 161/220/175 162/221/176 176/222/177 169/223/178
f 162/221/176 163/224/179 175/225/180 176/222/177
f 163/224/179 164/226/181 174/227/182 175/225/180
f 164/226/181 165/228/183 173/229/184 174/227/182
f 165/230/183 166/231/185 172/232/186 173/233/184
f 166/231/185 167/234/187 171/235/188 172/232/186
f 167/234/187 168/236/189 170/237/190 171/235/188
f 168/236/189 161/220/175 169/223/178 170/237/190
s 11
f 152/238/191 151/239/192 159/240/193
f 153/241/194 152/242/191 159/240/193
f 154/243/195 153/241/194 159/240/193
f 155/244/196 154/243/195 159/240/193
f 156/245/197 155/244/196 159/240/193
f 157/246/198 156/245/197 159/240/193
f 158/247/199 157/246/198 159/240/193
f 151/239/192 158/247/199 159/240/193
s 10
f 177/248/200 178/249/201 162/221/176 161/220/175
f 178/249/201 179/250/202 163/224/179 162/221/176
f 179/250/202 180/251/203 164/226/181 163/224/179
f 180/251/203 181/252/204 165/228/183 164/226/181
f 181/253/204 182/254/205 166/231/185 165/230/183
f 182/254/205 183/255/206 167/234/187 166/231/185
f 183/255/206 184/256/207 168/236/189 167/234/187
f 184/256/207 177/248/200 161/220/175 168/236/189
f 151/257/208 152/258/209 178/249/201 177/248/200
f 152/258/209 153/259/210 179/250/202 178/249/201
f 153/259/210 154/260/211 180/251/203 179/250/202
f 154/260/211 155/261/212 181/252/204 180/251/203
f 155/262/212 156/263/213 182/254/205 181/253/204
f 156/263/213 157/264/214 183/255/206 182/254/205
f 157/264/214 158/265/215 184/256/207 183/255/206
f 158/265/215 151/257/208 177/248/200 184/256/207
f 185/266/216 186/267/217 188/268/218 187/269/219
f 186/267/217 185/266/216 199/270/220 200/271/221
f 187/269/219 188/268/218 190/272/222 189/273/223
f 189/273/223 190/272/222 192/274/224 191/275/225
f 191/275/225 192/274/224 194/276/226 193/277/227
f 193/278/227 194/279/226 196/280/228 195/281/229
f 195/281/229 196/280/228 198/282/230 197/283/231
f 197/283/231 198/282/230 200/271/221 199/270/220
f 185/284/216 187/285/219 160/286/232
f 187/285/219 189/287/223 160/286/232
f 189/287/223 191/288/225 160/286/232
f 191/288/225 193/289/227 160/286/232
f 193/289/227 195/290/229 160/286/232
f 195/290/229 197/291/231 160/286/232
f 197/291/231 199/292/220 160/286/232
f 199/292/220 185/284/216 160/286/232
f 170/237/190 169/223/178 186/267/217 200/271/221
f 171/235/188 170/237/190 200/271/221 198/282/230
f 172/232/186 171/235/188 198/282/230 196/280/228
f 173/233/184 172/232/186 196/280/228 194/279/226
f 174/227/182 173/229/184 194/276/226 192/274/224
f 175/225/180 174/227/182 192/274/224 190/272/222
f 176/222/177 175/225/180 190/272/222 188/268/218
f 169/223/178 176/222/177 188/268/218 186/267/217
s 13
f 211/293/233 212/294/234 226/295/235 219/296/236
f 212/294/234 213/297/237 225/298/238 226/295/235
f 213/297/237 214/299/239 224/300/240 225/298/238
f 214/299/239 215/301/241 223/302/242 224/300/240
f 215/303/241 216/304/243 222/305/244 223/306/242
f 216/304/243 217/307/245 221/308/246 222/305/244
f 217/307/245 218/309/247 220/310/248 221/308/246
f 218/309/247 211/293/233 219/296/236 220/310/248
s 14
f 202/311/249 201/312/250 209/313/251
f 203/314/252 202/315/249 209/313/251
f 204/316/253 203/314/252 209/313/251
f 205/317/254 204/316/253 209/313/251
f 206/318/255 205/317/254 209/313/251
f 207/319/256 206/318/255 209/313/251
f 208/320/257 207/319/256 209/313/251
f 201/312/250 208/320/257 209/313/251
s 13
f 227/321/258 228/322/259 212/294/234 211/293/233
f 228/322/259 229/323/260 213/297/237 212/294/234
f 229/323/260 230/324/261 214/299/239 213/297/237
f 230/324/261 231/325/262 215/301/241 214/299/239
f 231/326/262 232/327/263 216/304/243 215/303/241
f 232/327/263 233/328/264 217/307/245 216/304/243
f 233/328/264 234/329/265 218/309/247 217/307/245
f 234/329/265 227/321/258 211/293/233 218/309/247
f 201/330/266 202/331/267 228/322/259 227/321/258
f 202/331/267 203/332/268 229/323/260 228/322/259
f 203/332/268 204/333/269 230/324/261 229/323/260
f 204/333/269 205/334/270 231/325/262 230/324/261
f 205/335/270 206/336/271 232/327/263 231/326/262
f 206/336/271 207/337/272 233/328/264 232/327/263
f 207/337/272 208/338/273 234/329/265 233/328/264
f 208/338/273 201/330/266 227/321/258 234/329/265
f 235/339/274 236/340/275 238/341/276 237/342/277
f 236/340/275 235/339/274 249/343/278 250/344/279
f 237/342/277 238/341/276 240/345/280 239/346/281
f 239/346/281 240/345/280 242/347/282 241/348/283
f 241/348/283 242/347/282 244/349/284 243/350/285
f 243/351/285 244/352/284 246/353/286 245/354/287
f 245/354/287 246/353/286 248/355/288 247/356/289
f 247/356/289 248/355/288 250/344/279 249/343/278
f 235/357/274 237/358/277 210/359/290
f 237/358/277 239/360/281 210/359/290
f 239/360/281 241/361/283 210/359/290
f 241/361/283 243/362/285 210/359/290
f 243/362/285 245/363/287 210/359/290
f 245/363/287 247/364/289 210/359/290
f 247/364/289 249/365/278 210/359/290
f 249/365/278 235/357/274 210/359/290
f 220/310/248 219/296/236 236/340/275 250/344/279
f 221/308/246 220/310/248 250/344/279 248/355/288
f 222/305/244 221/308/246 248/355/288 246/353/286
f 223/306/242 222/305/244 246/353/286 244/352/284
f 224/300/240 223/302/242 244/349/284 242/347/282
f 225/298/238 224/300/240 242/347/282 240/345/280
f 226/295/235 225/298/238 240/345/280 238/341/276
f 219/296/236 226/295/235 238/341/276 236/340/275
s 16
f 261/366/291 262/367/292 276/368/293 269/369/294
f 262/367/292 263/370/295 275/371/296 276/368/293
f 263/370/295 264/372/297 274/373/298 275/371/296
f 264/372/297 265/374/299 273/375/300 274/373/298
f 265/376/299 266/377/301 272/378/302 273/379/300
f 266/377/301 267/380/303 271/381/304 272/378/302
f 267/380/303 268/382/305 270/383/306 271/381/304
f 268/382/305 261/366/291 269/369/294 270/383/306
s 17
f 252/384/307 251/385/308 259/386/309
f 253/387/310 252/388/307 259/386/309
f 254/389/311 253/387/310 259/386/309
f 255/390/312 254/389/311 259/386/309
f 256/391/313 255/390/312 259/386/309
f 257/392/314 256/391/313 259/386/309
f 258/393/315 257/392/314 259/386/309
f 251/385/308 258/393/315 259/386/309
s 16
f 277/394/316 278/395/317 262/367/292 261/366/291
f 278/395/317 279/396/318 263/370/295 262/367/292
f 279/396/318 280/397/319 264/372/297 263/370/295
f 280/397/319 281/398/320 265/374/299 264/372/297
f 281/399/320 282/400/321 266/377/301 265/376/299
f 282/400/321 283/401/322 267/380/303 266/377/301
f 283/401/322 284/402/323 268/382/305 267/380/303
f 284/402/323 277/394/316 261/366/291 268/382/305
f 251/403/324 252/404/325 278/395/317 277/394/316
f 252/404/325 253/405/326 279/396/318 278/395/317
f 253/405/326 254/406/327 280/397/319 279/396/318
f 254/406/327 255/407/328 281/398/320 280/397/319
f 255/408/328 256/409/329 282/400/321 281/399/320
f 256/409/329 257/410/330 283/401/322 282/400/321
f 257/410/330 258/411/331 284/402/323 283/401/322
f 258/411/331 251/403/324 277/394/316 284/402/323
f 285/412/332 286/413/333 288/414/334 287/415/335
f 286/413/333 285/412/332 299/416/336 300/417/337
f 287/415/335 288/414/334 290/418/338 289/419/339
f 289/419/339 290/418/338 292/420/340 291/421/341
f 291/421/341 292/420/340 294/422/342 293/423/343
f 293/424/343 294/425/342 296/426/344 295/427/345
f 295/427/345 296/426/344 298/428/346 297/429/347
f 297/429/347 298/428/346 300/417/337 299/416/336
f 285/430/332 287/431/335 260/432/348
f 287/431/335 289/433/339 260/432/348
f 289/433/339 291/434/341 260/432/348
f 291/434/341 293/435/343 260/432/348
f 293/435/343 295/436/345 260/432/348
f 295/436/345 297/437/347 260/432/348
f 297/437/347 299/438/336 260/432/348
f 299/438/336 285/430/332 260/432/348
f 270/383/306 269/369/294 286/413/333 300/417/337
f 271/381/304 270/383/306 300/417/337 298/428/346
f 272/378/302 271/381/304 298/428/346 296/426/344
f 273/379/300 272/378/302 296/426/344 294/425/342
f 274/373/298 273/375/300 294/422/342 292/420/340
f 275/371/296 274/373/298 292/420/340 290/418/338
f 276/368/293 275/371/296 290/418/338 288/414/334
f 269/369/294 276/368/293 288/414/334 286/413/333
s 19
f 311/439/349 312/440/350 326/441/351 319/442/352
f 312/440/350 313/443/353 325/444/354 326/441/351
f 313/443/353 314/445/355 324/446/356 325/444/354
f 314/445/355 315/447/357 323/448/358 324/446/356
f 315/449/357 316/450/359 322/451/360 323/452/358
f 316/450/359 317/453/361 321/454/362 322/451/360
f 317/453/361 318/455/363 320/456/364 321/454/362
f 318/455/363 311/439/349 319/442/352 320/456/364
s 20
f 302/457/365 301/458/366 309/459/367
f 303/460/368 302/461/365 309/459/367
f 304/462/369 303/460/368 309/459/367
f 305/463/370 304/462/369 309/459/367
f 306/464/371 305/463/370 309/459/367
f 307/465/372 306/464/371 309/459/367
f 308/466/373 307/465/372 309/459/367
f 301/458/366 308/466/373 309/459/367
s 19
f 327/467/374 328/468/375 312/440/350 311/439/349
f 328/468/375 329/469/376 313/443/353 312/440/350
f 329/469/376 330/470/377 314/445/355 313/443/353
f 330/470/377 331/471/378 315/447/357 314/445/355
f 331/472/378 332/473/379 316/450/359 315/449/357
f 332/473/379 333/474/380 317/453/361 316/450/359
f 333/474/380 334/475/381 318/455/363 317/453/361
f 334/475/381 327/467/374 311/439/349 318/455/363
f 301/476/382 302/477/383 328/468/375 327/467/374
f 302/477/383 303/478/384 329/469/376 328/468/375
f 303/478/384 304/479/385 330/470/377 329/469/376
f 304/479/385 305/480/386 331/471/378 330/470/377
f 305/481/386 306/482/387 332/473/379 331/472/378
f 306/482/387 307/483/388 333/474/380 332/473/379
f 307/483/388 308/484/389 334/475/381 333/474/380
f 308/484/389 301/476/382 327/467/374 334/475/381
f 335/485/390 336/486/391 338/487/392 337/488/393
f 336/486/391 335/485/390 349/489/394 350/490/395
f 337/488/393 338/487/392 340/491/396 339/492/397
f 339/492/397 340/491/396 342/493/398 341/494/399
f 341/494/399 342/493/398 344/495/400 343/496/401
f 343/497/401 344/498/400 346/499/402 345/500/403
f 345/500/403 346/499/402 348/501/404 347/502/405
f 347/502/405 348/501/404 350/490/395 349/489/394
f 335/503/390 337/504/393 310/505/406
f 337/504/393 339/506/397 310/505/406
f 339/506/397 341/507/399 310/505/406
f 341/507/399 343/508/401 310/505/406
f 343/508/401 345/509/403 310/505/406
f 345/509/403 347/510/405 310/505/406
f 347/510/405 349/511/394 310/505/406
f 349/511/394 335/503/390 310/505/406
f 320/456/364 319/442/352 336/486/391 350/490/395
f 321/454/362 320/456/364 350/490/395 348/501/404
f 322/451/360 321/454/362 348/501/404 346/499/402
f 323/452/358 322/451/360 346/499/402 344/498/400
f 324/446/356 323/448/358 344/495/400 342/493/398
f 325/444/354 324/446/356 342/493/398 340/491/396
f 326/441/351 325/444/354 340/491/396 338/487/392
f 319/442/352 326/441/351 338/487/392 336/486/391
s 22
f 361/512/407 362/513/408 376/514/409 369/515/410
f 362/513/408 363/516/411 375/517/412 376/514/409
f 363/516/411 364/518/413 374/519/414 375/517/412
f 364/518/413 365/520/415 373/521/416 374/519/414
f 365/522/415 366/523/417 372/524/418 373/525/416
f 366/523/417 367/526/419 371/527/420 372/524/418
f 367/526/419 368/528/421 370/529/422 371/527/420
f 368/528/421 361/512/407 369/515/410 370/529/422
s 23
f 352/530/423 351/531/424 359/532/425
f 353/533/426 352/534/423 359/532/425
f 354/535/427 353/533/426 359/532/425
f 355/536/428 354/535/427 359/532/425
f 356/537/429 355/536/428 359/532/425
f 357/538/430 356/537/429 359/532/425
f 358/539/431 357/538/430 359/532/425
f 351/531/424 358/539/431 359/532/425
s 22
f 377/540/432 378/541/433 362/513/408 361/512/407
f 378/541/433 379/542/434 363/516/411 362/513/408
f 379/542/434 380/543/435 364/518/413 363/516/411
f 380/543/435 381/544/436 365/520/415 364/518/413
f 381/545/436 382/546/437 366/523/417 365/522/415
f 382/546/437 383/547/438 367/526/419 366/523/417
f 383/547/438 384/548/439 368/528/421 367/526/419
f 384/548/439 377/540/432 361/512/407 368/528/421
f 351/549/440 352/550/441 378/541/433 377/540/432
f 352/550/441 353/551/442 379/542/434 378/541/433
f 353/551/442 354/552/443 380/543/435 379/542/434
f 354/552/443 355/553/444 381/544/436 380/543/435
f 355/554/444 356/555/445 382/546/437 381/545/436
f 356/555/445 357/556/446 383/547/438 382/546/437
f 357/556/446 358/557/447 384/548/439 383/547/438
f 358/557/447 351/549/440 377/540/432 384/548/439
f 385/558/448 386/559/449 388/560/450 387/561/451
f 386/559/449 385/558/448 399/562/452 400/563/453
f 387/561/451 388/560/450 390/564/454 389/565/455
f 389/565/455 390/564/454 392/566/456 391/567/457
f 391/567/457 392/566/456 394/568/458 393/569/459
f 393/570/459 394/571/458 396/572/460 395/573/461
f 395/573/461 396/572/460 398/574/462 397/575/463
f 397/575/463 398/574/462 400/563/453 399/562/452
f 385/576/448 387/577/451 360/578/464
f 387/577/451 389/579/455 360/578/464
f 389/579/455 391/580/457 360/578/464
f 391/580/457 393/581/459 360/578/464
f 393/581/459 395/582/461 360/578/464
f 395/582/461 397/583/463 360/578/464
f 397/583/463 399/584/452 360/578/464
f 399/584/452 385/576/448 360/578/464
f 370/529/422 369/515/410 386/559/449 400/563/453
f 371/527/420 370/529/422 400/563/453 398/574/462
f 372/524/418 371/527/420 398/574/462 396/572/460
f 373/525/416 372/524/418 396/572/460 394/571/458
f 374/519/414 373/521/416 394/568/458 392/566/456
f 375/517/412 374/519/414 392/566/456 390/564/454
f 376/514/409 375/517/412 390/564/454 388/560/450
f 369/515/410 376/514/409 388/560/450 386/559/449
s 25
f 411/585/465 412/586/466 426/587/467 419/588/468
f 412/586/466 413/589/469 425/590/470 426/587/467
f 413/589/469 414/591/471 424/592/472 425/590/470
f 414/591/471 415/593/473 423/594/474 424/592/472
f 415/595/473 416/596/475 422/597/476 423/598/474
f 416/596/475 417/599/477 421/600/478 422/597/476
f 417/599/477 418/601/479 420/602/480 421/600/478
f 418/601/479 411/585/465 419/588/468 420/602/480
s 26
f 402/603/481 401/604/482 409/605/483
f 403/606/484 402/607/481 409/605/483
f 404/608/485 403/606/484 409/605/483
f 405/609/486 404/608/485 409/605/483
f 406/610/487 405/609/486 409/605/483
f 407/611/488 406/610/487 409/605/483
f 408/612/489 407/611/488 409/605/483
f 401/604/482 408/612/489 409/605/483
s 25
f 427/613/490 428/614/491 412/586/466 411/585/465
f 428/614/491 429/615/492 413/589/469 412/586/466
f 429/615/492 430/616/493 414/591/471 413/589/469
f 430/616/493 431/617/494 415/593/473 414/591/471
f 431/618/494 432/619/495 416/596/475 415/595/473
f 432/619/495 433/620/496 417/599/477 416/596/475
f 433/620/496 434/621/497 418/601/479 417/599/477
f 434/621/497 427/613/490 411/585/465 418/601/479
f 401/622/498 402/623/499 428/614/491 427/613/490
f 402/623/499 403/624/500 429/615/492 428/614/491
f 403/624/500 404/625/501 430/616/493 429/615/492
f 404/625/501 405/626/502 431/617/494 430/616/493
f 405/627/502 406/628/503 432/619/495 431/618/494
f 406/628/503 407/629/504 433/620/496 432/619/495
f 407/629/504 408/630/505 434/621/497 433/620/496
f 408/630/505 401/622/498 427/613/490 434/621/497
f 435/631/506 436/632/507 438/633/508 437/634/509
f 436/632/507 435/631/506 449/635/510 450/636/511
f 437/634/509 438/633/508 440/637/512 439/638/513
f 439/638/513 440/637/512 442/639/514 441/640/515
f 441/640/515 442/639/514 444/641/516 443/642/517
f 443/643/517 444/644/516 446/645/518 445/646/519
f 445/646/519 446/645/518 448/647/520 447/648/521
f 447/648/521 448/647/520 450/636/511 449/635/510
f 435/649/506 437/650/509 410/651/522
f 437/650/509 439/652/513 410/651/522
f 439/652/513 441/653/515 410/651/522
f 441/653/515 443/654/517 410/651/522
f 443/654/517 445/655/519 410/651/522
f 445/655/519 447/656/521 410/651/522
f 447/656/521 449/657/510 410/651/522
f 449/657/510 435/649/506 410/651/522
f 420/602/480 419/588/468 436/632/507 450/636/511
f 421/600/478 420/602/480 450/636/511 448/647/520
f 422/597/476 421/600/478 448/647/520 446/645/518
f 423/598/474 422/597/476 446/645/518 444/644/516
f 424/592/472 423/594/474 444/641/516 442/639/514
f 425/590/470 424/592/472 442/639/514 440/637/512
f 426/587/467 425/590/470 440/637/512 438/633/508
f 419/588/468 426/587/467 438/633/508 436/632/507
g default
v -2.392139 1.767011 6.136495
v -2.363180 1.740698 6.133821
v -2.392462 1.543341 7.225845
v -2.363313 1.516691 7.225845
v -3.246091 1.767011 6.136495
v -3.275093 1.740744 6.133825
v -3.245801 1.543341 7.225845
v -3.274951 1.516768 7.225845
v -2.392497 1.226161 8.887798
v -2.363456 1.199464 8.887798
v -2.392554 0.910927 10.549750
v -2.363580 0.884161 10.549750
v -3.245733 1.226161 8.887798
v -3.274806 1.199507 8.887798
v -3.245648 0.910927 10.549750
v -3.274682 0.884178 10.549750
v -2.363321 0.555434 12.198175
v -2.392514 0.582359 12.195435
v -2.391220 0.556499 12.225299
v -3.247049 0.556502 12.225298
v -3.245520 0.582392 12.195271
v -3.274948 0.555461 12.198192
v -3.275113 1.740529 5.450838
v -3.246880 1.767011 5.457459
v -3.247631 1.744532 5.424078
v -2.390639 1.744532 5.424078
v -2.391132 1.767011 5.457280
v -2.363160 1.740495 5.450853
v -2.376616 1.577214 6.136494
v -2.350333 1.606201 6.139608
v -2.376509 1.340321 7.225845
v -2.350129 1.368615 7.231734
v -3.262132 1.577214 6.136494
v -3.288367 1.606243 6.139612
v -3.262243 1.340321 7.225845
v -3.288579 1.368654 7.231742
v -2.376697 1.009919 8.887798
v -2.349942 1.039023 8.887798
v -2.376579 0.681463 10.549751
v -2.349792 0.710462 10.549751
v -3.262054 1.009919 8.887798
v -3.288774 1.039064 8.887798
v -3.262139 0.681463 10.549751
v -3.288925 0.710537 10.549751
v -2.377089 0.397150 12.281196
v -2.375134 0.367860 12.257306
v -2.350207 0.399695 12.248674
v -3.288502 0.399698 12.248665
v -3.263079 0.367991 12.256593
v -3.261619 0.397156 12.281193
v -3.261040 1.608832 5.377142
v -3.262856 1.577214 5.399131
v -3.288435 1.606202 5.407041
v -2.350271 1.606198 5.407025
v -2.376082 1.577214 5.399350
v -2.377659 1.608826 5.377140
v 3.262131 1.577214 6.136494
v 3.288367 1.606243 6.139612
v 3.262242 1.340321 7.225845
v 3.288578 1.368654 7.231742
v 2.376616 1.577214 6.136494
v 2.350333 1.606201 6.139608
v 2.376509 1.340321 7.225845
v 2.350129 1.368615 7.231734
v 3.261618 0.397156 12.281193
v 3.263615 0.367861 12.257300
v 3.288501 0.399698 12.248665
v 2.350207 0.399695 12.248674
v 2.375677 0.367992 12.256589
v 2.377089 0.397150 12.281196
v 2.376700 1.009919 8.887798
v 2.349942 1.039026 8.887798
v 2.376619 0.681463 10.549751
v 2.349795 0.710501 10.549751
v 3.262057 1.009919 8.887798
v 3.288773 1.039061 8.887798
v 3.262178 0.681463 10.549751
v 3.288928 0.710497 10.549751
v 2.377659 1.608826 5.377140
v 2.375890 1.577214 5.399127
v 2.350272 1.606198 5.407025
v 3.288434 1.606202 5.407041
v 3.262671 1.577214 5.399344
v 3.261039 1.608832 5.377142
v 2.363180 1.740698 6.133821
v 2.392139 1.767011 6.136495
v 2.392428 1.543341 7.225845
v 2.363317 1.516724 7.225845
v 3.246091 1.767011 6.136495
v 3.275092 1.740744 6.133825
v 3.274951 1.516768 7.225845
v 3.245801 1.543341 7.225845
v 2.363456 1.199464 8.887798
v 2.392497 1.226161 8.887798
v 2.392577 0.910927 10.549750
v 2.363579 0.884139 10.549750
v 3.245730 1.226161 8.887798
v 3.274807 1.199505 8.887798
v 3.274681 0.884178 10.549750
v 3.245648 0.910927 10.549750
v 2.392713 0.582392 12.195269
v 2.363324 0.555463 12.198201
v 2.391518 0.556249 12.225389
v 3.245715 0.582359 12.195434
v 3.246753 0.556252 12.225388
v 3.274944 0.555491 12.198215
v 3.247080 1.767011 5.457260
v 3.275093 1.740729 5.450693
v 3.247237 1.744176 5.423955
v 2.391333 1.767011 5.457480
v 2.391035 1.744176 5.423954
v 2.363180 1.740698 5.450708
v -2.096943 1.461306 6.136494
v -2.940027 1.461306 6.136494
v -2.940027 0.222673 12.333608
v -2.096943 0.894012 8.887798
v -2.940027 0.894012 8.887798
v -2.096943 0.565556 10.549752
v -2.940027 0.565556 10.549752
v -2.096943 1.224413 7.225845
v -2.940027 1.224413 7.225845
v -2.096943 1.461306 5.366207
v -2.940027 1.461306 5.366207
v -2.923214 1.651103 6.136495
v -2.923214 1.427433 7.225845
v -2.923214 1.110253 8.887798
v -2.923214 0.795020 10.549748
v -2.923214 1.651103 5.431853
v -2.108332 1.594170 6.130711
v -2.170356 1.651103 6.136495
v -2.170970 1.427433 7.225845
v -2.108600 1.369860 7.225845
v -2.108870 1.052526 8.887798
v -2.171103 1.110253 8.887798
v -2.170710 0.795020 10.549748
v -2.109068 0.738773 10.538559
v -2.096943 0.235406 12.267363
v -2.155434 0.222673 12.333608
v -2.171603 0.449471 12.209282
v -2.108600 0.391276 12.215223
v -2.169294 0.392920 12.273890
v -2.923214 0.449269 12.210254
v -2.926753 0.393795 12.273583
v -2.170356 1.651103 5.431853
v -2.108332 1.594170 5.412161
v 2.096942 1.461306 6.136494
v 2.940027 1.461306 6.136494
v 2.940027 0.222673 12.333608
v 2.096942 0.894012 8.887798
v 2.940027 0.894012 8.887798
v 2.096942 0.565556 10.549752
v 2.940027 0.565556 10.549752
v 2.096942 1.224413 7.225845
v 2.940027 1.224413 7.225845
v 2.096942 1.461306 5.366207
v 2.940027 1.461306 5.366207
v 2.923214 1.651103 6.136495
v 2.923214 1.427433 7.225845
v 2.923214 1.110253 8.887798
v 2.923214 0.795020 10.549748
v 2.923214 1.651103 5.431853
v 2.108333 1.594170 6.130711
v 2.170356 1.651103 6.136495
v 2.170970 1.427433 7.225845
v 2.108599 1.369860 7.225845
v 2.108870 1.052526 8.887798
v 2.171103 1.110253 8.887798
v 2.170710 0.795020 10.549748
v 2.109068 0.738773 10.538559
v 2.096942 0.235406 12.267363
v 2.155434 0.222673 12.333608
v 2.171603 0.449471 12.209282
v 2.108601 0.391276 12.215223
v 2.169294 0.392920 12.273890
v 2.923214 0.449269 12.210254
v 2.926753 0.393795 12.273583
v 2.170356 1.651103 5.431853
v 2.108333 1.594170 5.412161
v 8.359686 0.414806 -12.217642
v 8.345596 0.463724 -12.144340
v 8.419083 0.414895 -12.158267
v 8.419083 0.414895 -8.975593
v 8.345654 0.463724 -8.989464
v 8.359686 0.414806 -8.916217
v 5.298545 0.414806 -8.916217
v 5.312634 0.463724 -8.989521
v 5.239148 0.414895 -8.975593
v 5.239148 0.414895 -12.158267
v 5.312575 0.463724 -12.144395
v 5.298545 0.414806 -12.217642
v 5.095119 0.000000 -12.419144
v 5.035679 0.000000 -12.359811
v 8.622549 -0.000000 -12.359811
v 8.563108 -0.000000 -12.419144
v 8.563108 0.000000 -8.714716
v 8.622549 0.000000 -8.774048
v 5.035679 0.000000 -8.774048
v 5.095119 0.000000 -8.714716
v -8.359686 0.414806 8.467168
v -8.345596 0.463724 8.393866
v -8.419083 0.414895 8.407793
v -8.419083 0.414895 5.225119
v -8.345654 0.463724 5.238990
v -8.359686 0.414806 5.165743
v -5.298545 0.414806 5.165743
v -5.312635 0.463724 5.239047
v -5.239149 0.414895 5.225119
v -5.239149 0.414895 8.407793
v -5.312576 0.463724 8.393921
v -5.298545 0.414806 8.467168
v -5.095120 0.000000 8.668670
v -5.035679 0.000000 8.609337
v -8.622549 -0.000000 8.609337
v -8.563108 -0.000000 8.668670
v -8.563108 0.000000 4.964242
v -8.622549 0.000000 5.023574
v -5.035679 0.000000 5.023574
v -5.095120 0.000000 4.964242
v 5.035680 0.000000 8.609337
v 5.095120 0.000000 8.668670
v 5.241306 0.419295 8.411002
v 5.298544 0.414805 8.467168
v 5.312577 0.463723 8.393921
v 8.563108 -0.000000 8.668670
v 8.622549 0.000000 8.609337
v 8.345654 0.463724 8.393921
v 8.362847 0.419162 8.465051
v 8.416924 0.419296 8.411002
v 5.095120 0.000000 4.964242
v 5.035680 0.000000 5.023574
v 5.295387 0.419162 5.167860
v 5.239148 0.414895 5.225119
v 5.312635 0.463724 5.239047
v 8.622549 0.000000 5.023574
v 8.563108 0.000000 4.964242
v 8.345598 0.463724 5.239047
v 8.416924 0.419296 5.221909
v 8.362847 0.419162 5.167860
v -5.258776 1.629738 6.244273
v -5.326181 1.653638 6.307723
v -5.326181 1.693460 6.221111
v -6.342874 1.693437 6.221466
v -6.366068 1.654158 6.307274
v -6.427816 1.653004 6.245669
v -5.258776 1.627379 5.252862
v -5.325309 1.693870 5.252876
v -5.325295 1.627380 5.186342
v -6.364601 1.629676 5.186342
v -6.342200 1.693459 5.253731
v -6.428241 1.652481 5.253731
v -5.258776 0.018268 7.623821
v -5.325295 0.018268 7.711486
v -7.755925 0.018268 7.644188
v -7.690131 0.018268 7.711486
v -5.258776 0.018268 5.252862
v -5.325295 0.018268 5.186342
v -7.755925 0.018268 5.252862
v -7.670218 0.018268 5.186342
v 5.258776 1.629738 6.244273
v 5.326181 1.653638 6.307723
v 5.326181 1.693460 6.221111
v 6.342874 1.693437 6.221466
v 6.366068 1.654158 6.307274
v 6.427816 1.653004 6.245669
v 5.258776 1.627379 5.252862
v 5.325309 1.693870 5.252876
v 5.325295 1.627380 5.186342
v 6.364601 1.629676 5.186342
v 6.342200 1.693459 5.253731
v 6.428241 1.652481 5.253731
v 5.258776 0.018268 7.623821
v 5.325295 0.018268 7.711486
v 7.755925 0.018268 7.644188
v 7.690131 0.018268 7.711486
v 5.258776 0.018268 5.252862
v 5.325295 0.018268 5.186342
v 7.755925 0.018268 5.252862
v 7.670218 0.018268 5.186342
v -5.117307 1.521377 5.314817
v -5.093605 1.484128 5.323039
v -5.084959 1.521280 5.347124
v -2.359353 1.521280 5.347124
v -2.350692 1.484128 5.323055
v -2.327005 1.521377 5.314817
v -5.084959 1.521280 3.196662
v -5.093621 1.484128 3.220733
v -5.117307 1.521377 3.228970
v -2.327005 1.521377 3.228970
v -2.350708 1.484128 3.220748
v -2.359353 1.521280 3.196662
v -5.063813 1.675324 5.266356
v -5.033159 1.672756 5.295917
v -5.027510 1.701142 5.258988
v -2.416803 1.701142 5.258988
v -2.409308 1.675171 5.295101
v -2.380499 1.675324 5.266356
v -2.416886 1.701142 3.284882
v -2.380499 1.675324 3.277431
v -2.409308 1.675171 3.248687
v -5.027510 1.701142 3.284799
v -5.035004 1.675171 3.248687
v -5.063813 1.675324 3.277431
v -7.486268 0.153731 7.389827
v -3.161241 0.153731 7.389827
v 3.158849 0.153731 7.389827
v 7.486268 0.153731 7.389827
v -7.486268 0.153731 -0.485432
v 7.486268 0.153731 -0.485432
v -7.486268 0.153731 -5.788143
v 7.486268 0.153731 -5.788143
v -7.486268 0.153731 -11.090853
v -2.296726 0.153731 -11.090853
v 2.296729 0.153731 -11.090853
v 7.486268 0.153731 -11.090853
v -2.296726 1.571671 -0.907656
v 2.296725 1.571671 -0.907656
v -2.296726 1.571671 -5.365919
v 2.296725 1.571671 -5.365919
v 3.107238 0.153731 12.432452
v 3.158849 0.153731 12.369843
v 3.099424 0.323333 12.315986
v 3.158849 0.365291 12.244702
v -3.104445 0.324761 12.315001
v -3.161240 0.364860 12.246888
v -3.161240 0.153731 12.369843
v -3.109629 0.153731 12.432452
v -6.323591 1.536585 6.154499
v -6.246580 1.571671 6.075643
v -3.161241 1.559339 6.185729
v -3.155938 1.571671 6.076571
v -3.161241 1.536931 6.154189
v -6.323893 1.536226 -0.897102
v -6.246596 1.571671 -0.907656
v 3.158849 1.559339 6.185729
v 3.158849 1.536931 6.154189
v 3.153561 1.571671 6.076571
v 6.246580 1.571671 6.075643
v 6.323591 1.536585 6.154499
v 6.246596 1.571671 -0.907656
v 6.323893 1.536226 -0.897102
v -6.323893 1.536226 -5.376472
v -6.246596 1.571671 -5.365919
v 6.246596 1.571671 -5.365919
v 6.323893 1.536226 -5.376472
v -2.296726 1.536931 -9.855212
v -2.296726 1.571671 -9.777596
v -6.246580 1.571671 -9.776667
v -6.323591 1.536585 -9.855522
v 2.296725 1.536931 -9.855212
v 2.296725 1.571671 -9.777596
v 6.247509 1.571671 -9.777596
v 6.323591 1.536585 -9.855522
v -5.035680 0.000000 -12.359811
v -5.095120 0.000000 -12.419144
v -5.241307 0.419295 -12.161476
v -5.298545 0.414805 -12.217642
v -5.312578 0.463723 -12.144395
v -8.563108 -0.000000 -12.419144
v -8.622549 0.000000 -12.359811
v -8.345654 0.463724 -12.144395
v -8.362847 0.419162 -12.215525
v -8.416924 0.419296 -12.161476
v -5.095120 0.000000 -8.714716
v -5.035680 0.000000 -8.774048
v -5.295388 0.419162 -8.918334
v -5.239149 0.414895 -8.975593
v -5.312636 0.463724 -8.989521
v -8.622549 0.000000 -8.774048
v -8.563108 0.000000 -8.714716
v -8.345598 0.463724 -8.989521
v -8.416924 0.419296 -8.972383
v -8.362847 0.419162 -8.918334
v -2.367851 1.521825 5.393595
v -2.330727 1.468211 5.403892
v -2.320429 1.521825 5.441017
v 0.631293 1.521825 5.441017
v 0.641591 1.468211 5.403892
v 0.678716 1.521825 5.393595
v -2.320429 1.521825 2.426174
v -2.330727 1.468211 2.463299
v -2.367851 1.521825 2.473596
v 0.678716 1.521825 2.473596
v 0.641591 1.468211 2.463299
v 0.631293 1.521825 2.426174
v -2.324202 1.672561 5.354768
v -2.278821 1.669045 5.398386
v -2.271745 1.711982 5.344910
v 0.582609 1.711982 5.344911
v 0.592467 1.672561 5.397367
v 0.635066 1.672561 5.354768
v 0.582609 1.711982 2.522280
v 0.635066 1.672561 2.512423
v -2.271745 1.711982 2.522280
v -2.324202 1.672561 2.512423
v -7.868987 0.000000 -0.216318
v 7.868987 0.000000 -0.216318
v -7.868987 0.000000 -6.057257
v 7.868987 0.000000 -6.057257
v -2.622996 0.000000 -11.369586
v 2.622996 0.000000 -11.369586
v -7.868987 -0.000001 8.162803
v -7.834621 0.000000 8.197139
v -7.868987 0.133382 8.162818
v -7.834621 0.133367 8.197139
v -7.834636 0.167733 8.162788
v -3.655280 0.000000 8.163655
v -3.627029 0.000000 8.193395
v -3.656807 0.000000 8.227762
v -3.691174 0.000000 8.193424
v -3.656807 0.133382 8.227745
v -3.622457 0.167733 8.193395
v -3.652863 0.167733 8.159154
v -3.691273 0.133268 8.193424
v -7.868987 0.133382 -0.216318
v -7.834636 0.167733 -0.216318
v 3.655280 0.000000 8.163655
v 3.691174 0.000000 8.193424
v 3.656808 0.000000 8.227762
v 3.627029 0.000000 8.193395
v 3.656808 0.133382 8.227745
v 3.691174 0.133367 8.193424
v 3.652864 0.167733 8.159154
v 3.622457 0.167733 8.193395
v 7.834621 0.000000 8.197139
v 7.868987 0.000000 8.162803
v 7.834636 0.167733 8.162788
v 7.834636 0.133382 8.197139
v 7.868987 0.133382 8.162818
v 7.834636 0.167733 -0.216318
v 7.868987 0.133382 -0.216318
v -7.868987 0.133382 -6.057257
v -7.834636 0.167733 -6.057257
v 7.834636 0.167733 -6.057257
v 7.868987 0.133382 -6.057257
v -7.834636 0.000000 -11.369586
v -7.868987 0.000000 -11.335235
v -7.834636 0.167733 -11.335235
v -7.834636 0.133382 -11.369586
v -7.868987 0.133382 -11.335235
v -2.622996 0.133382 -11.369586
v -2.622996 0.167733 -11.335235
v 2.622996 0.133382 -11.369586
v 2.622996 0.167733 -11.335235
v 7.868987 0.000000 -11.335235
v 7.834636 0.000000 -11.369586
v 7.834636 0.167733 -11.335235
v 7.868987 0.133382 -11.335235
v 7.834636 0.133382 -11.369586
v 3.622457 0.133382 12.727710
v 3.656808 0.133382 12.693360
v 3.622457 0.167733 12.693360
v 3.622457 0.000000 12.727710
v 3.656808 0.000000 12.693360
v -3.622457 0.133382 12.727710
v -3.622457 0.167733 12.693360
v -3.656807 0.133382 12.693360
v -3.656807 0.000000 12.693360
v -3.622457 0.000000 12.727710
v -7.868987 0.000000 -10.279639
v -7.868987 0.133382 -10.279639
v -7.834637 0.167733 -10.279639
v -2.622996 0.167733 -10.279639
v 2.622996 0.167733 -10.279639
v 7.834637 0.167733 -10.279639
v 7.868987 0.133382 -10.279639
v 7.868987 0.000000 -10.279639
v 6.792308 0.000000 -11.369586
v 6.792308 0.133382 -11.369586
v 6.792308 0.167733 -11.335235
v 6.792308 0.167733 -10.279640
v 6.792308 0.167733 -6.057257
v 6.792308 0.167733 -0.216318
v 6.998282 0.167733 8.162062
v 7.005944 0.133379 8.196396
v 7.005932 0.000000 8.196396
v -7.005932 0.000000 8.196396
v -7.005952 0.133347 8.196396
v -6.998282 0.167733 8.162062
v -6.792308 0.167733 -0.216318
v -6.792308 0.167733 -6.057257
v -6.792308 0.167733 -10.279640
v -6.792308 0.167733 -11.335235
v -6.792308 0.133382 -11.369586
v -6.792308 0.000000 -11.369586
v -7.868987 -0.000000 7.324891
v -7.868987 0.133382 7.324904
v -7.834636 0.167733 7.324878
v -6.977684 0.167733 7.324224
v -3.549876 0.167733 7.321607
v 3.549877 0.167733 7.321607
v 6.977685 0.167733 7.324224
v 7.834636 0.167733 7.324878
v 7.868987 0.133382 7.324904
v 7.868987 0.000000 7.324891
v 5.258776 1.629738 -9.994747
v 5.326182 1.653638 -10.058197
v 5.326182 1.693460 -9.971584
v 6.342874 1.693437 -9.971939
v 6.366068 1.654158 -10.057748
v 6.427817 1.653004 -9.996142
v 5.258776 1.627379 -9.003336
v 5.325310 1.693870 -9.003350
v 5.325296 1.627380 -8.936815
v 6.364602 1.629676 -8.936816
v 6.342201 1.693459 -9.004205
v 6.428241 1.652481 -9.004205
v 5.258776 0.018268 -11.374294
v 5.325296 0.018268 -11.461960
v 7.755926 0.018268 -11.394662
v 7.690132 0.018268 -11.461960
v 5.258776 0.018268 -9.003336
v 5.325296 0.018268 -8.936815
v 7.755926 0.018268 -9.003336
v 7.670219 0.018268 -8.936815
v -5.258776 1.629738 -9.994747
v -5.326182 1.653638 -10.058197
v -5.326182 1.693460 -9.971584
v -6.342874 1.693437 -9.971939
v -6.366068 1.654158 -10.057748
v -6.427817 1.653004 -9.996142
v -5.258776 1.627379 -9.003336
v -5.325310 1.693870 -9.003350
v -5.325296 1.627380 -8.936815
v -6.364602 1.629676 -8.936816
v -6.342201 1.693459 -9.004205
v -6.428241 1.652481 -9.004205
v -5.258776 0.018268 -11.374294
v -5.325296 0.018268 -11.461960
v -7.755926 0.018268 -11.394662
v -7.690132 0.018268 -11.461960
v -5.258776 0.018268 -9.003336
v -5.325296 0.018268 -8.936815
v -7.755926 0.018268 -9.003336
v -7.670219 0.018268 -8.936815
v 0.670869 1.567460 5.048792
v 0.694784 1.537812 5.050412
v 0.699138 1.565726 5.076226
v 2.937808 1.564657 5.076360
v 2.937659 1.537812 5.050690
v 2.964908 1.564806 5.049079
v 0.699138 1.565726 2.791622
v 0.694586 1.537812 2.817238
v 0.670869 1.567460 2.819055
v 2.964908 1.564806 2.818769
v 2.938580 1.537812 2.816237
v 2.937808 1.564657 2.791489
v 0.694420 1.697267 5.034620
v 0.721349 1.695225 5.060081
v 0.723907 1.721886 5.031738
v 2.928310 1.721886 5.030442
v 2.930613 1.696459 5.059927
v 2.956345 1.695626 5.033513
v 2.929002 1.721886 2.836714
v 2.956345 1.695626 2.834335
v 2.930613 1.696459 2.807920
v 0.723907 1.721886 2.836111
v 0.694420 1.697267 2.833229
v -4.626255 0.037962 13.850743
v -4.587309 -0.000985 13.850743
v -4.587309 0.037962 13.889688
v -2.775754 -0.000985 13.850743
v -2.775754 0.037962 13.889688
v -0.925251 -0.000985 13.850743
v -0.925251 0.037962 13.889688
v 0.925251 -0.000985 13.850743
v 0.925251 0.037962 13.889688
v 2.775754 -0.000985 13.850743
v 2.775754 0.037962 13.889688
v 4.587309 0.037962 13.889688
v 4.587309 -0.000985 13.850743
v 4.626255 0.037962 13.850743
v -4.587309 0.037962 11.811892
v -4.587309 -0.000985 11.850840
v -4.626255 0.037962 11.850840
v 4.626255 0.037962 11.850840
v 4.587309 -0.000985 11.850840
v 4.587309 0.037962 11.811892
v -2.775754 -0.000985 11.850840
v -2.775754 0.037962 11.811892
v -0.925251 -0.000985 11.850840
v -0.925251 0.037962 11.811892
v 0.925251 -0.000985 11.850840
v 0.925251 0.037962 11.811892
v 2.775754 -0.000985 11.850840
v 2.775754 0.037962 11.811892
v -4.581602 0.155678 13.800162
v -4.543031 0.155678 13.837137
v -4.543031 0.192655 13.800162
v -2.635346 0.155678 13.837137
v -2.635346 0.192655 13.800162
v -0.878448 0.155678 13.837137
v -0.878448 0.192655 13.800162
v 0.878449 0.155678 13.837137
v 0.878449 0.192655 13.800162
v 2.635346 0.155678 13.837137
v 2.635346 0.192655 13.800162
v 4.543031 0.192655 13.800162
v 4.543031 0.155678 13.837137
v 4.581602 0.155678 13.800162
v -4.543031 0.192655 11.901422
v -4.543031 0.155678 11.864443
v -4.581602 0.155678 11.901422
v -2.635346 0.155678 11.864443
v -2.635346 0.192655 11.901422
v -0.878448 0.155678 11.864443
v -0.878448 0.192655 11.901422
v 0.878449 0.155678 11.864443
v 0.878449 0.192655 11.901422
v 2.635346 0.155678 11.864443
v 2.635346 0.192655 11.901422
v 4.543031 0.192655 11.901422
v 4.581602 0.155678 11.901422
v 4.543031 0.155678 11.864443
vt 0.846724 0.492949
vt 0.851040 0.492211
vt 0.853696 0.503254
vt 0.850359 0.505397
vt 0.846917 0.471609
vt 0.851383 0.471224
vt 0.846541 0.439618
vt 0.850967 0.439221
vt 0.939250 0.572718
vt 0.943568 0.573455
vt 0.943910 0.594428
vt 0.939445 0.594041
vt 0.942852 0.560265
vt 0.946231 0.562414
vt 0.943491 0.626403
vt 0.939066 0.626005
vt 0.845919 0.407631
vt 0.850334 0.407301
vt 0.846426 0.375360
vt 0.850544 0.376306
vt 0.942848 0.658296
vt 0.938426 0.657965
vt 0.943025 0.689249
vt 0.938875 0.690195
vt 0.847481 0.374184
vt 0.855944 0.371506
vt 0.855496 0.374737
vt 0.935790 0.269081
vt 0.935790 0.271238
vt 0.910924 0.271238
vt 0.910925 0.269081
vt 0.939947 0.691358
vt 0.947982 0.690794
vt 0.948456 0.694004
vt 0.944059 0.559532
vt 0.951509 0.559910
vt 0.950567 0.563025
vt 0.910924 0.531960
vt 0.910924 0.529942
vt 0.935790 0.529942
vt 0.935790 0.531960
vt 0.851553 0.506148
vt 0.858014 0.502655
vt 0.858982 0.505764
vt 0.860531 0.490436
vt 0.856290 0.490581
vt 0.856845 0.469130
vt 0.860912 0.468888
vt 0.860640 0.504588
vt 0.856885 0.437079
vt 0.861006 0.436680
vt 0.953068 0.575231
vt 0.948838 0.575087
vt 0.953162 0.561104
vt 0.953447 0.596762
vt 0.949389 0.596517
vt 0.953540 0.628944
vt 0.949429 0.628543
vt 0.856794 0.404945
vt 0.861013 0.404388
vt 0.858060 0.372133
vt 0.953540 0.661212
vt 0.949322 0.660650
vt 0.950581 0.693438
vt 0.935790 0.255116
vt 0.935790 0.257400
vt 0.910924 0.257400
vt 0.910924 0.255116
vt 0.910925 0.544321
vt 0.910924 0.541903
vt 0.935790 0.541903
vt 0.935790 0.544321
vt 0.910924 0.505499
vt 0.910924 0.463095
vt 0.935790 0.463095
vt 0.935790 0.505499
vt 0.910924 0.399043
vt 0.910924 0.335041
vt 0.935790 0.335041
vt 0.935790 0.399043
vt 0.961911 0.248504
vt 0.935926 0.248504
vt 0.935926 0.204127
vt 0.961911 0.204127
vt 0.961911 0.137319
vt 0.935926 0.137319
vt 0.935926 0.070565
vt 0.961911 0.070565
vt 0.935926 0.002632
vt 0.961911 0.002632
vt 0.961911 0.276031
vt 0.935926 0.276031
vt 0.748002 0.121471
vt 0.743774 0.121609
vt 0.744349 0.100174
vt 0.748405 0.099934
vt 0.748077 0.135610
vt 0.745471 0.133675
vt 0.744399 0.068146
vt 0.748511 0.067747
vt 0.913880 0.121491
vt 0.918118 0.121633
vt 0.916394 0.133714
vt 0.913790 0.135637
vt 0.913505 0.099940
vt 0.917571 0.100187
vt 0.913428 0.067737
vt 0.917548 0.068139
vt 0.743450 0.002626
vt 0.743019 0.005852
vt 0.738051 0.007409
vt 0.734947 0.005266
vt 0.936426 0.545585
vt 0.936426 0.547812
vt 0.910924 0.547812
vt 0.910924 0.545585
vt 0.745573 0.003253
vt 0.748517 0.035477
vt 0.744307 0.036036
vt 0.918986 0.005847
vt 0.918504 0.002626
vt 0.927010 0.005248
vt 0.923925 0.007402
vt 0.916381 0.003197
vt 0.917649 0.036011
vt 0.913424 0.035448
vt 0.915445 0.136832
vt 0.920716 0.134307
vt 0.922882 0.137241
vt 0.910924 0.827566
vt 0.910924 0.825209
vt 0.936426 0.825209
vt 0.936426 0.827566
vt 0.746412 0.136785
vt 0.738953 0.137212
vt 0.741134 0.134281
vt 0.923367 0.123263
vt 0.927683 0.124005
vt 0.924071 0.136458
vt 0.923031 0.102281
vt 0.927491 0.102668
vt 0.923466 0.070282
vt 0.927889 0.070682
vt 0.734181 0.123966
vt 0.738500 0.123232
vt 0.737786 0.136412
vt 0.734400 0.102645
vt 0.738864 0.102262
vt 0.734035 0.070679
vt 0.738461 0.070283
vt 0.924107 0.038365
vt 0.928526 0.038695
vt 0.928065 0.006442
vt 0.733410 0.038717
vt 0.737832 0.038389
vt 0.733925 0.006468
vt 0.910924 0.561303
vt 0.910924 0.559183
vt 0.936426 0.559183
vt 0.936426 0.561303
vt 0.936426 0.813550
vt 0.936426 0.815539
vt 0.910924 0.815539
vt 0.910924 0.813550
vt 0.936426 0.789717
vt 0.910924 0.789717
vt 0.910924 0.748371
vt 0.936426 0.748371
vt 0.936426 0.685917
vt 0.910924 0.685917
vt 0.910924 0.623513
vt 0.936426 0.623513
vt 0.938426 0.529978
vt 0.938426 0.484371
vt 0.963710 0.484371
vt 0.963710 0.529978
vt 0.938426 0.415714
vt 0.938426 0.347109
vt 0.963710 0.347109
vt 0.963710 0.415714
vt 0.938426 0.277295
vt 0.963710 0.277295
vt 0.963710 0.558268
vt 0.938426 0.558268
vt 0.955928 0.693196
vt 0.965106 0.696588
vt 0.965106 0.725718
vt 0.955928 0.722553
vt 0.955928 0.604712
vt 0.965106 0.608549
vt 0.965106 0.652552
vt 0.955928 0.648936
vt 0.965106 0.564063
vt 0.965106 0.741476
vt 0.955928 0.741476
vt 0.860920 0.498832
vt 0.894849 0.491919
vt 0.895360 0.500500
vt 0.896535 0.467210
vt 0.892177 0.488182
vt 0.893700 0.466191
vt 0.896361 0.429035
vt 0.899236 0.428439
vt 0.897979 0.372736
vt 0.900812 0.371604
vt 0.898444 0.316380
vt 0.901326 0.315318
vt 0.897067 0.259444
vt 0.899911 0.256440
vt 0.681259 0.129261
vt 0.678405 0.129261
vt 0.678405 0.124788
vt 0.681259 0.124788
vt 0.872600 0.258240
vt 0.872580 0.255116
vt 0.897174 0.256307
vt 0.868194 0.464553
vt 0.871323 0.427551
vt 0.873193 0.371415
vt 0.873520 0.315274
vt 0.863328 0.486691
vt 0.910313 0.412909
vt 0.903424 0.412909
vt 0.903424 0.384469
vt 0.910313 0.384469
vt 0.910313 0.341640
vt 0.903424 0.341640
vt 0.903424 0.298984
vt 0.910313 0.298984
vt 0.903424 0.255116
vt 0.910313 0.255116
vt 0.678405 0.067242
vt 0.681259 0.067242
vt 0.910313 0.429883
vt 0.903424 0.429883
vt 0.955928 0.559532
vt 0.965106 0.559532
vt 0.840635 0.682835
vt 0.840635 0.710743
vt 0.830918 0.713752
vt 0.830918 0.686056
vt 0.840635 0.598708
vt 0.840635 0.640755
vt 0.830918 0.644190
vt 0.830918 0.602354
vt 0.830918 0.556895
vt 0.840635 0.728735
vt 0.830918 0.728735
vt 0.908629 0.745577
vt 0.874591 0.745609
vt 0.875401 0.737066
vt 0.874368 0.712317
vt 0.877218 0.711436
vt 0.878175 0.733462
vt 0.871657 0.673485
vt 0.874530 0.674219
vt 0.870921 0.616681
vt 0.873729 0.617944
vt 0.874365 0.560473
vt 0.877198 0.561665
vt 0.881918 0.501764
vt 0.884560 0.504901
vt 0.751265 0.093412
vt 0.751265 0.097888
vt 0.748411 0.097888
vt 0.748411 0.093412
vt 0.884662 0.501764
vt 0.909373 0.501764
vt 0.909126 0.504865
vt 0.902581 0.711017
vt 0.899649 0.673927
vt 0.898636 0.617807
vt 0.902134 0.561749
vt 0.906811 0.733342
vt 0.928426 0.201830
vt 0.928426 0.173387
vt 0.935315 0.173387
vt 0.935315 0.201830
vt 0.928426 0.130553
vt 0.928426 0.087893
vt 0.935315 0.087893
vt 0.935315 0.130553
vt 0.928426 0.044020
vt 0.935315 0.044020
vt 0.751265 0.155422
vt 0.748411 0.155422
vt 0.928426 0.218805
vt 0.935315 0.218805
vt 0.840635 0.556895
vt 0.835608 0.556895
vt 0.629740 0.334521
vt 0.629746 0.332174
vt 0.647453 0.331685
vt 0.647403 0.334947
vt 0.626935 0.333337
vt 0.578380 0.423631
vt 0.575860 0.421968
vt 0.574828 0.240594
vt 0.577355 0.238940
vt 0.575299 0.237676
vt 0.584381 0.223121
vt 0.587239 0.224869
vt 0.470296 0.233862
vt 0.470098 0.230905
vt 0.467499 0.232095
vt 0.460888 0.216101
vt 0.463565 0.214991
vt 0.466806 0.433406
vt 0.467093 0.430422
vt 0.576339 0.424888
vt 0.588221 0.437888
vt 0.585353 0.439559
vt 0.088360 0.745383
vt 0.192931 0.745380
vt 0.192928 0.850561
vt 0.088357 0.850564
vt 0.460916 0.449323
vt 0.657241 0.567893
vt 0.657246 0.565546
vt 0.674955 0.565057
vt 0.674904 0.568319
vt 0.654435 0.566709
vt 0.605880 0.657001
vt 0.603361 0.655339
vt 0.602329 0.473967
vt 0.604857 0.472313
vt 0.602799 0.471049
vt 0.611882 0.456494
vt 0.614740 0.458243
vt 0.497798 0.467236
vt 0.497602 0.464278
vt 0.495001 0.465468
vt 0.488390 0.449473
vt 0.491067 0.448365
vt 0.494308 0.666776
vt 0.494594 0.663792
vt 0.603840 0.658258
vt 0.615722 0.671258
vt 0.612853 0.672929
vt 0.567163 0.790697
vt 0.671734 0.790696
vt 0.671732 0.895878
vt 0.567161 0.895880
vt 0.488419 0.682693
vt 0.130543 0.525516
vt 0.133435 0.527235
vt 0.123865 0.541541
vt 0.121867 0.540457
vt 0.121359 0.543231
vt 0.012444 0.536754
vt 0.012095 0.533780
vt 0.175360 0.630739
vt 0.172645 0.631796
vt 0.193268 0.630062
vt 0.193287 0.633376
vt 0.175376 0.632807
vt 0.122678 0.726111
vt 0.120320 0.724429
vt 0.008536 0.748135
vt 0.005884 0.746967
vt 0.012833 0.731058
vt 0.015329 0.732165
vt 0.015692 0.729336
vt 0.120840 0.727207
vt 0.132616 0.740289
vt 0.129680 0.742040
vt 0.332603 0.828056
vt 0.332590 0.722867
vt 0.437152 0.722853
vt 0.437168 0.828043
vt 0.005851 0.517970
vt 0.918178 0.850747
vt 0.918178 0.883449
vt 0.915925 0.883449
vt 0.915925 0.850747
vt 0.915925 0.847781
vt 0.973606 0.799246
vt 0.973606 0.802818
vt 0.565895 0.548752
vt 0.531236 0.547584
vt 0.530816 0.544333
vt 0.566094 0.545568
vt 0.519376 0.577445
vt 0.516555 0.575788
vt 0.528389 0.545865
vt 0.480003 0.476515
vt 0.482727 0.474659
vt 0.973606 0.883449
vt 0.973606 0.886515
vt 0.918178 0.886515
vt 0.532515 0.608423
vt 0.516332 0.578740
vt 0.535327 0.606821
vt 0.449061 0.556514
vt 0.448387 0.552807
vt 0.566108 0.473047
vt 0.711781 0.174500
vt 0.678405 0.174500
vt 0.678405 0.140603
vt 0.711781 0.140603
vt 0.480994 0.631893
vt 0.267078 0.810452
vt 0.269739 0.810452
vt 0.269739 0.849090
vt 0.267078 0.849090
vt 0.269739 0.806952
vt 0.201596 0.753829
vt 0.201596 0.749611
vt 0.188579 0.616497
vt 0.188381 0.613313
vt 0.223655 0.612080
vt 0.223236 0.615329
vt 0.226086 0.613609
vt 0.237920 0.643535
vt 0.235098 0.645188
vt 0.271747 0.542402
vt 0.274470 0.544258
vt 0.267078 0.852709
vt 0.201596 0.852709
vt 0.201596 0.849090
vt 0.221957 0.676166
vt 0.219146 0.674564
vt 0.238141 0.646483
vt 0.306087 0.620552
vt 0.305413 0.624259
vt 0.188365 0.540791
vt 0.713408 0.199655
vt 0.713408 0.165756
vt 0.746782 0.165756
vt 0.746782 0.199655
vt 0.273478 0.699636
vt 0.098008 0.941344
vt 0.095321 0.938601
vt 0.099257 0.936056
vt 0.100665 0.937354
vt 0.007636 0.853539
vt 0.007641 0.851802
vt 0.089490 0.851829
vt 0.089484 0.853552
vt 0.005851 0.853552
vt 0.007665 0.933536
vt 0.005872 0.933552
vt 0.095376 0.854467
vt 0.098150 0.851827
vt 0.100811 0.855708
vt 0.099508 0.856964
vt 0.007658 0.935259
vt 0.089512 0.933550
vt 0.089508 0.935286
vt 0.187028 0.938739
vt 0.184249 0.941379
vt 0.181583 0.937498
vt 0.182891 0.936240
vt 0.091276 0.853534
vt 0.091298 0.933536
vt 0.184289 0.851816
vt 0.187026 0.854504
vt 0.183012 0.857080
vt 0.181708 0.855816
vt 0.101126 0.935639
vt 0.181115 0.935771
vt 0.101281 0.857438
vt 0.181225 0.857532
vt 0.131489 0.228714
vt 0.329475 0.228714
vt 0.329475 0.372309
vt 0.131489 0.372309
vt 0.723860 0.164495
vt 0.722992 0.162726
vt 0.731477 0.156312
vt 0.730700 0.159207
vt 0.460888 0.004618
vt 0.464475 0.002632
vt 0.464364 0.213727
vt 0.460937 0.211830
vt 0.673222 0.300665
vt 0.673970 0.303429
vt 0.665483 0.297071
vt 0.666351 0.295302
vt 0.455062 0.735220
vt 0.445886 0.735349
vt 0.445944 0.573770
vt 0.455043 0.573975
vt 0.678405 0.053703
vt 0.730158 0.002625
vt 0.731457 0.002925
vt 0.673958 0.456854
vt 0.672658 0.457154
vt 0.620901 0.406084
vt 0.131489 0.005744
vt 0.329475 0.005744
vt 0.329475 0.002632
vt 0.131489 0.002632
vt 0.003929 0.002632
vt 0.007439 0.005744
vt 0.007439 0.228714
vt 0.003929 0.228714
vt 0.131489 0.002632
vt 0.007439 0.372309
vt 0.003929 0.372309
vt 0.988767 0.113394
vt 0.985930 0.113394
vt 0.985930 0.002610
vt 0.988767 0.005757
vt 0.454510 0.005744
vt 0.458164 0.002632
vt 0.458164 0.228714
vt 0.454510 0.228714
vt 0.458164 0.372309
vt 0.454510 0.372309
vt 0.007439 0.513428
vt 0.003929 0.516706
vt 0.458164 0.516706
vt 0.454510 0.513428
vt 0.131489 0.516706
vt 0.131489 0.513428
vt 0.329475 0.513428
vt 0.329475 0.516706
vt 0.830918 0.868384
vt 0.830918 0.746873
vt 0.906802 0.746873
vt 0.906782 0.835719
vt 0.753412 0.214499
vt 0.753412 0.002624
vt 0.830601 0.035857
vt 0.830581 0.225575
vt 0.675905 0.835048
vt 0.675905 0.713470
vt 0.751770 0.746135
vt 0.751788 0.835048
vt 0.675905 0.712223
vt 0.675905 0.500346
vt 0.753074 0.489269
vt 0.753095 0.678987
vt 0.753412 0.357164
vt 0.830581 0.346088
vt 0.675905 0.357680
vt 0.753074 0.368756
vt 0.829296 0.744346
vt 0.829296 0.890145
vt 0.753432 0.857480
vt 0.753412 0.744346
vt 0.753412 0.499827
vt 0.830601 0.466592
vt 0.829296 0.615295
vt 0.753412 0.615295
vt 0.675905 0.215016
vt 0.753095 0.248250
vt 0.829296 0.469496
vt 0.753432 0.502159
vt 0.985930 0.113394
vt 0.676285 0.002668
vt 0.676250 0.213760
vt 0.318055 0.525515
vt 0.320949 0.527235
vt 0.311377 0.541542
vt 0.309380 0.540457
vt 0.308871 0.543231
vt 0.199959 0.536755
vt 0.199610 0.533779
vt 0.362874 0.630737
vt 0.360156 0.631793
vt 0.380781 0.630061
vt 0.380799 0.633374
vt 0.362888 0.632806
vt 0.310189 0.726108
vt 0.307834 0.724424
vt 0.196052 0.748131
vt 0.193399 0.746963
vt 0.200348 0.731054
vt 0.202846 0.732161
vt 0.203206 0.729332
vt 0.308352 0.727203
vt 0.320130 0.740284
vt 0.317192 0.742036
vt 0.458400 0.789149
vt 0.458387 0.683960
vt 0.562948 0.683946
vt 0.562965 0.789135
vt 0.193366 0.517970
vt 0.566683 0.787392
vt 0.563396 0.784038
vt 0.568211 0.780923
vt 0.569933 0.782511
vt 0.459209 0.795597
vt 0.459214 0.793443
vt 0.560643 0.793478
vt 0.560634 0.795612
vt 0.456997 0.795615
vt 0.459244 0.894730
vt 0.457022 0.894751
vt 0.563463 0.681103
vt 0.566858 0.677877
vt 0.570114 0.682625
vt 0.568518 0.684162
vt 0.459235 0.896867
vt 0.560669 0.894748
vt 0.560663 0.896901
vt 0.562856 0.795592
vt 0.562882 0.894730
vt 0.570498 0.780413
vt 0.668359 0.780573
vt 0.668931 0.782689
vt 0.570688 0.684738
vt 0.669083 0.682757
vt 0.668493 0.684857
vt 0.672241 0.677861
vt 0.672193 0.787436
vt 0.965929 0.129358
vt 0.965929 0.129358
vt 0.972563 0.129358
vt 0.972563 0.129358
vt 0.972563 0.149947
vt 0.974606 0.149947
vt 0.974606 0.335247
vt 0.972563 0.335247
vt 0.974606 0.129358
vt 0.972563 0.104262
vt 0.974606 0.104262
vt 0.965929 0.003881
vt 0.965929 0.002632
vt 0.972563 0.002632
vt 0.972563 0.003881
vt 0.994515 0.329394
vt 0.992450 0.329394
vt 0.992450 0.225928
vt 0.994515 0.225928
vt 0.974606 0.477979
vt 0.972563 0.477979
vt 0.914022 0.252762
vt 0.914022 0.251262
vt 0.919986 0.251262
vt 0.919986 0.252762
vt 0.650090 0.215021
vt 0.652209 0.215021
vt 0.652209 0.321193
vt 0.650090 0.321193
vt 0.921708 0.161238
vt 0.919986 0.161056
vt 0.919986 0.138504
vt 0.921708 0.138504
vt 0.984583 0.002632
vt 0.984583 0.003949
vt 0.977854 0.003949
vt 0.977854 0.002632
vt 0.975929 0.024192
vt 0.977855 0.024192
vt 0.977854 0.206378
vt 0.975929 0.206378
vt 0.977854 0.347509
vt 0.975929 0.347509
vt 0.972563 0.581158
vt 0.974606 0.581158
vt 0.974606 0.606952
vt 0.972563 0.606952
vt 0.975929 0.449531
vt 0.977855 0.449531
vt 0.977854 0.475037
vt 0.975929 0.475037
vt 0.983596 0.905097
vt 0.983596 0.906286
vt 0.977589 0.906286
vt 0.977589 0.905097
vt 0.975929 0.905097
vt 0.975929 0.876652
vt 0.977589 0.876652
vt 0.977589 0.762875
vt 0.975929 0.762875
vt 0.975929 0.619711
vt 0.977589 0.619711
vt 0.977589 0.505935
vt 0.975929 0.505935
vt 0.975929 0.477490
vt 0.977589 0.477490
vt 0.983596 0.476301
vt 0.983596 0.477490
vt 0.977589 0.476301
vt 0.992450 0.002632
vt 0.994515 0.002632
vt 0.992450 0.225928
vt 0.992450 0.002632
vt 0.985930 0.002632
vt 0.985930 0.002632
vt 0.991644 0.526379
vt 0.991644 0.526379
vt 0.985930 0.526379
vt 0.985930 0.526379
vt 0.763128 0.960208
vt 0.763128 0.995628
vt 0.647320 0.995628
vt 0.647320 0.960208
vt 0.122611 0.995628
vt 0.011410 0.995628
vt 0.011410 0.982400
vt 0.122611 0.982400
vt 0.557615 0.995628
vt 0.557615 0.960208
vt 0.211541 0.995628
vt 0.211541 0.982400
vt 0.491255 0.960208
vt 0.491255 0.995628
vt 0.491255 0.955450
vt 0.491605 0.940913
vt 0.277787 0.955451
vt 0.277787 0.995628
vt 0.277787 0.982400
vt 0.277395 0.941786
vt 0.586691 0.375631
vt 0.580897 0.375631
vt 0.580897 0.353714
vt 0.586691 0.353714
vt 0.963428 0.204829
vt 0.963428 0.025114
vt 0.969862 0.025114
vt 0.969862 0.204829
vt 0.985930 0.330658
vt 0.991644 0.330658
vt 0.914022 0.161056
vt 0.914022 0.138504
vt 0.984583 0.024192
vt 0.984583 0.206378
vt 0.965929 0.477979
vt 0.965929 0.335247
vt 0.984583 0.347509
vt 0.983596 0.876652
vt 0.965929 0.606952
vt 0.965929 0.581158
vt 0.983596 0.619711
vt 0.983596 0.762875
vt 0.984583 0.449531
vt 0.984583 0.475037
vt 0.983596 0.505935
vt 0.643402 0.215021
vt 0.643402 0.321193
vt 0.454615 0.837807
vt 0.454360 0.944831
vt 0.280076 0.944416
vt 0.280331 0.837392
vt 0.985930 0.329394
vt 0.985930 0.225928
vt 0.680905 0.002632
vt 0.681383 0.002632
vt 0.681383 0.007577
vt 0.680905 0.007577
vt 0.974606 0.002632
vt 0.974606 0.003881
vt 0.913424 0.251262
vt 0.913424 0.252762
vt 0.680489 0.004894
vt 0.678405 0.004894
vt 0.679667 0.002632
vt 0.680489 0.002632
vt 0.975929 0.003949
vt 0.279346 0.945228
vt 0.455092 0.945647
vt 0.424935 0.955450
vt 0.424935 0.995628
vt 0.344229 0.995628
vt 0.344229 0.955451
vt 0.921708 0.252170
vt 0.580897 0.266046
vt 0.586691 0.266046
vt 0.963428 0.005145
vt 0.969862 0.005145
vt 0.770898 0.959420
vt 0.770898 0.991592
vt 0.816746 0.995628
vt 0.816746 0.991592
vt 0.926714 0.991592
vt 0.926714 0.995628
vt 0.977627 0.991592
vt 0.977627 0.995628
vt 0.989728 0.995628
vt 0.989728 0.991592
vt 0.858169 0.884508
vt 0.858169 0.917210
vt 0.855920 0.917210
vt 0.855920 0.884508
vt 0.855920 0.881543
vt 0.913599 0.833006
vt 0.913599 0.836580
vt 0.123358 0.628006
vt 0.088702 0.626837
vt 0.088280 0.623584
vt 0.123558 0.624821
vt 0.076839 0.656699
vt 0.074017 0.655041
vt 0.085853 0.625116
vt 0.037468 0.555768
vt 0.040191 0.553912
vt 0.913599 0.917210
vt 0.913599 0.920279
vt 0.858169 0.920279
vt 0.089981 0.687674
vt 0.073797 0.657993
vt 0.092791 0.686072
vt 0.006523 0.635767
vt 0.005851 0.632059
vt 0.123572 0.552302
vt 0.711779 0.209664
vt 0.678405 0.209664
vt 0.678405 0.175765
vt 0.711779 0.175765
vt 0.038456 0.711147
vt 0.080561 0.808345
vt 0.083068 0.808345
vt 0.083068 0.844756
vt 0.080561 0.844756
vt 0.083068 0.805045
vt 0.018848 0.754982
vt 0.018848 0.751007
vt 0.461103 0.314108
vt 0.460903 0.310924
vt 0.496178 0.309690
vt 0.495759 0.312939
vt 0.498609 0.311220
vt 0.510443 0.341146
vt 0.507622 0.342799
vt 0.544270 0.240013
vt 0.546993 0.241869
vt 0.080561 0.848168
vt 0.018848 0.848168
vt 0.018848 0.844756
vt 0.494481 0.373776
vt 0.491670 0.372175
vt 0.510664 0.344095
vt 0.578611 0.318163
vt 0.577935 0.321870
vt 0.460888 0.238402
vt 0.603399 0.248919
vt 0.603399 0.215019
vt 0.636772 0.215019
vt 0.636772 0.248919
vt 0.546002 0.397246
vt 0.194020 0.938788
vt 0.191480 0.936196
vt 0.195201 0.933790
vt 0.196532 0.935018
vt 0.537553 0.551622
vt 0.537557 0.550007
vt 0.613616 0.550032
vt 0.613609 0.551635
vt 0.535894 0.551634
vt 0.537579 0.625960
vt 0.535913 0.625976
vt 0.191533 0.856667
vt 0.194155 0.854173
vt 0.196671 0.857842
vt 0.195438 0.859029
vt 0.537572 0.627562
vt 0.613636 0.625973
vt 0.613632 0.627587
vt 0.615275 0.551618
vt 0.615294 0.625960
vt 0.275576 0.854162
vt 0.278164 0.856703
vt 0.274371 0.859138
vt 0.273137 0.857944
vt 0.196968 0.933395
vt 0.272577 0.933520
vt 0.273020 0.935154
vt 0.197114 0.859475
vt 0.272682 0.859566
vt 0.275540 0.938821
vt 0.859332 0.622375
vt 0.858866 0.620179
vt 0.867182 0.618731
vt 0.868677 0.620647
vt 0.911946 0.002632
vt 0.911946 0.007597
vt 0.830918 0.007597
vt 0.830918 0.002632
vt 0.855672 0.621824
vt 0.850388 0.598478
vt 0.854020 0.597672
vt 0.845243 0.574875
vt 0.848885 0.574121
vt 0.839963 0.551274
vt 0.843611 0.550523
vt 0.834682 0.527608
vt 0.838417 0.526957
vt 0.830918 0.503787
vt 0.834008 0.504778
vt 0.833641 0.503361
vt 0.841753 0.500657
vt 0.841441 0.502692
vt 0.831414 0.373780
vt 0.834123 0.374236
vt 0.858620 0.257306
vt 0.859114 0.255114
vt 0.868426 0.256824
vt 0.866934 0.258746
vt 0.855547 0.255668
vt 0.853867 0.279827
vt 0.850175 0.279017
vt 0.834612 0.372830
vt 0.842018 0.374987
vt 0.842275 0.376995
vt 0.835365 0.350042
vt 0.839025 0.350679
vt 0.848921 0.303463
vt 0.845267 0.302748
vt 0.844036 0.327140
vt 0.840386 0.326426
vt 0.911946 0.022358
vt 0.911946 0.027081
vt 0.830918 0.027080
vt 0.830918 0.022358
vt 0.870640 0.618497
vt 0.862240 0.594200
vt 0.865728 0.593524
vt 0.857272 0.571750
vt 0.860729 0.571030
vt 0.852273 0.549343
vt 0.855731 0.548622
vt 0.847394 0.526926
vt 0.850832 0.526150
vt 0.844342 0.500969
vt 0.844870 0.376693
vt 0.870436 0.258955
vt 0.865570 0.283907
vt 0.862097 0.283275
vt 0.860820 0.306386
vt 0.857352 0.305717
vt 0.856175 0.328868
vt 0.852707 0.328195
vt 0.851483 0.351465
vt 0.848001 0.350710
vt 0.911946 0.074693
vt 0.830918 0.074693
vt 0.911946 0.118542
vt 0.830918 0.118542
vt 0.911946 0.162391
vt 0.830918 0.162391
vt 0.911946 0.206240
vt 0.830918 0.206240
vt 0.911946 0.253852
vt 0.830918 0.253852
vn 0.028685 0.991698 0.125346
vn 0.964823 0.260865 0.032638
vn 0.975372 0.218891 -0.027155
vn 0.031902 0.999009 -0.031046
vn 0.029281 0.980796 0.192828
vn 0.969389 0.240857 0.047682
vn 0.029723 0.981942 0.186830
vn 0.974021 0.222415 0.042602
vn -0.028630 0.991700 0.125347
vn -0.964053 0.263662 0.032919
vn -0.968750 0.243317 0.048180
vn -0.029215 0.980798 0.192828
vn -0.031899 0.999006 -0.031139
vn -0.974686 0.221916 -0.027197
vn -0.973437 0.224865 0.043080
vn -0.029671 0.981944 0.186831
vn 0.029614 0.981152 0.190957
vn 0.975098 0.217707 0.042293
vn 0.032690 0.977842 0.206777
vn 0.982252 0.182050 0.045149
vn -0.974461 0.220436 0.042826
vn -0.029582 0.981152 0.190958
vn -0.981717 0.184782 0.045685
vn -0.032706 0.977835 0.206808
vn 0.028114 0.414213 0.909746
vn 0.025758 0.153821 0.987763
vn 0.989601 -0.143684 -0.006692
vn -0.028087 0.413936 0.909873
vn -0.989869 -0.141848 -0.006276
vn -0.025995 0.154863 0.987594
vn -0.026472 0.444036 -0.895618
vn -0.027401 0.135188 -0.990441
vn -0.992285 -0.117549 -0.039404
vn 0.026489 0.444486 -0.895394
vn 0.991935 -0.120427 -0.039536
vn 0.027394 0.136022 -0.990327
vn 0.033447 -0.991144 -0.128514
vn 0.998030 -0.062288 -0.007564
vn 0.997373 -0.070849 -0.015088
vn 0.031431 -0.978913 -0.201847
vn 0.027496 -0.998824 -0.039923
vn 0.997525 -0.068913 -0.013973
vn 0.031303 -0.980434 -0.194341
vn -0.033490 -0.991143 -0.128510
vn -0.998221 -0.059194 -0.007158
vn -0.027411 -0.998832 -0.039796
vn -0.031476 -0.978911 -0.201847
vn -0.997571 -0.068122 -0.014542
vn -0.031359 -0.980433 -0.194341
vn -0.997703 -0.066392 -0.013482
vn 0.997577 -0.068351 -0.012999
vn 0.031491 -0.981842 -0.187071
vn 0.024876 -0.986349 -0.162777
vn -0.031538 -0.981841 -0.187068
vn -0.997703 -0.066552 -0.012636
vn -0.025248 -0.986359 -0.162659
vn 0.033490 -0.991142 -0.128513
vn 0.998212 -0.059347 -0.007164
vn 0.997571 -0.068119 -0.014542
vn 0.031475 -0.978911 -0.201847
vn 0.027508 -0.998825 -0.039890
vn 0.992303 -0.117313 -0.039664
vn 0.997707 -0.066334 -0.013472
vn 0.031345 -0.980433 -0.194341
vn -0.033446 -0.991144 -0.128509
vn -0.998045 -0.062042 -0.007552
vn -0.991993 -0.119906 -0.039660
vn -0.027394 -0.998831 -0.039826
vn -0.031432 -0.978913 -0.201847
vn -0.997374 -0.070839 -0.015086
vn -0.031317 -0.980434 -0.194341
vn -0.997521 -0.068968 -0.013983
vn 0.025880 0.153051 0.987880
vn 0.989963 -0.141196 -0.006160
vn 0.981746 0.184630 0.045669
vn 0.028037 0.414387 0.909669
vn 0.024886 -0.986347 -0.162789
vn -0.025992 0.154700 0.987620
vn -0.025241 -0.986362 -0.162645
vn 0.031521 -0.981840 -0.187071
vn 0.997754 -0.065803 -0.012509
vn -0.989532 -0.144162 -0.006600
vn -0.028133 0.414279 0.909715
vn -0.982215 0.182233 0.045216
vn -0.997524 -0.069098 -0.013125
vn -0.031508 -0.981842 -0.187068
vn -0.027362 0.134815 -0.990493
vn -0.975365 0.218909 -0.027251
vn -0.026488 0.444615 -0.895330
vn 0.027499 0.134937 -0.990473
vn 0.026378 0.444700 -0.895291
vn 0.974745 0.221654 -0.027238
vn -0.964785 0.261009 0.032616
vn -0.028634 0.991699 0.125350
vn -0.031914 0.998997 -0.031400
vn -0.969411 0.240770 0.047666
vn -0.029264 0.980796 0.192828
vn -0.974021 0.222414 0.042604
vn -0.029719 0.981942 0.186831
vn 0.028589 0.991701 0.125348
vn 0.964121 0.263414 0.032935
vn 0.031808 0.999002 -0.031360
vn 0.029215 0.980798 0.192828
vn 0.968750 0.243316 0.048180
vn 0.029672 0.981944 0.186831
vn 0.973439 0.224859 0.043079
vn -0.975022 0.218032 0.042361
vn -0.029617 0.981151 0.190958
vn -0.032738 0.977819 0.206876
vn 0.029575 0.981153 0.190957
vn 0.974523 0.220170 0.042768
vn 0.032654 0.977826 0.206857
vn -0.996527 0.081651 0.016361
vn -0.246444 0.950934 0.187054
vn -0.228746 0.966023 0.120309
vn -0.996198 0.086364 0.011439
vn -0.997101 0.074621 0.014842
vn -0.218417 0.957103 0.190388
vn -0.265432 0.947123 0.180286
vn -0.996901 0.077219 0.014993
vn -0.222061 0.949605 0.221221
vn -0.275747 0.946078 -0.169999
vn -0.747256 0.275383 -0.604792
vn 0.736429 0.413824 -0.535184
vn 0.798855 0.256647 -0.544025
vn 0.926310 0.373925 0.046154
vn 0.071223 0.970648 -0.229715
vn 0.067389 0.990067 0.123396
vn 0.068512 0.978904 0.192490
vn 0.935490 0.346673 0.068389
vn 0.069500 0.979999 0.186472
vn 0.944005 0.324062 0.061951
vn 0.069403 0.978416 0.194643
vn 0.945626 0.319037 0.063305
vn 0.075495 0.971374 0.225239
vn 0.962763 0.260418 0.072588
vn 0.992608 0.095645 0.074710
vn 0.055471 0.468438 0.881753
vn 0.055007 0.333948 0.940985
vn -0.814661 0.318793 0.484458
vn 0.996419 0.083777 0.011395
vn 0.996740 0.079094 0.015932
vn 0.997100 0.074699 0.014583
vn 0.997151 0.074014 0.014544
vn -0.663741 0.292733 0.688299
vn 0.996527 0.081651 0.016361
vn 0.996198 0.086364 0.011439
vn 0.228746 0.966023 0.120309
vn 0.246444 0.950934 0.187054
vn 0.997102 0.074621 0.014842
vn 0.996902 0.077218 0.014993
vn 0.265432 0.947123 0.180286
vn 0.218417 0.957103 0.190388
vn 0.222061 0.949605 0.221221
vn 0.747256 0.275382 -0.604792
vn 0.275747 0.946078 -0.169999
vn -0.798855 0.256648 -0.544024
vn -0.736428 0.413825 -0.535185
vn -0.926309 0.373927 0.046154
vn -0.067389 0.990067 0.123396
vn -0.071223 0.970648 -0.229715
vn -0.935489 0.346674 0.068389
vn -0.068512 0.978904 0.192490
vn -0.944005 0.324063 0.061951
vn -0.069500 0.979999 0.186472
vn -0.945626 0.319037 0.063305
vn -0.069403 0.978416 0.194643
vn -0.962764 0.260417 0.072588
vn -0.075496 0.971374 0.225239
vn -0.992608 0.095645 0.074711
vn -0.055006 0.333948 0.940985
vn -0.055471 0.468438 0.881753
vn 0.814661 0.318793 0.484458
vn -0.996419 0.083778 0.011395
vn -0.996740 0.079093 0.015932
vn -0.997100 0.074699 0.014583
vn -0.997151 0.074015 0.014545
vn 0.663742 0.292733 0.688298
vn 0.011896 0.492122 -0.870445
vn 0.868644 0.495303 -0.011523
vn 0.893637 0.448312 -0.020726
vn 0.021628 0.445407 -0.895067
vn 0.016978 0.999722 -0.016378
vn -0.011894 0.492139 -0.870435
vn -0.016973 0.999722 -0.016373
vn 0.016973 0.999722 0.016373
vn 0.868635 0.495319 0.011521
vn 0.011894 0.492138 0.870436
vn 0.021628 0.445405 0.895068
vn 0.893637 0.448312 0.020726
vn -0.016978 0.999722 0.016378
vn -0.011896 0.492121 0.870445
vn -0.868642 0.495306 0.011523
vn -0.893635 0.448317 0.020726
vn -0.021628 0.445405 0.895068
vn -0.868633 0.495322 -0.011521
vn -0.021628 0.445407 -0.895067
vn -0.893635 0.448317 -0.020726
vn -0.011896 0.492122 0.870445
vn -0.868644 0.495303 0.011523
vn -0.893637 0.448312 0.020726
vn -0.021628 0.445407 0.895067
vn -0.016978 0.999722 0.016378
vn 0.011894 0.492139 0.870435
vn 0.016974 0.999722 0.016373
vn -0.016973 0.999722 -0.016373
vn -0.868635 0.495319 -0.011521
vn -0.011894 0.492138 -0.870436
vn -0.021628 0.445405 -0.895068
vn -0.893637 0.448312 -0.020726
vn 0.016978 0.999722 -0.016378
vn 0.011896 0.492121 -0.870445
vn 0.868643 0.495305 -0.011523
vn 0.893635 0.448316 -0.020726
vn 0.021628 0.445405 -0.895068
vn 0.868634 0.495321 0.011521
vn 0.021628 0.445407 0.895067
vn 0.893635 0.448316 0.020726
vn -0.893741 0.448115 0.020477
vn -0.020656 0.444921 0.895332
vn -0.011644 0.491773 0.870646
vn -0.869331 0.494099 0.011398
vn -0.016634 0.999739 0.015642
vn -0.016229 0.999751 -0.015323
vn -0.868832 0.494979 -0.011283
vn 0.011511 0.490734 0.871234
vn 0.015831 0.999746 0.016032
vn 0.020519 0.444770 0.895410
vn 0.893986 0.447668 0.019560
vn 0.869522 0.493768 0.011163
vn 0.869531 0.493752 -0.011165
vn 0.015852 0.999757 -0.015304
vn -0.021254 0.445154 -0.895202
vn -0.893885 0.447858 -0.019803
vn -0.011782 0.490772 -0.871208
vn 0.011524 0.490603 -0.871307
vn 0.893986 0.447668 -0.019560
vn 0.020406 0.444726 -0.895434
vn 0.999193 0.033198 0.022598
vn 0.999023 0.023214 -0.037597
vn 0.057986 0.996464 -0.060803
vn 0.065019 0.997229 0.036148
vn 0.041340 0.658762 0.751215
vn 0.024164 0.651132 0.758579
vn 0.993437 0.074459 0.086824
vn -0.039792 0.998396 0.040288
vn -0.020648 0.665809 0.745837
vn -0.035512 0.997056 -0.067964
vn -0.768702 0.638260 -0.041486
vn -0.763228 0.645817 0.020104
vn -0.756955 0.652029 0.043321
vn -0.040438 0.669445 0.741761
vn 0.999278 -0.000000 -0.037996
vn 0.037762 0.000000 -0.999287
vn 0.037331 0.024160 -0.999011
vn -0.022839 0.033177 -0.999189
vn -0.083357 0.067659 -0.994220
vn -0.775907 0.630356 -0.024891
vn -0.999193 0.033198 0.022598
vn -0.065019 0.997229 0.036148
vn -0.057986 0.996464 -0.060803
vn -0.999023 0.023214 -0.037597
vn -0.041340 0.658762 0.751215
vn -0.993437 0.074459 0.086824
vn -0.024165 0.651132 0.758579
vn 0.020648 0.665809 0.745837
vn 0.039792 0.998396 0.040288
vn 0.763228 0.645817 0.020104
vn 0.768703 0.638260 -0.041486
vn 0.035512 0.997056 -0.067964
vn 0.040438 0.669445 0.741760
vn 0.756955 0.652029 0.043321
vn -0.037332 0.024160 -0.999011
vn -0.037762 0.000000 -0.999287
vn -0.999278 -0.000000 -0.037996
vn 0.022839 0.033177 -0.999189
vn 0.775907 0.630356 -0.024891
vn 0.083357 0.067659 -0.994220
vn -0.994439 0.104257 0.014913
vn -0.011285 0.088475 0.996014
vn -0.008209 0.417244 0.908758
vn -0.906016 0.423101 0.010986
vn -0.011802 -0.999814 0.015252
vn -0.994475 0.103979 -0.014437
vn -0.011799 -0.999814 -0.015248
vn 0.011799 -0.999814 0.015249
vn 0.011192 0.090373 0.995845
vn 0.994474 0.103982 0.014436
vn 0.906035 0.423064 0.010793
vn 0.008134 0.415535 0.909541
vn 0.011802 -0.999814 -0.015252
vn 0.994470 0.104021 -0.014439
vn -0.011123 0.091844 -0.995711
vn -0.906095 0.422938 -0.010795
vn -0.008161 0.415421 -0.909593
vn 0.011125 0.091883 -0.995708
vn 0.008166 0.415337 -0.909631
vn 0.906073 0.422984 -0.010799
vn -0.010635 0.999840 0.014402
vn -0.010623 0.999844 -0.014131
vn 0.010614 0.999834 0.014778
vn 0.010632 0.999844 -0.014142
vn 0.000000 1.000000 0.000000
vn -0.000000 1.000000 0.000000
vn 0.000000 1.000000 0.000000
vn 0.000000 1.000000 0.000000
vn 0.005912 0.565939 0.824426
vn 0.999983 0.003220 0.004928
vn 0.151022 0.969359 0.193739
vn 0.007750 0.683079 0.730303
vn -0.150656 0.969414 0.193751
vn -0.007637 0.683684 0.729739
vn -0.999984 0.003062 0.004768
vn -0.005735 0.565900 0.824454
vn 0.654001 0.503981 0.564168
vn 0.467920 0.599159 0.649660
vn 0.151434 0.970079 0.189775
vn -0.151442 0.970078 0.189775
vn -0.468172 0.599069 0.649562
vn -0.654258 0.503833 0.564002
vn -0.000005 0.999996 0.002959
vn 0.000005 0.999996 0.002960
vn -0.584474 0.758697 0.287696
vn -0.014202 0.999880 0.006203
vn -0.009262 0.999957 -0.000000
vn -0.753152 0.657847 -0.000000
vn -0.008826 0.999961 0.000000
vn -0.753933 0.656952 0.000000
vn 0.584369 0.758728 0.287828
vn 0.014197 0.999880 0.006206
vn 0.753152 0.657847 -0.000000
vn 0.009260 0.999957 -0.000000
vn 0.753993 0.656882 0.000001
vn 0.008825 0.999961 0.000001
vn -0.012595 0.999859 -0.011080
vn -0.460742 0.778475 -0.426255
vn 0.460773 0.778441 -0.426285
vn 0.012596 0.999859 -0.011080
vn -0.000001 0.678708 -0.734408
vn -0.000001 0.999970 -0.007791
vn 0.000000 0.999970 -0.007790
vn 0.000000 0.678652 -0.734460
vn -0.579118 0.757074 0.302426
vn -0.765411 0.643542 0.000000
vn 0.579009 0.757103 0.302562
vn 0.765411 0.643542 0.000000
vn -0.765410 0.643542 -0.000000
vn 0.765411 0.643542 -0.000000
vn 0.000000 0.666208 -0.745766
vn -0.451271 0.774858 -0.442662
vn -0.000000 0.666208 -0.745766
vn 0.451271 0.774858 -0.442662
vn 0.893741 0.448116 -0.020477
vn 0.020656 0.444921 -0.895332
vn 0.011645 0.491773 -0.870646
vn 0.869330 0.494100 -0.011398
vn 0.016634 0.999739 -0.015642
vn 0.016229 0.999751 0.015323
vn 0.868831 0.494980 0.011283
vn -0.011512 0.490734 -0.871234
vn -0.015831 0.999746 -0.016032
vn -0.020520 0.444770 -0.895410
vn -0.893986 0.447668 -0.019560
vn -0.869522 0.493768 -0.011163
vn -0.869531 0.493752 0.011165
vn -0.015852 0.999757 0.015304
vn 0.021254 0.445154 0.895202
vn 0.893885 0.447859 0.019803
vn 0.011782 0.490772 0.871208
vn -0.011524 0.490603 0.871307
vn -0.893986 0.447668 0.019560
vn -0.020406 0.444726 0.895434
vn -0.999736 -0.018137 0.014123
vn -0.013863 -0.024158 0.999612
vn -0.010930 0.424744 0.905248
vn -0.906173 0.422756 0.011278
vn -0.015917 -0.999744 0.016089
vn -0.999678 -0.025342 -0.001553
vn -0.015917 -0.999744 -0.016089
vn 0.015917 -0.999744 0.016089
vn 0.013720 -0.020901 0.999687
vn 0.999737 -0.018344 0.013756
vn 0.906275 0.422544 0.011091
vn 0.010907 0.422989 0.906069
vn 0.015918 -0.999744 -0.016089
vn 0.999678 -0.025340 -0.001553
vn -0.003937 -0.568774 -0.822484
vn 0.003937 -0.568774 -0.822484
vn -0.014654 0.999779 0.015055
vn -0.014873 0.999889 0.000000
vn -0.907029 0.421069 0.000000
vn 0.014626 0.999774 0.015449
vn 0.907028 0.421070 0.000000
vn 0.014873 0.999889 0.000000
vn -0.999225 -0.000002 0.039361
vn -0.038891 -0.000002 0.999243
vn -0.032964 0.197023 0.979845
vn -0.979945 0.196431 0.033518
vn -0.979674 0.200599 -0.000000
vn -0.035282 0.999377 -0.000000
vn -0.033513 0.999438 -0.000000
vn -0.979667 0.200632 0.000000
vn -0.037977 0.998564 0.037790
vn 0.000880 0.191698 0.981453
vn 0.000037 0.999142 0.041424
vn -0.009372 -0.004336 0.999947
vn -0.999965 -0.003273 0.007644
vn -0.966455 0.256746 0.006752
vn -0.008186 0.260734 0.965376
vn -0.002869 0.999996 0.000035
vn -0.979686 0.200432 0.006459
vn -0.004677 0.999961 0.007552
vn -0.031888 0.999491 0.000000
vn -0.979667 0.200628 0.000000
vn 0.999966 -0.003270 0.007635
vn 0.009363 -0.004328 0.999947
vn 0.008188 0.260824 0.965352
vn 0.966457 0.256740 0.006749
vn 0.002869 0.999996 0.000035
vn 0.004677 0.999961 0.007552
vn 0.979686 0.200432 0.006459
vn -0.000037 0.999145 0.041353
vn -0.000878 0.191693 0.981455
vn 0.032967 0.197002 0.979849
vn 0.037977 0.998565 0.037771
vn 0.038882 -0.000004 0.999244
vn 0.999225 -0.000004 0.039355
vn 0.979945 0.196429 0.033516
vn 0.035282 0.999377 -0.000000
vn 0.979674 0.200597 -0.000000
vn 0.979667 0.200631 0.000000
vn 0.033513 0.999438 -0.000000
vn 0.979667 0.200628 0.000000
vn 0.031888 0.999491 0.000000
vn -0.979668 0.200625 0.000000
vn -0.031888 0.999491 0.000000
vn -0.031225 0.999037 -0.030837
vn -0.979973 0.197320 -0.026784
vn 0.031888 0.999491 0.000000
vn 0.979668 0.200625 0.000000
vn 0.979973 0.197320 -0.026784
vn 0.031225 0.999037 -0.030837
vn -0.031889 0.000000 -0.999491
vn -0.999504 0.000000 -0.031500
vn -0.027116 0.197286 -0.979971
vn -0.000000 0.999504 -0.031501
vn 0.000000 0.200633 -0.979666
vn 0.000000 0.200633 -0.979667
vn 0.000000 0.999504 -0.031501
vn 0.000000 0.999504 -0.031501
vn 0.000000 0.200633 -0.979667
vn 0.000000 0.200633 -0.979666
vn -0.000000 0.999504 -0.031501
vn 0.027116 0.197286 -0.979971
vn 0.999504 0.000000 -0.031500
vn 0.031889 0.000000 -0.999491
vn 0.003995 0.200139 0.979759
vn -0.003995 0.200139 0.979759
vn 0.004719 0.000000 0.999989
vn 0.999971 0.000000 0.007633
vn -0.999971 0.000000 0.007633
vn -0.004719 0.000000 0.999989
vn -0.000000 1.000000 -0.000000
vn -0.000000 1.000000 -0.000000
vn 0.000000 1.000000 -0.000000
vn 0.000000 1.000000 0.000000
vn -0.000000 1.000000 0.000000
vn 0.000000 1.000000 0.000000
vn -0.000000 1.000000 -0.000000
vn -0.000000 1.000000 0.000000
vn 0.000897 0.000000 1.000000
vn -1.000000 0.000002 0.000000
vn -1.000000 0.000003 0.000000
vn -0.000896 0.000000 1.000000
vn 1.000000 0.000003 0.000000
vn 1.000000 0.000002 0.000000
vn -1.000000 0.000000 0.000000
vn 1.000000 0.000000 0.000000
vn 0.000000 0.000000 -1.000000
vn -1.000000 0.000000 0.000000
vn 0.000000 0.000000 -1.000000
vn 0.000000 0.000000 -1.000000
vn 1.000000 0.000000 0.000000
vn 0.000000 0.000000 -1.000000
vn -0.000000 -1.000000 -0.000000
vn -0.000000 -1.000000 -0.000000
vn -0.000127 0.999971 0.007581
vn 0.000000 -1.000000 -0.000000
vn 0.000000 -1.000000 -0.000000
vn 0.000127 0.999971 0.007572
vn 0.000000 1.000000 0.000000
vn 0.000000 1.000000 0.000000
vn 0.000000 1.000000 0.000000
vn 0.000000 1.000000 0.000000
vn -0.999193 0.033199 -0.022598
vn -0.999023 0.023214 0.037597
vn -0.057986 0.996464 0.060803
vn -0.065019 0.997229 -0.036148
vn -0.041340 0.658762 -0.751215
vn -0.024164 0.651132 -0.758579
vn -0.993437 0.074459 -0.086824
vn 0.039792 0.998396 -0.040288
vn 0.020649 0.665809 -0.745837
vn 0.035512 0.997056 0.067964
vn 0.768703 0.638259 0.041486
vn 0.763228 0.645816 -0.020104
vn 0.756955 0.652029 -0.043321
vn 0.040438 0.669445 -0.741760
vn -0.999278 0.000000 0.037996
vn -0.037762 0.000000 0.999287
vn -0.037332 0.024161 0.999011
vn 0.022839 0.033177 0.999188
vn 0.083358 0.067659 0.994220
vn 0.775908 0.630355 0.024891
vn 0.999193 0.033198 -0.022598
vn 0.065019 0.997229 -0.036148
vn 0.057986 0.996464 0.060803
vn 0.999023 0.023214 0.037597
vn 0.041340 0.658762 -0.751215
vn 0.993437 0.074459 -0.086824
vn 0.024164 0.651133 -0.758579
vn -0.020649 0.665809 -0.745837
vn -0.039792 0.998396 -0.040288
vn -0.763228 0.645816 -0.020104
vn -0.768703 0.638259 0.041486
vn -0.035512 0.997056 0.067964
vn -0.040438 0.669445 -0.741760
vn -0.756955 0.652029 -0.043321
vn 0.037332 0.024161 0.999011
vn 0.037762 0.000000 0.999287
vn 0.999278 0.000000 0.037996
vn -0.022839 0.033177 0.999188
vn -0.775908 0.630355 0.024891
vn -0.083358 0.067659 0.994220
vn -0.999821 -0.015133 0.011374
vn -0.011106 -0.086832 0.996161
vn -0.009237 0.260055 0.965550
vn -0.950199 0.311479 0.010160
vn -0.012634 -0.999858 0.011171
vn -0.999822 -0.018825 -0.000767
vn -0.012596 -0.999859 -0.011131
vn 0.011478 -0.999862 0.012043
vn 0.010523 -0.064173 0.997883
vn 0.991570 -0.129075 0.011306
vn 0.977896 0.208869 0.009681
vn 0.010267 0.267471 0.963511
vn 0.011308 -0.999866 -0.011868
vn 0.991261 -0.131438 -0.011187
vn -0.003278 -0.676670 -0.736279
vn 0.041704 -0.652988 -0.756220
vn 0.704500 0.167274 -0.689709
vn 0.977618 0.210167 -0.009612
vn -0.011444 0.999861 0.012091
vn -0.011558 0.999933 0.000000
vn -0.950345 0.311199 0.000000
vn 0.012231 0.999853 0.012033
vn 0.012282 0.999925 -0.000041
vn -0.999216 -0.034112 0.020084
vn -0.019523 0.038913 0.999052
vn -0.012822 0.493029 0.869918
vn -0.888986 0.457771 0.012255
vn -0.429088 -0.815237 0.388938
vn -0.999216 -0.034112 -0.020084
vn -0.429079 -0.815246 -0.388929
vn 0.000000 -0.707093 0.707121
vn 0.000000 0.088751 0.996054
vn 0.000000 -0.707093 0.707121
vn 0.000000 0.079630 0.996825
vn 0.000000 -0.707093 0.707121
vn 0.000000 0.079630 0.996825
vn 0.000000 -0.707093 0.707121
vn 0.000000 0.088751 0.996054
vn 0.429088 -0.815237 0.388938
vn 0.019523 0.038913 0.999052
vn 0.999216 -0.034111 0.020084
vn 0.888986 0.457771 0.012255
vn 0.012822 0.493029 0.869918
vn 0.429079 -0.815246 -0.388929
vn 0.999216 -0.034112 -0.020084
vn -0.019524 0.038892 -0.999053
vn -0.888986 0.457770 -0.012255
vn -0.012823 0.493044 -0.869910
vn 0.000000 0.088734 -0.996055
vn 0.000000 -0.707119 -0.707095
vn 0.019524 0.038892 -0.999053
vn 0.012823 0.493044 -0.869910
vn 0.888986 0.457771 -0.012255
vn 0.000000 -0.707119 -0.707095
vn 0.000000 0.088734 -0.996055
vn 0.000000 0.079611 -0.996826
vn 0.000000 -0.707119 -0.707095
vn 0.000000 0.079611 -0.996826
vn 0.000000 -0.707119 -0.707095
vn -0.018756 0.999646 0.018849
vn -0.018756 0.999646 -0.018849
vn 0.000000 0.501449 0.865187
vn 0.000000 0.999818 0.019099
vn 0.000000 0.499191 0.866492
vn 0.000000 0.999818 0.019099
vn 0.000000 0.499191 0.866492
vn 0.000000 0.999818 0.019099
vn 0.000000 0.501449 0.865187
vn 0.000000 0.999818 0.019099
vn 0.018756 0.999646 0.018850
vn 0.018756 0.999646 -0.018849
vn 0.000000 0.999818 -0.019099
vn 0.000000 0.501465 -0.865178
vn 0.000000 0.999818 -0.019099
vn 0.000000 0.499207 -0.866483
vn 0.000000 0.999818 -0.019099
vn 0.000000 0.499207 -0.866483
vn 0.000000 0.999818 -0.019099
vn 0.000000 0.501465 -0.865178
s 1
g polySurface153
usemtl lambert17SG
f 451/658/523 452/659/524 478/660/525 477/661/526
f 452/659/524 451/658/523 453/662/527 454/663/528
f 454/663/528 453/662/527 459/664/529 460/665/530
f 455/666/531 456/667/532 458/668/533 457/669/534
f 456/667/532 455/666/531 474/670/535 473/671/536
f 457/669/534 458/668/533 464/672/537 463/673/538
f 460/665/530 459/664/529 461/674/539 462/675/540
f 462/675/540 461/674/539 468/676/541 467/677/542
f 463/673/538 464/672/537 466/678/543 465/679/544
f 465/679/544 466/678/543 472/680/545 471/681/546
f 467/677/542 469/682/547 495/683/548 497/684/549
f 469/685/547 468/686/541 471/687/546 470/688/550
f 470/689/550 472/680/545 498/690/551 500/691/552
f 473/671/536 475/692/553 501/693/554 503/694/555
f 475/695/553 474/696/535 477/697/526 476/698/556
f 476/699/556 478/660/525 504/700/557 506/701/558
f 479/702/559 480/703/560 482/704/561 481/705/562
f 480/703/560 479/702/559 505/706/563 504/700/557
f 481/705/562 482/704/561 488/707/564 487/708/565
f 483/709/566 484/710/567 503/694/555 502/711/568
f 484/710/567 483/709/566 485/712/569 486/713/570
f 486/713/570 485/712/569 491/714/571 492/715/572
f 487/708/565 488/707/564 490/716/573 489/717/574
f 489/717/574 490/716/573 497/684/549 496/718/575
f 492/715/572 491/714/571 493/719/576 494/720/577
f 494/720/577 493/719/576 499/721/578 498/690/551
f 496/722/575 495/723/548 500/724/552 499/725/578
f 502/726/568 501/727/554 506/728/558 505/729/563
f 455/730/531 457/731/534 453/732/527 451/733/523
f 463/734/538 465/735/544 461/736/539 459/737/529
f 465/735/544 471/687/546 468/686/541 461/736/539
f 457/731/534 463/734/538 459/737/529 453/732/527
f 451/733/523 477/697/526 474/696/535 455/730/531
f 483/738/566 479/739/559 481/740/562 485/741/569
f 491/742/571 487/743/565 489/744/574 493/745/576
f 493/745/576 489/744/574 496/746/575 499/747/578
f 485/741/569 481/740/562 487/743/565 491/742/571
f 479/739/559 483/738/566 502/748/568 505/749/563
f 480/703/560 452/659/524 454/663/528 482/704/561
f 486/713/570 458/668/533 456/667/532 484/710/567
f 488/707/564 460/665/530 462/675/540 490/716/573
f 494/720/577 466/678/543 464/672/537 492/715/572
f 490/716/573 462/675/540 467/677/542 497/684/549
f 495/723/548 469/685/547 470/688/550 500/724/552
f 498/690/551 472/680/545 466/678/543 494/720/577
f 482/704/561 454/663/528 460/665/530 488/707/564
f 492/715/572 464/672/537 458/668/533 486/713/570
f 484/710/567 456/667/532 473/671/536 503/694/555
f 501/727/554 475/695/553 476/698/556 506/728/558
f 504/700/557 478/660/525 452/659/524 480/703/560
f 467/677/542 468/676/541 469/682/547
f 470/689/550 471/681/546 472/680/545
f 473/671/536 474/670/535 475/692/553
f 476/699/556 477/661/526 478/660/525
f 495/683/548 496/718/575 497/684/549
f 498/690/551 499/721/578 500/691/552
f 501/693/554 502/711/568 503/694/555
f 504/700/557 505/706/563 506/701/558
s 5
f 507/750/579 508/751/580 510/752/581 509/753/582
f 508/751/580 507/750/579 533/754/583 532/755/584
f 509/753/582 510/752/581 526/756/585 525/757/586
f 511/758/587 512/759/588 531/760/589 530/761/590
f 512/759/588 511/758/587 513/762/591 514/763/592
f 514/763/592 513/762/591 521/764/593 522/765/594
f 515/766/595 517/767/596 556/768/597 555/769/598
f 516/770/599 515/771/595 520/772/600 519/773/601
f 517/767/596 516/774/599 527/775/602 528/776/603
f 518/777/604 520/778/600 553/779/605 552/780/606
f 519/781/601 518/777/604 524/782/607 523/783/608
f 522/765/594 521/764/593 523/783/608 524/782/607
f 525/757/586 526/756/585 528/776/603 527/775/602
f 529/784/609 531/760/589 562/785/610 561/786/611
f 530/787/590 529/788/609 534/789/612 533/790/583
f 532/755/584 534/791/612 559/792/613 558/793/614
f 535/794/615 536/795/616 560/796/617 562/785/610
f 536/795/616 535/794/615 538/797/618 537/798/619
f 537/798/619 538/797/618 543/799/620 544/800/621
f 539/801/622 540/802/623 558/793/614 557/803/624
f 540/802/623 539/801/622 542/804/625 541/805/626
f 541/805/626 542/804/625 547/806/627 548/807/628
f 544/800/621 543/799/620 546/808/629 545/809/630
f 545/809/630 546/808/629 552/780/606 551/810/631
f 548/807/628 547/806/627 550/811/632 549/812/633
f 549/812/633 550/811/632 554/813/634 556/768/597
f 551/814/631 553/815/605 555/816/598 554/817/634
f 557/818/624 559/819/613 561/820/611 560/821/617
f 539/822/622 536/823/616 537/824/619 542/825/625
f 547/826/627 544/827/621 545/828/630 550/829/632
f 550/829/632 545/828/630 551/814/631 554/817/634
f 542/825/625 537/824/619 544/827/621 547/826/627
f 536/823/616 539/822/622 557/818/624 560/821/617
f 507/830/579 509/831/582 513/832/591 511/833/587
f 525/834/586 527/835/602 523/836/608 521/837/593
f 527/835/602 516/838/599 519/839/601 523/836/608
f 509/831/582 525/834/586 521/837/593 513/832/591
f 511/833/587 530/840/590 533/841/583 507/830/579
f 512/759/588 514/763/592 538/797/618 535/794/615
f 510/752/581 508/751/580 540/802/623 541/805/626
f 522/765/594 524/782/607 546/808/629 543/799/620
f 528/776/603 526/756/585 548/807/628 549/812/633
f 524/782/607 518/777/604 552/780/606 546/808/629
f 520/772/600 515/771/595 555/816/598 553/815/605
f 517/767/596 528/776/603 549/812/633 556/768/597
f 514/763/592 522/765/594 543/799/620 538/797/618
f 526/756/585 510/752/581 541/805/626 548/807/628
f 508/751/580 532/755/584 558/793/614 540/802/623
f 534/789/612 529/788/609 561/820/611 559/819/613
f 531/760/589 512/759/588 535/794/615 562/785/610
f 515/766/595 516/774/599 517/767/596
f 518/777/604 519/781/601 520/778/600
f 529/784/609 530/761/590 531/760/589
f 532/755/584 533/754/583 534/791/612
f 551/810/631 552/780/606 553/779/605
f 554/813/634 555/769/598 556/768/597
f 557/803/624 558/793/614 559/792/613
f 560/796/617 561/786/611 562/785/610
s 10
f 571/842/635 575/843/636 574/844/637 564/845/638
f 569/846/639 577/847/640 576/848/641 567/849/642
f 592/850/643 577/847/640 569/846/639
f 567/849/642 576/848/641 575/843/636 571/842/635
f 564/845/638 574/844/637 578/851/644 573/852/645
f 573/853/645 595/854/646 572/855/647
f 579/856/648 595/854/646 594/857/649 580/858/650
f 580/858/650 581/859/651 582/860/652 579/856/648
f 581/859/651 584/861/653 583/862/654 582/860/652
f 584/861/653 585/863/655 586/864/656 583/862/654
f 585/863/655 589/865/657 590/866/658 586/864/656
f 587/867/659 590/868/658 591/869/660 588/870/661
f 589/865/657 592/871/643 593/872/662 591/873/660
f 574/874/637 575/875/636 581/859/651 580/858/650
f 576/876/641 577/877/640 585/863/655 584/861/653
f 577/877/640 592/871/643 589/865/657 585/863/655
f 575/875/636 576/876/641 584/861/653 581/859/651
f 580/858/650 594/857/649 578/878/644 574/874/637
f 563/879/663 579/880/648 582/881/652 570/882/664
f 566/883/665 583/884/654 586/885/656 568/886/666
f 568/886/666 586/885/656 590/887/658 587/888/659
f 591/869/660 593/889/662 565/890/667 588/870/661
f 570/882/664 582/881/652 583/884/654 566/883/665
f 572/891/647 595/892/646 579/880/648 563/879/663
f 589/865/657 591/873/660 590/866/658
f 565/893/667 593/894/662 592/850/643 569/846/639
f 573/853/645 578/878/644 594/857/649 595/854/646
s 12
f 604/895/668 597/896/669 607/897/670 608/898/671
f 602/899/672 600/900/673 609/901/674 610/902/675
f 625/903/676 602/899/672 610/902/675
f 600/900/673 604/895/668 608/898/671 609/901/674
f 597/896/669 606/904/677 611/905/678 607/897/670
f 606/906/677 605/907/679 628/908/680
f 612/909/681 613/910/682 627/911/683 628/908/680
f 613/910/682 612/909/681 615/912/684 614/913/685
f 614/913/685 615/912/684 616/914/686 617/915/687
f 617/915/687 616/914/686 619/916/688 618/917/689
f 618/917/689 619/916/688 623/918/690 622/919/691
f 620/920/692 621/921/693 624/922/694 623/923/690
f 622/919/691 624/924/694 626/925/695 625/926/676
f 607/927/670 613/910/682 614/913/685 608/928/671
f 609/929/674 617/915/687 618/917/689 610/930/675
f 610/930/675 618/917/689 622/919/691 625/926/676
f 608/928/671 614/913/685 617/915/687 609/929/674
f 613/910/682 607/927/670 611/931/678 627/911/683
f 596/932/696 603/933/697 615/934/684 612/935/681
f 599/936/698 601/937/699 619/938/688 616/939/686
f 601/937/699 620/940/692 623/941/690 619/938/688
f 624/922/694 621/921/693 598/942/700 626/943/695
f 603/933/697 599/936/698 616/939/686 615/934/684
f 605/944/679 596/932/696 612/935/681 628/945/680
f 622/919/691 623/918/690 624/924/694
f 598/946/700 602/899/672 625/903/676 626/947/695
f 606/906/677 628/908/680 627/911/683 611/931/678
s 16
f 629/948/701 631/949/702 643/950/703 644/951/704
f 630/952/705 629/948/701 640/953/706 639/954/707
f 631/949/702 630/952/705 633/955/708 632/956/709
f 632/956/709 634/957/710 645/958/711 646/959/712
f 634/957/710 633/955/708 636/960/713 635/961/714
f 635/961/714 637/962/715 647/963/716 648/964/717
f 637/965/715 636/966/713 639/954/707 638/967/718
f 638/967/718 640/953/706 641/968/719 642/969/720
f 630/970/705 639/971/707 636/972/713 633/973/708
f 640/953/706 629/948/701 644/951/704 641/968/719
f 631/949/702 632/956/709 646/959/712 643/950/703
f 638/967/718 642/969/720 647/974/716 637/965/715
f 635/961/714 648/964/717 645/958/711 634/957/710
f 629/948/701 630/952/705 631/949/702
f 632/956/709 633/955/708 634/957/710
f 635/961/714 636/960/713 637/962/715
f 638/967/718 639/954/707 640/953/706
s 17
f 649/975/721 651/976/722 663/977/723 664/978/724
f 650/979/725 649/975/721 660/980/726 659/981/727
f 651/976/722 650/979/725 653/982/728 652/983/729
f 652/983/729 654/984/730 665/985/731 666/986/732
f 654/984/730 653/982/728 656/987/733 655/988/734
f 655/988/734 657/989/735 667/990/736 668/991/737
f 657/992/735 656/993/733 659/981/727 658/994/738
f 658/994/738 660/980/726 661/995/739 662/996/740
f 650/997/725 659/998/727 656/999/733 653/1000/728
f 660/980/726 649/975/721 664/978/724 661/995/739
f 651/976/722 652/983/729 666/986/732 663/977/723
f 658/994/738 662/996/740 667/1001/736 657/992/735
f 655/988/734 668/991/737 665/985/731 654/984/730
f 649/975/721 650/979/725 651/976/722
f 652/983/729 653/982/728 654/984/730
f 655/988/734 656/987/733 657/989/735
f 658/994/738 659/981/727 660/980/726
s 18
f 669/1002/741 670/1003/742 672/1004/743 671/1005/744
f 671/1005/744 673/1006/745 683/1007/746 682/1008/747
f 673/1006/745 672/1004/743 677/1009/748 676/1010/749
f 674/1011/750 675/1012/751 678/1013/752 677/1009/748
f 676/1010/749 678/1013/752 687/1014/753 686/1015/754
f 679/1016/755 680/1017/756 682/1018/747 681/1019/757
f 681/1019/757 683/1020/746 686/1015/754 688/1021/758
f 684/1022/759 685/1023/760 688/1021/758 687/1014/753
f 676/1024/749 686/1025/754 683/1026/746 673/1027/745
f 672/1004/743 670/1003/742 674/1011/750 677/1009/748
f 678/1013/752 675/1012/751 684/1022/759 687/1014/753
f 671/1005/744 682/1008/747 680/1028/756 669/1002/741
f 681/1019/757 688/1021/758 685/1023/760 679/1016/755
f 671/1005/744 672/1004/743 673/1006/745
f 676/1010/749 677/1009/748 678/1013/752
f 681/1019/757 682/1018/747 683/1020/746
f 686/1015/754 687/1014/753 688/1021/758
s 20
f 689/1029/761 695/1030/762 696/1031/763 691/1032/764
f 690/1033/765 702/1034/766 701/1035/767 689/1029/761
f 691/1036/764 692/1037/768 693/1038/769 690/1039/765
f 692/1037/768 699/1040/770 700/1041/771 694/1042/772
f 694/1042/772 703/1043/773 704/1044/774 693/1038/769
f 695/1030/762 705/1045/775 706/1046/776 697/1047/777
f 697/1048/777 698/1049/778 699/1040/770 696/1050/763
f 698/1049/778 708/1051/779 707/1052/780 700/1041/771
f 690/1039/765 693/1038/769 704/1044/774 702/1053/766
f 691/1054/764 696/1055/763 699/1056/770 692/1057/768
f 697/1048/777 706/1058/776 708/1051/779 698/1049/778
f 694/1042/772 700/1041/771 707/1052/780 703/1043/773
f 695/1030/762 689/1029/761 701/1035/767 705/1045/775
f 689/1029/761 691/1032/764 690/1033/765
f 692/1037/768 694/1042/772 693/1038/769
f 695/1030/762 697/1047/777 696/1031/763
f 698/1049/778 700/1041/771 699/1040/770
s 22
f 709/1059/781 711/1060/782 716/1061/783 715/1062/784
f 710/1063/785 709/1059/781 721/1064/786 722/1065/787
f 711/1066/782 710/1067/785 713/1068/788 712/1069/789
f 712/1069/789 714/1070/790 720/1071/791 719/1072/792
f 714/1070/790 713/1068/788 724/1073/793 723/1074/794
f 715/1062/784 717/1075/795 726/1076/796 725/1077/797
f 717/1078/795 716/1079/783 719/1072/792 718/1080/798
f 718/1080/798 720/1071/791 727/1081/799 728/1082/800
f 710/1067/785 722/1083/787 724/1073/793 713/1068/788
f 711/1084/782 712/1085/789 719/1086/792 716/1087/783
f 717/1078/795 718/1080/798 728/1082/800 726/1088/796
f 714/1070/790 723/1074/794 727/1081/799 720/1071/791
f 715/1062/784 725/1077/797 721/1064/786 709/1059/781
f 709/1059/781 710/1063/785 711/1060/782
f 712/1069/789 713/1068/788 714/1070/790
f 715/1062/784 716/1061/783 717/1075/795
f 718/1080/798 719/1072/792 720/1071/791
s 23
f 729/1089/801 731/1090/802 742/1091/803 741/1092/804
f 730/1093/805 729/1094/801 737/1095/806 736/1096/807
f 731/1097/802 730/1093/805 733/1098/808 732/1099/809
f 732/1100/809 734/1101/810 746/1102/811 745/1103/812
f 734/1104/810 733/1098/808 739/1105/813 738/1106/814
f 735/1107/815 737/1108/806 752/1109/816 751/1110/817
f 736/1096/807 735/1111/815 740/1112/818 739/1105/813
f 738/1113/814 740/1114/818 749/1115/819 748/1116/820
f 741/1092/804 743/1117/821 750/1118/822 752/1109/816
f 743/1117/821 742/1091/803 745/1103/812 744/1119/823
f 744/1119/823 746/1102/811 748/1116/820 747/1120/824
f 747/1120/824 749/1115/819 751/1110/817 750/1118/822
f 743/1117/821 744/1119/823 747/1120/824 750/1118/822
f 730/1093/805 736/1096/807 739/1105/813 733/1098/808
f 731/1090/802 732/1100/809 745/1103/812 742/1091/803
f 734/1101/810 738/1113/814 748/1116/820 746/1102/811
f 740/1114/818 735/1107/815 751/1110/817 749/1115/819
f 737/1108/806 729/1089/801 741/1092/804 752/1109/816
f 729/1094/801 730/1093/805 731/1097/802
f 732/1099/809 733/1098/808 734/1104/810
f 735/1111/815 736/1096/807 737/1095/806
f 738/1106/814 739/1105/813 740/1112/818
f 741/1092/804 742/1091/803 743/1117/821
f 744/1119/823 745/1103/812 746/1102/811
f 747/1120/824 748/1116/820 749/1115/819
f 750/1118/822 751/1110/817 752/1109/816
s 24
f 765/1121/825 766/1122/826 768/1123/827 767/1124/828
f 769/1125/829 770/1126/830 772/1127/831 771/1128/832
f 771/1129/832 772/1130/831 774/1131/833 773/1132/834
f 773/1133/834 774/1134/833 775/1135/835 776/1136/836
f 773/1137/834 776/1138/836 769/1139/829 771/1140/832
f 755/1141/837 785/1142/838 784/1143/839 772/1127/831 770/1126/830
f 779/1144/840 781/1145/841 754/1146/842 775/1135/835 774/1134/833
f 780/1147/843 786/1148/844 766/1122/826 765/1121/825
f 784/1149/839 786/1148/844 780/1147/843 779/1150/840
f 777/1151/845 778/1152/846 783/1153/847 782/1154/848
f 778/1152/846 777/1151/845 781/1155/841 780/1147/843
f 782/1154/848 783/1153/847 792/1156/849 791/1157/850
f 786/1158/844 785/1159/838 788/1160/851 787/1161/852
f 787/1162/852 788/1163/851 790/1164/853 789/1165/854
f 789/1165/854 790/1164/853 794/1166/855 793/1167/856
f 791/1157/850 792/1156/849 797/1168/857 798/1169/858
f 793/1167/856 794/1166/855 802/1170/859 801/1171/860
f 795/1172/861 796/1173/862 800/1174/863 799/1175/864
f 796/1173/862 795/1172/861 798/1169/858 797/1168/857
f 799/1175/864 800/1174/863 801/1171/860 802/1170/859
f 778/1152/846 780/1147/843 765/1121/825 783/1153/847
f 786/1148/844 787/1162/852 789/1165/854 766/1122/826
f 783/1153/847 765/1121/825 767/1124/828 792/1156/849
f 766/1122/826 789/1165/854 793/1167/856 768/1123/827
f 792/1156/849 767/1124/828 796/1173/862 797/1168/857
f 767/1124/828 768/1123/827 800/1174/863 796/1173/862
f 768/1123/827 793/1167/856 801/1171/860 800/1174/863
f 753/1176/865 754/1177/842 781/1178/841 777/1179/845
f 757/1180/866 753/1181/865 777/1182/845 782/1183/848
f 755/1184/837 756/1185/867 788/1186/851 785/1187/838
f 756/1188/867 758/1189/868 790/1190/853 788/1191/851
f 759/1192/869 757/1180/866 782/1183/848 791/1193/850
f 758/1189/868 760/1194/870 794/1195/855 790/1190/853
f 762/1196/871 761/1197/872 798/1198/858 795/1199/861
f 761/1200/872 759/1192/869 791/1193/850 798/1201/858
f 763/1202/873 762/1196/871 795/1199/861 799/1203/864
f 760/1194/870 764/1204/874 802/1205/859 794/1195/855
f 764/1206/874 763/1202/873 799/1203/864 802/1207/859
f 779/1150/840 780/1147/843 781/1155/841
f 784/1208/839 785/1159/838 786/1158/844
f 784/1209/839 779/1210/840 774/1131/833 772/1130/831
s 27
f 803/1211/875 804/1212/876 806/1213/877 805/1214/878
f 805/1214/878 807/1215/879 817/1216/880 816/1217/881
f 807/1215/879 806/1213/877 811/1218/882 810/1219/883
f 808/1220/884 809/1221/885 812/1222/886 811/1218/882
f 810/1219/883 812/1222/886 821/1223/887 820/1224/888
f 813/1225/889 814/1226/890 816/1227/881 815/1228/891
f 815/1228/891 817/1229/880 820/1224/888 822/1230/892
f 818/1231/893 819/1232/894 822/1230/892 821/1223/887
f 810/1233/883 820/1234/888 817/1235/880 807/1236/879
f 806/1213/877 804/1212/876 808/1220/884 811/1218/882
f 812/1222/886 809/1221/885 818/1231/893 821/1223/887
f 805/1214/878 816/1217/881 814/1237/890 803/1211/875
f 815/1228/891 822/1230/892 819/1232/894 813/1225/889
f 805/1214/878 806/1213/877 807/1215/879
f 810/1219/883 811/1218/882 812/1222/886
f 815/1228/891 816/1227/881 817/1229/880
f 820/1224/888 821/1223/887 822/1230/892
s 29
f 823/1238/895 825/1239/896 836/1240/897 835/1241/898
f 824/1242/899 823/1243/895 831/1244/900 830/1245/901
f 825/1246/896 824/1242/899 827/1247/902 826/1248/903
f 826/1249/903 828/1250/904 840/1251/905 839/1252/906
f 828/1253/904 827/1247/902 833/1254/907 832/1255/908
f 830/1245/901 829/1256/909 834/1257/910 833/1254/907
f 835/1241/898 837/1258/911 843/1259/912 844/1260/913
f 837/1258/911 836/1240/897 839/1252/906 838/1261/914
f 838/1261/914 840/1251/905 842/1262/915 841/1263/916
f 837/1258/911 838/1261/914 841/1263/916 843/1259/912
f 824/1242/899 830/1245/901 833/1254/907 827/1247/902
f 825/1239/896 826/1249/903 839/1252/906 836/1240/897
f 828/1250/904 832/1264/908 842/1262/915 840/1251/905
f 831/1265/900 823/1238/895 835/1241/898 844/1260/913
f 823/1243/895 824/1242/899 825/1246/896
f 826/1248/903 827/1247/902 828/1253/904
f 829/1256/909 830/1245/901 831/1244/900
f 832/1255/908 833/1254/907 834/1257/910
f 835/1241/898 836/1240/897 837/1258/911
f 838/1261/914 839/1252/906 840/1251/905
s 30
f 851/1266/917 852/1267/918 854/1268/919 853/1269/920
f 936/1270/921 937/1271/922 865/1272/923 864/1273/924
f 855/1274/925 854/1268/919 927/1275/926 928/1276/927
f 859/1277/928 858/1278/929 860/1279/930 863/1280/931
f 861/1281/932 860/1282/930 906/1283/933 905/1284/934
f 864/1273/924 865/1272/923 882/1285/935 881/1286/936
f 868/1287/937 867/1288/938 871/1289/939 870/1290/940
f 870/1291/940 873/1292/941 901/1293/942 900/1294/943
f 923/1295/944 924/1296/945 877/1297/946 876/1298/947
f 874/1299/948 875/1300/949 878/1301/950 877/1302/946
f 942/1303/951 943/1304/952 880/1305/953 879/1306/954
f 879/1306/954 880/1305/953 884/1307/955 883/1308/956
f 910/1309/957 911/1310/958 887/1311/959 889/1312/960
f 914/1313/961 915/1314/962 897/1315/963 896/1316/964
f 885/1317/965 886/1318/966 889/1319/960 888/1320/967
f 888/1320/967 887/1321/959 932/1322/968 933/1323/969
f 890/1324/970 891/1325/971 893/1326/972 892/1327/973
f 918/1328/974 919/1329/975 896/1330/964 898/1331/976
f 894/1332/977 895/1333/978 898/1331/976 897/1334/963
f 899/1335/979 901/1336/942 905/1284/934 904/1337/980
f 900/1338/943 899/1335/979 902/1339/981 903/1340/982
f 904/1341/980 906/1342/933 907/1343/983 908/1344/984
f 937/1345/922 938/1346/985 929/1347/986 865/1348/923
f 922/1349/987 941/1350/988 942/1351/951 879/1352/954
f 865/1348/923 929/1347/986 930/1353/989 882/1354/935
f 921/1355/990 922/1349/987 879/1352/954 883/1356/956
f 911/1357/958 931/1358/991 932/1359/968 887/1360/959
f 919/1361/975 920/1362/992 914/1363/961 896/1364/964
f 854/1365/919 852/1366/918 926/1367/993 927/1368/926
f 845/1369/994 935/1370/995 936/1371/921 864/1372/924
f 904/1341/980 908/1344/984 902/1373/981 899/1374/979
f 877/1297/946 924/1296/945 925/1375/996 874/1376/948
f 943/1304/952 944/1377/997 846/1378/998 880/1305/953
f 847/1379/999 845/1380/994 864/1273/924 881/1286/936
f 846/1378/998 848/1381/1000 884/1307/955 880/1305/953
f 933/1323/969 934/1382/1001 885/1317/965 888/1320/967
f 889/1312/960 886/1383/966 909/1384/1002 910/1309/957
f 850/1385/1003 849/1386/1004 890/1324/970 892/1327/973
f 915/1314/962 916/1387/1005 894/1388/977 897/1315/963
f 898/1331/976 895/1333/978 917/1389/1006 918/1328/974
f 868/1390/937 870/1291/940 900/1294/943 903/1391/982
f 901/1392/942 873/1393/941 861/1394/932 905/1395/934
f 906/1283/933 860/1282/930 858/1396/929 907/1397/983
f 853/1269/920 854/1268/919 855/1274/925
f 856/1398/1007 857/1399/1008 858/1400/929 859/1401/928
f 860/1279/930 861/1402/932 862/1403/1009 863/1280/931
f 866/1404/1010 867/1288/938 868/1287/937 869/1405/1011
f 870/1406/940 871/1407/939 872/1408/1012 873/1409/941
f 876/1410/947 877/1302/946 878/1301/950
f 887/1321/959 888/1320/967 889/1319/960
f 896/1330/964 897/1334/963 898/1331/976
f 899/1335/979 900/1338/943 901/1336/942
f 904/1337/980 905/1284/934 906/1283/933
f 862/1411/1009 861/1394/932 873/1393/941 872/1412/1012
f 891/1413/971 912/1414/1013 913/1415/1014 893/1416/972
f 910/1309/957 909/1384/1002 847/1379/999 881/1286/936
f 881/1286/936 882/1285/935 911/1310/958 910/1309/957
f 882/1354/935 930/1353/989 931/1358/991 911/1357/958
f 920/1362/992 921/1355/990 883/1356/956 914/1363/961
f 883/1308/956 884/1307/955 915/1314/962 914/1313/961
f 848/1381/1000 916/1387/1005 915/1314/962 884/1307/955
f 918/1328/974 917/1389/1006 850/1385/1003 892/1327/973
f 892/1327/973 893/1326/972 919/1329/975 918/1328/974
f 913/1415/1014 920/1362/992 919/1361/975 893/1416/972
f 872/1417/1012 871/1289/939 924/1296/945 923/1295/944
f 925/1375/996 924/1296/945 871/1289/939 867/1288/938
f 927/1368/926 926/1367/993 859/1418/928 863/1419/931
f 928/1276/927 927/1275/926 863/1280/931 862/1403/1009
f 932/1359/968 931/1358/991 912/1414/1013 891/1413/971
f 933/1323/969 932/1322/968 891/1325/971 890/1324/970
f 849/1386/1004 934/1382/1001 933/1323/969 890/1324/970
f 936/1371/921 935/1370/995 851/1420/917 853/1421/920
f 853/1269/920 855/1274/925 937/1271/922 936/1270/921
f 855/1422/925 928/1423/927 938/1346/985 937/1345/922
f 939/1424/1015 938/1346/985 928/1423/927 862/1425/1009
f 862/1425/1009 872/1426/1012 940/1427/1016 939/1424/1015
f 872/1426/1012 923/1428/944 941/1429/988 940/1427/1016
f 942/1430/951 941/1429/988 923/1428/944 876/1431/947
f 876/1410/947 878/1301/950 943/1304/952 942/1303/951
f 878/1301/950 875/1300/949 944/1377/997 943/1304/952
s 37
f 945/1432/1017 951/1433/1018 952/1434/1019 947/1435/1020
f 946/1436/1021 958/1437/1022 957/1438/1023 945/1432/1017
f 947/1439/1020 948/1440/1024 949/1441/1025 946/1442/1021
f 948/1440/1024 955/1443/1026 956/1444/1027 950/1445/1028
f 950/1445/1028 959/1446/1029 960/1447/1030 949/1441/1025
f 951/1433/1018 961/1448/1031 962/1449/1032 953/1450/1033
f 953/1451/1033 954/1452/1034 955/1443/1026 952/1453/1019
f 954/1452/1034 964/1454/1035 963/1455/1036 956/1444/1027
f 946/1442/1021 949/1441/1025 960/1447/1030 958/1456/1022
f 947/1457/1020 952/1458/1019 955/1459/1026 948/1460/1024
f 953/1451/1033 962/1461/1032 964/1454/1035 954/1452/1034
f 950/1445/1028 956/1444/1027 963/1455/1036 959/1446/1029
f 951/1433/1018 945/1432/1017 957/1438/1023 961/1448/1031
f 945/1432/1017 947/1435/1020 946/1436/1021
f 948/1440/1024 950/1445/1028 949/1441/1025
f 951/1433/1018 953/1450/1033 952/1434/1019
f 954/1452/1034 956/1444/1027 955/1443/1026
s 39
f 965/1462/1037 967/1463/1038 972/1464/1039 971/1465/1040
f 966/1466/1041 965/1462/1037 977/1467/1042 978/1468/1043
f 967/1469/1038 966/1470/1041 969/1471/1044 968/1472/1045
f 968/1472/1045 970/1473/1046 976/1474/1047 975/1475/1048
f 970/1473/1046 969/1471/1044 980/1476/1049 979/1477/1050
f 971/1465/1040 973/1478/1051 982/1479/1052 981/1480/1053
f 973/1481/1051 972/1482/1039 975/1475/1048 974/1483/1054
f 974/1483/1054 976/1474/1047 983/1484/1055 984/1485/1056
f 966/1470/1041 978/1486/1043 980/1476/1049 969/1471/1044
f 967/1487/1038 968/1488/1045 975/1489/1048 972/1490/1039
f 973/1481/1051 974/1483/1054 984/1485/1056 982/1491/1052
f 970/1473/1046 979/1477/1050 983/1484/1055 976/1474/1047
f 971/1465/1040 981/1480/1053 977/1467/1042 965/1462/1037
f 965/1462/1037 966/1466/1041 967/1463/1038
f 968/1472/1045 969/1471/1044 970/1473/1046
f 971/1465/1040 972/1464/1039 973/1478/1051
f 974/1483/1054 975/1475/1048 976/1474/1047
s 40
f 985/1492/1057 987/1493/1058 998/1494/1059 997/1495/1060
f 986/1496/1061 985/1497/1057 993/1498/1062 992/1499/1063
f 987/1500/1058 986/1496/1061 989/1501/1064 988/1502/1065
f 988/1503/1065 990/1504/1066 1002/1505/1067 1001/1506/1068
f 990/1507/1066 989/1501/1064 995/1508/1069 994/1509/1070
f 992/1499/1063 991/1510/1071 996/1511/1072 995/1508/1069
f 994/1512/1070 996/1513/1072 1005/1514/1073 1004/1515/1074
f 997/1495/1060 999/1516/1075 1006/1517/1076 1007/1518/1077
f 999/1516/1075 998/1494/1059 1001/1506/1068 1000/1519/1078
f 1000/1519/1078 1002/1505/1067 1004/1515/1074 1003/1520/1079
f 999/1516/1075 1000/1519/1078 1003/1520/1079 1006/1517/1076
f 986/1496/1061 992/1499/1063 995/1508/1069 989/1501/1064
f 987/1493/1058 988/1503/1065 1001/1506/1068 998/1494/1059
f 990/1504/1066 994/1512/1070 1004/1515/1074 1002/1505/1067
f 993/1521/1062 985/1492/1057 997/1495/1060 1007/1518/1077
f 985/1497/1057 986/1496/1061 987/1500/1058
f 988/1502/1065 989/1501/1064 990/1507/1066
f 991/1510/1071 992/1499/1063 993/1498/1062
f 994/1509/1070 995/1508/1069 996/1511/1072
f 997/1495/1060 998/1494/1059 999/1516/1075
f 1000/1519/1078 1001/1506/1068 1002/1505/1067
f 1003/1520/1079 1004/1515/1074 1005/1514/1073
s 41
f 1008/1522/1080 1010/1523/1081 1037/1524/1082 1036/1525/1083
f 1009/1526/1084 1008/1527/1080 1024/1528/1085 1023/1529/1086
f 1010/1523/1081 1009/1530/1084 1011/1531/1087 1012/1532/1088
f 1012/1532/1088 1011/1531/1087 1013/1533/1089 1014/1534/1090
f 1014/1534/1090 1013/1533/1089 1015/1535/1091 1016/1536/1092
f 1016/1536/1092 1015/1535/1091 1017/1537/1093 1018/1538/1094
f 1018/1538/1094 1017/1537/1093 1020/1539/1095 1019/1540/1096
f 1019/1540/1096 1021/1541/1097 1049/1542/1098 1048/1543/1099
f 1021/1541/1097 1020/1539/1095 1026/1544/1100 1025/1545/1101
f 1022/1546/1102 1024/1547/1085 1052/1548/1103 1051/1549/1104
f 1023/1550/1086 1022/1546/1102 1029/1551/1105 1028/1552/1106
f 1025/1545/1101 1027/1553/1107 1063/1554/1108 1062/1555/1109
f 1027/1553/1107 1026/1544/1100 1034/1556/1110 1035/1557/1111
f 1028/1552/1106 1029/1551/1105 1031/1558/1112 1030/1559/1113
f 1030/1559/1113 1031/1558/1112 1033/1560/1114 1032/1561/1115
f 1032/1561/1115 1033/1560/1114 1035/1557/1111 1034/1556/1110
f 1036/1562/1083 1038/1563/1116 1050/1564/1117 1052/1565/1103
f 1038/1566/1116 1037/1524/1082 1039/1567/1118 1040/1568/1119
f 1040/1568/1119 1039/1567/1118 1041/1569/1120 1042/1570/1121
f 1042/1570/1121 1041/1569/1120 1043/1571/1122 1044/1572/1123
f 1044/1572/1123 1043/1571/1122 1045/1573/1124 1046/1574/1125
f 1046/1574/1125 1045/1573/1124 1048/1543/1099 1047/1575/1126
f 1047/1575/1126 1049/1542/1098 1062/1555/1109 1061/1576/1127
f 1051/1549/1104 1050/1577/1117 1054/1578/1128 1053/1579/1129
f 1053/1579/1129 1054/1578/1128 1056/1580/1130 1055/1581/1131
f 1055/1581/1131 1056/1580/1130 1058/1582/1132 1057/1583/1133
f 1057/1583/1133 1058/1582/1132 1060/1584/1134 1059/1585/1135
f 1059/1585/1135 1060/1584/1134 1061/1576/1127 1063/1554/1108
f 1040/1586/1119 1054/1587/1128 1050/1564/1117 1038/1563/1116
f 1042/1588/1121 1056/1589/1130 1054/1587/1128 1040/1586/1119
f 1044/1590/1123 1058/1591/1132 1056/1589/1130 1042/1588/1121
f 1046/1592/1125 1060/1593/1134 1058/1591/1132 1044/1590/1123
f 1047/1594/1126 1061/1595/1127 1060/1593/1134 1046/1592/1125
f 1010/1523/1081 1012/1532/1088 1039/1567/1118 1037/1524/1082
f 1012/1532/1088 1014/1534/1090 1041/1569/1120 1039/1567/1118
f 1014/1534/1090 1016/1536/1092 1043/1571/1122 1041/1569/1120
f 1016/1536/1092 1018/1538/1094 1045/1573/1124 1043/1571/1122
f 1018/1538/1094 1019/1540/1096 1048/1543/1099 1045/1573/1124
f 1049/1542/1098 1021/1541/1097 1025/1545/1101 1062/1555/1109
f 1029/1551/1105 1022/1546/1102 1051/1549/1104 1053/1579/1129
f 1036/1562/1083 1052/1565/1103 1024/1528/1085 1008/1527/1080
f 1031/1558/1112 1029/1551/1105 1053/1579/1129 1055/1581/1131
f 1033/1560/1114 1031/1558/1112 1055/1581/1131 1057/1583/1133
f 1035/1557/1111 1033/1560/1114 1057/1583/1133 1059/1585/1135
f 1027/1553/1107 1035/1557/1111 1059/1585/1135 1063/1554/1108
f 1008/1522/1080 1009/1530/1084 1010/1523/1081
f 1019/1540/1096 1020/1539/1095 1021/1541/1097
f 1022/1546/1102 1023/1550/1086 1024/1547/1085
f 1025/1545/1101 1026/1544/1100 1027/1553/1107
f 1036/1525/1083 1037/1524/1082 1038/1566/1116
f 1047/1575/1126 1048/1543/1099 1049/1542/1098
f 1050/1577/1117 1051/1549/1104 1052/1548/1103
f 1061/1576/1127 1062/1555/1109 1063/1554/1108
g default
v -0.000069 12.455619 -4.302905
v -0.182855 12.465998 -4.120118
v -0.181649 12.475850 -4.113192
v -0.189781 12.475850 -4.121325
v -0.000069 12.557532 -4.111509
v -0.000069 12.546208 -4.116289
v -0.189781 12.475850 -4.484485
v -0.181392 12.476287 -4.492536
v -0.182855 12.465998 -4.485691
v -0.000069 12.557532 -4.494300
v -0.000069 12.546208 -4.489520
v -0.000069 13.262087 -4.294948
v 0.007888 13.262087 -4.302905
v -0.000069 13.262087 -4.310861
v -0.008025 13.262087 -4.302905
v 0.180861 12.475939 -4.113133
v 0.180930 12.477513 -4.492257
v -0.191464 12.557532 -4.302905
v -0.186685 12.546208 -4.302905
v 0.186164 12.546021 -4.302905
v 0.191210 12.557980 -4.302905
v 0.180799 12.465693 -4.487343
v 0.189625 12.476433 -4.483433
v 0.189625 12.476687 -4.122900
v 0.180799 12.465938 -4.118968
v -0.157419 13.139783 -4.476244
v -0.155253 13.120490 -4.474240
v -0.169035 13.120453 -4.460375
v -0.171054 13.139783 -4.462610
v 0.171847 13.139783 -4.462610
v 0.169842 13.120490 -4.460443
v 0.155977 13.120453 -4.474225
v 0.158212 13.139783 -4.476244
v 0.158212 13.139783 -4.133344
v 0.156046 13.120490 -4.135348
v 0.169828 13.120453 -4.149213
v 0.171847 13.139783 -4.146978
v -0.171054 13.139783 -4.146978
v -0.169049 13.120490 -4.149145
v -0.155185 13.120453 -4.135363
v -0.157419 13.139783 -4.133344
v -0.013346 12.722521 -4.304794
v 0.000396 12.722521 -4.318537
v 0.014139 12.722521 -4.304794
v 0.000396 12.722521 -4.291051
v 0.000396 14.063152 -4.318537
v -0.013346 14.063152 -4.304794
v 0.000396 14.063152 -4.291051
v 0.014139 14.063152 -4.304794
v -0.108299 12.079040 -4.151257
v -0.100298 12.079040 -4.143300
v -0.159673 12.560354 -4.151257
v -0.151671 12.560354 -4.143300
v 0.108162 12.079040 -4.151257
v 0.100160 12.079040 -4.143300
v 0.159535 12.560354 -4.151257
v 0.151533 12.560354 -4.143300
v -0.159673 12.560354 -4.454552
v -0.151671 12.560354 -4.462508
v -0.108299 12.079040 -4.454552
v -0.100298 12.079040 -4.462508
v 0.151533 12.560354 -4.462508
v 0.159535 12.560354 -4.454552
v 0.108162 12.079040 -4.454552
v 0.100160 12.079040 -4.462508
v 0.000000 13.078251 -7.501872
v -0.077873 13.000378 -7.501872
v -0.000000 12.922504 -7.501872
v 0.077873 13.000378 -7.501872
v 0.000000 12.876877 -6.217341
v -0.077873 12.799003 -6.217341
v -0.000000 12.721129 -6.217341
v 0.077873 12.799003 -6.217341
v 0.000000 12.760207 -4.988273
v -0.077873 12.682333 -4.988273
v -0.000000 12.604460 -4.988273
v 0.077873 12.682333 -4.988273
v 0.000000 12.683722 -3.759204
v -0.077873 12.605848 -3.759204
v -0.000000 12.527975 -3.759204
v 0.077873 12.605848 -3.759204
v 0.000000 12.630771 -2.530136
v -0.077873 12.552897 -2.530136
v -0.000000 12.475024 -2.530136
v 0.077873 12.552897 -2.530136
v 0.000000 12.620295 -1.301067
v -0.077873 12.542421 -1.301067
v -0.000000 12.464548 -1.301067
v 0.077873 12.542421 -1.301067
v 0.000000 12.683722 -0.071999
v -0.077873 12.605848 -0.071999
v -0.000000 12.527975 -0.071999
v 0.077873 12.605848 -0.071999
v 0.000000 12.760207 1.157070
v -0.077873 12.682333 1.157070
v -0.000000 12.604460 1.157070
v 0.077873 12.682333 1.157070
v 0.000000 12.886169 2.386138
v -0.077873 12.808295 2.386138
v -0.000000 12.730422 2.386138
v 0.077873 12.808295 2.386138
v 0.000000 13.078251 3.615207
v -0.077873 13.000378 3.615207
v -0.000000 12.922504 3.615207
v 0.077873 13.000378 3.615207
v 0.000000 13.000378 -7.501872
v 0.000000 13.000378 3.615207
v -0.000183 12.578714 3.562118
v -0.227679 12.591631 3.789614
v -0.226177 12.603893 3.798234
v -0.236299 12.603893 3.788112
v -0.000183 12.705555 3.800328
v -0.000183 12.691462 3.794380
v -0.236299 12.603893 3.336123
v -0.225857 12.604437 3.326103
v -0.227679 12.591631 3.334622
v -0.000183 12.705555 3.323907
v -0.000183 12.691462 3.329856
v -0.000183 13.582443 3.572021
v 0.009720 13.582443 3.562118
v -0.000183 13.582443 3.552215
v -0.010085 13.582443 3.562118
v 0.225003 12.604004 3.798307
v 0.225088 12.605965 3.326449
v -0.238393 12.705555 3.562118
v -0.232445 12.691462 3.562118
v 0.231602 12.691229 3.562118
v 0.237883 12.706112 3.562118
v 0.224926 12.591253 3.332566
v 0.235910 12.604618 3.337431
v 0.235910 12.604937 3.786151
v 0.224926 12.591557 3.791046
v -0.196021 13.430223 3.346379
v -0.193325 13.406212 3.348874
v -0.210478 13.406166 3.366130
v -0.212991 13.430223 3.363349
v 0.213784 13.430223 3.363349
v 0.211289 13.406212 3.366045
v 0.194032 13.406166 3.348892
v 0.196813 13.430223 3.346379
v 0.196813 13.430223 3.773153
v 0.194117 13.406212 3.770658
v 0.211271 13.406166 3.753402
v 0.213784 13.430223 3.756184
v -0.212991 13.430223 3.756184
v -0.210496 13.406212 3.753487
v -0.193240 13.406166 3.770640
v -0.196021 13.430223 3.773153
v -0.016708 12.910900 3.559766
v 0.000396 12.910900 3.542662
v 0.017501 12.910900 3.559766
v 0.000396 12.910900 3.576870
v 0.000396 14.579451 3.542662
v -0.016708 14.579451 3.559766
v 0.000396 14.579451 3.576870
v 0.017501 14.579451 3.559766
v -0.134886 12.110023 3.750858
v -0.124927 12.110023 3.760761
v -0.198826 12.709066 3.750858
v -0.188867 12.709066 3.760761
v 0.134521 12.110023 3.750858
v 0.124562 12.110023 3.760761
v 0.198460 12.709066 3.750858
v 0.188502 12.709066 3.760761
v -0.198826 12.709066 3.373378
v -0.188867 12.709066 3.363475
v -0.134886 12.110023 3.373378
v -0.124927 12.110023 3.363475
v 0.188502 12.709066 3.363475
v 0.198460 12.709066 3.373378
v 0.134521 12.110023 3.373378
v 0.124562 12.110023 3.363475
v -3.163519 8.788404 2.646931
v -3.163519 8.751674 2.646931
v -3.137545 8.751674 2.672905
v -3.137545 8.788404 2.672905
v -3.767732 8.788404 2.672905
v -3.767732 8.751674 2.672905
v -3.741758 8.751674 2.646931
v -3.741758 8.788404 2.646931
v -3.741758 8.788404 3.277118
v -3.741758 8.751674 3.277118
v -3.767732 8.751674 3.251144
v -3.767732 8.788404 3.251144
v -3.137545 8.788404 3.251144
v -3.137545 8.751674 3.251144
v -3.163519 8.751674 3.277118
v -3.163519 8.788404 3.277118
v -3.426665 7.952826 2.962024
v -3.452638 7.952826 2.936051
v -3.478612 7.952826 2.962024
v -3.452638 7.952826 2.987998
v -3.452638 9.587245 2.936051
v -3.426665 9.587245 2.962024
v -3.452638 9.587245 2.987998
v -3.478612 9.587245 2.962024
v 3.163519 8.788404 2.646931
v 3.163519 8.751674 2.646931
v 3.137545 8.751674 2.672905
v 3.137545 8.788404 2.672905
v 3.767732 8.788404 2.672905
v 3.767732 8.751674 2.672905
v 3.741758 8.751674 2.646931
v 3.741758 8.788404 2.646931
v 3.741757 8.788404 3.277118
v 3.741757 8.751674 3.277118
v 3.767732 8.751674 3.251143
v 3.767732 8.788404 3.251143
v 3.137545 8.788404 3.251143
v 3.137545 8.751674 3.251143
v 3.163519 8.751674 3.277118
v 3.163519 8.788404 3.277118
v 3.426664 7.952826 2.962024
v 3.452638 7.952826 2.936050
v 3.478612 7.952826 2.962024
v 3.452638 7.952826 2.987998
v 3.452638 9.587245 2.936050
v 3.426664 9.587245 2.962024
v 3.452638 9.587245 2.987998
v 3.478612 9.587245 2.962024
v -0.000014 12.339209 -1.671588
v -0.161122 12.348356 -1.510480
v -0.160059 12.357039 -1.504375
v -0.167226 12.357039 -1.511544
v -0.000014 12.429035 -1.502892
v -0.000014 12.419053 -1.507105
v -0.167226 12.357039 -1.831633
v -0.159832 12.357425 -1.838729
v -0.161122 12.348356 -1.832696
v -0.000014 12.429035 -1.840284
v -0.000014 12.419053 -1.836071
v -0.000014 13.050030 -1.664575
v 0.006999 13.050030 -1.671588
v -0.000014 13.050030 -1.678601
v -0.007027 13.050030 -1.671588
v 0.159458 12.357119 -1.504324
v 0.159518 12.358506 -1.838484
v -0.168710 12.429035 -1.671588
v -0.164497 12.419053 -1.671588
v 0.164132 12.418889 -1.671588
v 0.168580 12.429428 -1.671588
v 0.159404 12.348087 -1.834152
v 0.167183 12.357553 -1.830706
v 0.167183 12.357779 -1.512932
v 0.159404 12.348303 -1.509466
v -0.138702 12.942230 -1.824370
v -0.136793 12.925226 -1.822603
v -0.148941 12.925194 -1.810382
v -0.150720 12.942230 -1.812352
v 0.151513 12.942230 -1.812352
v 0.149746 12.925226 -1.810443
v 0.137526 12.925194 -1.822590
v 0.139495 12.942230 -1.824370
v 0.139495 12.942230 -1.522137
v 0.137586 12.925226 -1.523904
v 0.149733 12.925194 -1.536124
v 0.151513 12.942230 -1.534155
v -0.150720 12.942230 -1.534155
v -0.148953 12.925226 -1.536064
v -0.136733 12.925194 -1.523917
v -0.138702 12.942230 -1.522137
v -0.011717 12.574455 -1.673254
v 0.000396 12.574455 -1.685367
v 0.012509 12.574455 -1.673254
v 0.000396 12.574455 -1.661140
v 0.000396 13.756089 -1.685367
v -0.011717 13.756089 -1.673254
v 0.000396 13.756089 -1.661140
v 0.012509 13.756089 -1.673254
v -0.095408 12.007291 -1.537926
v -0.088355 12.007291 -1.530913
v -0.140689 12.431521 -1.537926
v -0.133636 12.431521 -1.530913
v 0.095381 12.007291 -1.537926
v 0.088328 12.007291 -1.530913
v 0.140661 12.431521 -1.537926
v 0.133609 12.431521 -1.530913
v -0.140689 12.431521 -1.805250
v -0.133636 12.431521 -1.812263
v -0.095408 12.007291 -1.805250
v -0.088355 12.007291 -1.812263
v 0.133609 12.431521 -1.812263
v 0.140661 12.431521 -1.805250
v 0.095381 12.007291 -1.805250
v 0.088328 12.007291 -1.812263
v 3.163519 8.788404 -6.646931
v 3.163519 8.751674 -6.646931
v 3.137545 8.751674 -6.672905
v 3.137545 8.788404 -6.672905
v 3.767732 8.788404 -6.672905
v 3.767732 8.751674 -6.672905
v 3.741757 8.751674 -6.646931
v 3.741757 8.788404 -6.646931
v 3.741757 8.788404 -7.277118
v 3.741757 8.751674 -7.277118
v 3.767732 8.751674 -7.251143
v 3.767732 8.788404 -7.251143
v 3.137545 8.788404 -7.251143
v 3.137545 8.751674 -7.251143
v 3.163519 8.751674 -7.277118
v 3.163519 8.788404 -7.277118
v 3.426664 7.952826 -6.962024
v 3.452638 7.952826 -6.936050
v 3.478612 7.952826 -6.962024
v 3.452638 7.952826 -6.987998
v 3.452638 9.587245 -6.936050
v 3.426664 9.587245 -6.962024
v 3.452638 9.587245 -6.987998
v 3.478612 9.587245 -6.962024
v -3.163519 8.788404 -6.646931
v -3.163519 8.751674 -6.646931
v -3.137545 8.751674 -6.672905
v -3.137545 8.788404 -6.672904
v -3.767732 8.788404 -6.672905
v -3.767732 8.751674 -6.672905
v -3.741758 8.751674 -6.646931
v -3.741758 8.788404 -6.646931
v -3.741758 8.788404 -7.277118
v -3.741758 8.751674 -7.277118
v -3.767732 8.751674 -7.251143
v -3.767732 8.788404 -7.251143
v -3.137545 8.788404 -7.251143
v -3.137545 8.751674 -7.251143
v -3.163519 8.751674 -7.277118
v -3.163519 8.788404 -7.277118
v -3.426665 7.952826 -6.962024
v -3.452638 7.952826 -6.936050
v -3.478612 7.952826 -6.962024
v -3.452638 7.952826 -6.987998
v -3.452638 9.587245 -6.936050
v -3.426665 9.587245 -6.962024
v -3.452638 9.587245 -6.987998
v -3.478612 9.587245 -6.962024
v -0.000069 12.455619 0.888864
v -0.182855 12.465998 1.071651
v -0.181649 12.475850 1.078577
v -0.189781 12.475850 1.070444
v -0.000069 12.557532 1.080260
v -0.000069 12.546208 1.075480
v -0.189781 12.475850 0.707284
v -0.181392 12.476287 0.699234
v -0.182855 12.465998 0.706078
v -0.000069 12.557532 0.697469
v -0.000069 12.546208 0.702249
v -0.000069 13.262087 0.896821
v 0.007888 13.262087 0.888864
v -0.000069 13.262087 0.880908
v -0.008025 13.262087 0.888864
v 0.180861 12.475939 1.078635
v 0.180930 12.477513 0.699512
v -0.191464 12.557532 0.888864
v -0.186685 12.546208 0.888864
v 0.186164 12.546021 0.888864
v 0.191210 12.557980 0.888864
v 0.180799 12.465693 0.704426
v 0.189625 12.476433 0.708336
v 0.189625 12.476687 1.068868
v 0.180799 12.465938 1.072801
v -0.157419 13.139783 0.715524
v -0.155253 13.120490 0.717529
v -0.169035 13.120453 0.731394
v -0.171054 13.139783 0.729159
v 0.171847 13.139783 0.729159
v 0.169842 13.120490 0.731326
v 0.155977 13.120453 0.717544
v 0.158212 13.139783 0.715524
v 0.158212 13.139783 1.058425
v 0.156046 13.120490 1.056421
v 0.169828 13.120453 1.042556
v 0.171847 13.139783 1.044791
v -0.171054 13.139783 1.044791
v -0.169049 13.120490 1.042624
v -0.155185 13.120453 1.056406
v -0.157419 13.139783 1.058425
v -0.013346 12.722521 0.886975
v 0.000396 12.722521 0.873232
v 0.014139 12.722521 0.886975
v 0.000396 12.722521 0.900717
v 0.000396 14.063152 0.873232
v -0.013346 14.063152 0.886975
v 0.000396 14.063152 0.900717
v 0.014139 14.063152 0.886975
v -0.108299 12.079040 1.040512
v -0.100298 12.079040 1.048469
v -0.159673 12.560354 1.040512
v -0.151671 12.560354 1.048469
v 0.108162 12.079040 1.040512
v 0.100160 12.079040 1.048469
v 0.159535 12.560354 1.040512
v 0.151533 12.560354 1.048469
v -0.159673 12.560354 0.737217
v -0.151671 12.560354 0.729261
v -0.108299 12.079040 0.737217
v -0.100298 12.079040 0.729261
v 0.151533 12.560354 0.729261
v 0.159535 12.560354 0.737217
v 0.108162 12.079040 0.737217
v 0.100160 12.079040 0.729261
v 0.000975 12.578714 -7.562118
v 0.228471 12.591631 -7.789614
v 0.226970 12.603893 -7.798234
v 0.237091 12.603893 -7.788112
v 0.000975 12.705555 -7.800328
v 0.000975 12.691462 -7.794380
v 0.237091 12.603893 -7.336123
v 0.226650 12.604437 -7.326103
v 0.228471 12.591631 -7.334622
v 0.000975 12.705555 -7.323907
v 0.000975 12.691462 -7.329856
v 0.000975 13.582443 -7.572021
v -0.008927 13.582443 -7.562118
v 0.000975 13.582443 -7.552215
v 0.010878 13.582443 -7.562118
v -0.224210 12.604004 -7.798307
v -0.224295 12.605965 -7.326449
v 0.239186 12.705555 -7.562118
v 0.233238 12.691462 -7.562118
v -0.230810 12.691229 -7.562118
v -0.237090 12.706112 -7.562118
v -0.224133 12.591253 -7.332566
v -0.235117 12.604618 -7.337431
v -0.235117 12.604937 -7.786151
v -0.224133 12.591557 -7.791046
v 0.196813 13.430223 -7.346379
v 0.194117 13.406212 -7.348874
v 0.211271 13.406166 -7.366130
v 0.213784 13.430223 -7.363349
v -0.212991 13.430223 -7.363349
v -0.210496 13.406212 -7.366045
v -0.193240 13.406166 -7.348892
v -0.196021 13.430223 -7.346379
v -0.196021 13.430223 -7.773153
v -0.193325 13.406212 -7.770658
v -0.210478 13.406166 -7.753402
v -0.212991 13.430223 -7.756184
v 0.213784 13.430223 -7.756184
v 0.211289 13.406212 -7.753487
v 0.194032 13.406166 -7.770640
v 0.196813 13.430223 -7.773153
v 0.017501 12.910900 -7.559766
v 0.000396 12.910900 -7.542662
v -0.016708 12.910900 -7.559766
v 0.000396 12.910900 -7.576870
v 0.000396 14.579451 -7.542662
v 0.017501 14.579451 -7.559766
v 0.000396 14.579451 -7.576870
v -0.016708 14.579451 -7.559766
v 0.135679 12.110023 -7.750858
v 0.125720 12.110023 -7.760761
v 0.199618 12.709066 -7.750858
v 0.189659 12.709066 -7.760761
v -0.133729 12.110023 -7.750858
v -0.123770 12.110023 -7.760761
v -0.197668 12.709066 -7.750858
v -0.187709 12.709066 -7.760761
v 0.199618 12.709066 -7.373378
v 0.189659 12.709066 -7.363475
v 0.135679 12.110023 -7.373378
v 0.125720 12.110023 -7.363475
v -0.187709 12.709066 -7.363475
v -0.197668 12.709066 -7.373378
v -0.133729 12.110023 -7.373378
v -0.123770 12.110023 -7.363475
vt 0.064875 0.920750
vt 0.065222 0.920305
vt 0.074254 0.922535
vt 0.073950 0.923032
vt 0.160682 0.915697
vt 0.160208 0.915346
vt 0.168802 0.911989
vt 0.169167 0.912449
vt 0.160324 0.916101
vt 0.190585 0.938596
vt 0.190527 0.939123
vt 0.173705 0.903842
vt 0.173803 0.904495
vt 0.079095 0.929873
vt 0.079056 0.930534
vt 0.079552 0.930071
vt 0.095139 0.895047
vt 0.095623 0.895279
vt 0.088181 0.929181
vt 0.088001 0.929737
vt 0.095628 0.934745
vt 0.095469 0.935324
vt 0.174355 0.904299
vt 0.191503 0.900327
vt 0.190924 0.900334
vt 0.191047 0.899623
vt 0.606338 0.570747
vt 0.605042 0.560721
vt 0.614898 0.559404
vt 0.614849 0.568381
vt 0.597515 0.570701
vt 0.595185 0.562043
vt 0.191052 0.938379
vt 0.191505 0.938629
vt 0.183164 0.904593
vt 0.183320 0.905200
vt 0.595185 0.553142
vt 0.603753 0.550716
vt 0.612620 0.550815
vt 0.595730 0.836044
vt 0.596549 0.836311
vt 0.583172 0.878849
vt 0.582261 0.878551
vt 0.595949 0.835339
vt 0.582259 0.830928
vt 0.582826 0.829932
vt 0.596780 0.835608
vt 0.602075 0.815737
vt 0.603018 0.816045
vt 0.610542 0.838990
vt 0.610431 0.840134
vt 0.334305 0.702437
vt 0.335139 0.702836
vt 0.306942 0.741281
vt 0.306617 0.740433
vt 0.334435 0.701318
vt 0.320231 0.698603
vt 0.320477 0.697925
vt 0.335331 0.701146
vt 0.326767 0.678717
vt 0.327408 0.678056
vt 0.319401 0.698323
vt 0.305735 0.740108
vt 0.319633 0.697644
vt 0.305879 0.692807
vt 0.306453 0.691840
vt 0.325874 0.678405
vt 0.304985 0.692651
vt 0.304991 0.740648
vt 0.305799 0.691158
vt 0.325712 0.677520
vt 0.898421 0.937590
vt 0.876279 0.934258
vt 0.876654 0.924836
vt 0.898988 0.923338
vt 0.874075 0.900253
vt 0.895595 0.893993
vt 0.897998 0.908045
vt 0.875663 0.909543
vt 0.898994 0.922807
vt 0.876659 0.924305
vt 0.875736 0.910069
vt 0.898071 0.908571
vt 0.896332 0.952233
vt 0.874189 0.948902
vt 0.876242 0.934788
vt 0.898383 0.938119
vt 0.896218 0.952751
vt 0.874075 0.949420
vt 0.707976 0.002574
vt 0.712818 0.004102
vt 0.718589 0.063455
vt 0.713412 0.063419
vt 0.717528 0.002730
vt 0.723707 0.063467
vt 0.696890 0.151310
vt 0.701600 0.152681
vt 0.695830 0.212034
vt 0.690712 0.212046
vt 0.706443 0.151153
vt 0.701007 0.211998
vt 0.722277 0.121705
vt 0.717158 0.121699
vt 0.727396 0.121706
vt 0.692142 0.270284
vt 0.687023 0.270285
vt 0.697262 0.270278
vt 0.724786 0.179875
vt 0.719667 0.179875
vt 0.729904 0.179875
vt 0.689634 0.328454
vt 0.684514 0.328454
vt 0.694752 0.328453
vt 0.726522 0.238017
vt 0.721404 0.238016
vt 0.731641 0.238016
vt 0.687898 0.386596
vt 0.682779 0.386595
vt 0.693017 0.386595
vt 0.726866 0.296132
vt 0.721748 0.296132
vt 0.731985 0.296131
vt 0.687557 0.444710
vt 0.682439 0.444710
vt 0.692676 0.444710
vt 0.724785 0.354284
vt 0.719666 0.354285
vt 0.729904 0.354284
vt 0.689645 0.502863
vt 0.684526 0.502863
vt 0.694763 0.502863
vt 0.722280 0.412455
vt 0.717161 0.412461
vt 0.727400 0.412453
vt 0.692159 0.561033
vt 0.687040 0.561032
vt 0.697278 0.561038
vt 0.718294 0.470727
vt 0.713116 0.470765
vt 0.723412 0.470716
vt 0.696158 0.619304
vt 0.691040 0.619294
vt 0.701336 0.619341
vt 0.712802 0.527484
vt 0.707968 0.529016
vt 0.717508 0.528858
vt 0.701666 0.676059
vt 0.696960 0.677435
vt 0.706499 0.677590
vt 0.712816 0.001314
vt 0.701601 0.149894
vt 0.712803 0.530273
vt 0.701666 0.678848
vt 0.607788 0.847725
vt 0.608219 0.847170
vt 0.619461 0.849946
vt 0.619083 0.850564
vt 0.641987 0.278061
vt 0.641397 0.277625
vt 0.652093 0.273446
vt 0.652548 0.274019
vt 0.641542 0.278564
vt 0.679206 0.306560
vt 0.679134 0.307216
vt 0.658195 0.263307
vt 0.658318 0.264119
vt 0.625486 0.859078
vt 0.625439 0.859901
vt 0.626056 0.859324
vt 0.645451 0.815732
vt 0.646055 0.816020
vt 0.636796 0.858216
vt 0.636571 0.858908
vt 0.646065 0.865140
vt 0.645867 0.865860
vt 0.659004 0.263875
vt 0.680345 0.258931
vt 0.679627 0.258940
vt 0.679779 0.258054
vt 0.459440 0.362847
vt 0.457828 0.350368
vt 0.470096 0.348731
vt 0.470033 0.359903
vt 0.448458 0.362787
vt 0.445561 0.352012
vt 0.679787 0.306290
vt 0.680350 0.306601
vt 0.669968 0.264240
vt 0.670161 0.264995
vt 0.445562 0.340933
vt 0.456226 0.337916
vt 0.467262 0.338041
vt 0.630698 0.892856
vt 0.631718 0.893188
vt 0.615063 0.946128
vt 0.613928 0.945758
vt 0.630971 0.891978
vt 0.613932 0.886486
vt 0.614639 0.885246
vt 0.632006 0.892313
vt 0.638599 0.867582
vt 0.639773 0.867965
vt 0.649133 0.896524
vt 0.648994 0.897947
vt 0.047079 0.875579
vt 0.048118 0.876077
vt 0.013013 0.923917
vt 0.012608 0.922860
vt 0.047243 0.874187
vt 0.029564 0.870804
vt 0.029871 0.869960
vt 0.048357 0.873974
vt 0.037706 0.846056
vt 0.038504 0.845233
vt 0.028533 0.870455
vt 0.011510 0.922456
vt 0.028820 0.869610
vt 0.011704 0.863586
vt 0.012418 0.862382
vt 0.036593 0.845667
vt 0.010591 0.863390
vt 0.010584 0.923128
vt 0.011605 0.861533
vt 0.036393 0.844565
vt 0.761863 0.393049
vt 0.734304 0.388902
vt 0.734772 0.377175
vt 0.762569 0.375311
vt 0.731562 0.346579
vt 0.758347 0.338788
vt 0.761336 0.356278
vt 0.733538 0.358142
vt 0.762576 0.374651
vt 0.734777 0.376515
vt 0.733630 0.358796
vt 0.761427 0.356932
vt 0.759262 0.411274
vt 0.731703 0.407127
vt 0.734257 0.389561
vt 0.761816 0.393708
vt 0.759118 0.411919
vt 0.731560 0.407772
vt 0.047706 0.721520
vt 0.091126 0.740047
vt 0.091283 0.741775
vt 0.046669 0.722985
vt 0.046524 0.719761
vt 0.068492 0.705287
vt 0.069231 0.706430
vt 0.044841 0.720128
vt 0.044839 0.671048
vt 0.046398 0.671791
vt 0.616460 0.023206
vt 0.594429 0.037174
vt 0.593674 0.035991
vt 0.615294 0.021364
vt 0.070581 0.705526
vt 0.092674 0.739021
vt 0.069842 0.704383
vt 0.091368 0.689292
vt 0.092549 0.691051
vt 0.047947 0.670765
vt 0.094232 0.690684
vt 0.094234 0.739765
vt 0.570301 0.050836
vt 0.592332 0.036869
vt 0.593086 0.038052
vt 0.571467 0.052678
vt 0.047790 0.669037
vt 0.092404 0.687827
vt 0.616454 0.071669
vt 0.614834 0.072729
vt 0.570306 0.002374
vt 0.571927 0.001314
vt 0.114283 0.669059
vt 0.113247 0.667593
vt 0.157863 0.648810
vt 0.157705 0.650538
vt 0.113101 0.670818
vt 0.135807 0.684152
vt 0.135067 0.685295
vt 0.111419 0.670451
vt 0.112970 0.718788
vt 0.111411 0.719531
vt 0.257484 0.699401
vt 0.258649 0.697559
vt 0.280266 0.712189
vt 0.279512 0.713372
vt 0.137157 0.685056
vt 0.159254 0.651563
vt 0.136417 0.686199
vt 0.159123 0.699533
vt 0.157941 0.701293
vt 0.114518 0.719814
vt 0.160806 0.699900
vt 0.160814 0.650821
vt 0.303636 0.727039
vt 0.302471 0.728881
vt 0.280854 0.714250
vt 0.281609 0.713067
vt 0.158977 0.702758
vt 0.114361 0.721542
vt 0.259100 0.748923
vt 0.257480 0.747863
vt 0.302020 0.677517
vt 0.303641 0.678577
vt 0.879245 0.183058
vt 0.879550 0.182665
vt 0.887511 0.184631
vt 0.887243 0.185069
vt 0.824402 0.299459
vt 0.823984 0.299151
vt 0.831559 0.296192
vt 0.831881 0.296598
vt 0.824087 0.299816
vt 0.850758 0.319644
vt 0.850707 0.320108
vt 0.835881 0.289011
vt 0.835968 0.289587
vt 0.891778 0.191098
vt 0.891744 0.191681
vt 0.892182 0.191273
vt 0.905919 0.160402
vt 0.906346 0.160606
vt 0.899787 0.190488
vt 0.899628 0.190978
vt 0.906351 0.195392
vt 0.906211 0.195902
vt 0.836454 0.289414
vt 0.851567 0.285914
vt 0.851059 0.285920
vt 0.851166 0.285293
vt 0.913958 0.071999
vt 0.912816 0.063162
vt 0.921504 0.062002
vt 0.921461 0.069913
vt 0.906182 0.071957
vt 0.904129 0.064326
vt 0.851169 0.319453
vt 0.851569 0.319673
vt 0.844218 0.289673
vt 0.844356 0.290208
vt 0.904129 0.056480
vt 0.911681 0.054343
vt 0.919496 0.054431
vt 0.786093 0.913625
vt 0.786816 0.913860
vt 0.775021 0.951351
vt 0.774218 0.951089
vt 0.786287 0.913003
vt 0.774220 0.909114
vt 0.774721 0.908236
vt 0.787020 0.913240
vt 0.791689 0.895726
vt 0.792520 0.895998
vt 0.799148 0.916222
vt 0.799050 0.917230
vt 0.240019 0.715078
vt 0.240754 0.715430
vt 0.215901 0.749316
vt 0.215615 0.748567
vt 0.240133 0.714092
vt 0.227614 0.711699
vt 0.227831 0.711101
vt 0.240923 0.713941
vt 0.233376 0.694171
vt 0.233940 0.693588
vt 0.226883 0.711452
vt 0.214837 0.748281
vt 0.227087 0.710853
vt 0.214964 0.706591
vt 0.215470 0.705738
vt 0.232588 0.693896
vt 0.214176 0.706453
vt 0.214181 0.748757
vt 0.214893 0.705137
vt 0.232445 0.693116
vt 0.921712 0.039740
vt 0.902195 0.036805
vt 0.902525 0.028500
vt 0.922211 0.027179
vt 0.900251 0.006832
vt 0.919218 0.001314
vt 0.921336 0.013699
vt 0.901650 0.015021
vt 0.922216 0.026711
vt 0.902530 0.028032
vt 0.901715 0.015484
vt 0.921401 0.014163
vt 0.919871 0.052647
vt 0.900354 0.049712
vt 0.902162 0.037272
vt 0.921679 0.040207
vt 0.919770 0.053103
vt 0.900253 0.050168
vt 0.759319 0.494151
vt 0.802744 0.512668
vt 0.802900 0.514396
vt 0.758283 0.495616
vt 0.758136 0.492392
vt 0.780101 0.477913
vt 0.780841 0.479055
vt 0.756454 0.492759
vt 0.756443 0.443678
vt 0.758003 0.444421
vt 0.523386 0.745383
vt 0.501358 0.759353
vt 0.500603 0.758170
vt 0.522221 0.743541
vt 0.782191 0.478152
vt 0.804290 0.511642
vt 0.781452 0.477009
vt 0.802975 0.461914
vt 0.804156 0.463673
vt 0.759551 0.443395
vt 0.805839 0.463306
vt 0.805851 0.512385
vt 0.477232 0.773019
vt 0.499261 0.759048
vt 0.500015 0.760231
vt 0.478398 0.774860
vt 0.759394 0.441667
vt 0.804011 0.460449
vt 0.523388 0.793845
vt 0.521767 0.794905
vt 0.477230 0.724556
vt 0.478851 0.723496
vt 0.543688 0.611564
vt 0.545128 0.610510
vt 0.563591 0.655898
vt 0.561892 0.655738
vt 0.541958 0.610362
vt 0.528849 0.633460
vt 0.527726 0.632707
vt 0.542319 0.608650
vt 0.494803 0.610228
vt 0.494073 0.608641
vt 0.049687 0.863775
vt 0.050853 0.861933
vt 0.072470 0.876562
vt 0.071716 0.877745
vt 0.527962 0.634833
vt 0.560884 0.657313
vt 0.526838 0.634081
vt 0.513730 0.657179
vt 0.512001 0.655977
vt 0.493794 0.611802
vt 0.513369 0.658891
vt 0.561614 0.658899
vt 0.095842 0.891410
vt 0.094676 0.893252
vt 0.073059 0.878623
vt 0.073813 0.877440
vt 0.510561 0.657031
vt 0.492096 0.611643
vt 0.051306 0.913297
vt 0.049686 0.912237
vt 0.094223 0.841888
vt 0.095843 0.842948
vt 0.304339 0.746296
vt 0.304686 0.745851
vt 0.313717 0.748084
vt 0.313413 0.748581
vt 0.128043 0.915699
vt 0.127569 0.915349
vt 0.136163 0.911992
vt 0.136528 0.912453
vt 0.127685 0.916103
vt 0.157943 0.938602
vt 0.157885 0.939129
vt 0.141067 0.903846
vt 0.141165 0.904499
vt 0.318555 0.755423
vt 0.318516 0.756084
vt 0.319013 0.755621
vt 0.334609 0.720601
vt 0.335093 0.720833
vt 0.327643 0.754733
vt 0.327462 0.755289
vt 0.335088 0.760299
vt 0.334928 0.760878
vt 0.141717 0.904303
vt 0.158864 0.900333
vt 0.158287 0.900340
vt 0.158409 0.899628
vt 0.818009 0.322396
vt 0.816713 0.312370
vt 0.826570 0.311054
vt 0.826521 0.320030
vt 0.809186 0.322349
vt 0.806856 0.313691
vt 0.158410 0.938385
vt 0.158863 0.938635
vt 0.150526 0.904597
vt 0.150681 0.905204
vt 0.806856 0.304790
vt 0.815425 0.302365
vt 0.824292 0.302464
vt 0.863311 0.798059
vt 0.864130 0.798326
vt 0.850749 0.840862
vt 0.849838 0.840565
vt 0.863529 0.797354
vt 0.849840 0.792942
vt 0.850408 0.791945
vt 0.864362 0.797623
vt 0.869658 0.777752
vt 0.870602 0.778060
vt 0.878122 0.801006
vt 0.878011 0.802150
vt 0.042490 0.693964
vt 0.043324 0.694363
vt 0.015132 0.732812
vt 0.014807 0.731963
vt 0.042620 0.692845
vt 0.028416 0.690132
vt 0.028662 0.689454
vt 0.043517 0.692674
vt 0.034950 0.670246
vt 0.035591 0.669584
vt 0.027586 0.689852
vt 0.013924 0.731638
vt 0.027817 0.689173
vt 0.014063 0.684338
vt 0.014637 0.683371
vt 0.034056 0.669933
vt 0.013169 0.684181
vt 0.013180 0.732179
vt 0.013983 0.682688
vt 0.033895 0.669048
vt 0.846070 0.460649
vt 0.823927 0.457317
vt 0.824302 0.447894
vt 0.846637 0.446397
vt 0.821725 0.423311
vt 0.843245 0.417052
vt 0.845647 0.431104
vt 0.823312 0.432601
vt 0.846642 0.445867
vt 0.824308 0.447364
vt 0.823386 0.433127
vt 0.845721 0.431630
vt 0.843980 0.475292
vt 0.821837 0.471960
vt 0.823890 0.457846
vt 0.846032 0.461178
vt 0.843865 0.475810
vt 0.821722 0.472478
vt 0.150836 0.712476
vt 0.151268 0.711922
vt 0.162510 0.714697
vt 0.162131 0.715316
vt 0.906981 0.906862
vt 0.906390 0.906426
vt 0.917087 0.902248
vt 0.917541 0.902821
vt 0.906536 0.907365
vt 0.944198 0.935363
vt 0.944126 0.936019
vt 0.923190 0.892109
vt 0.923312 0.892921
vt 0.168534 0.723830
vt 0.168487 0.724653
vt 0.169105 0.724076
vt 0.188500 0.680484
vt 0.189104 0.680772
vt 0.179844 0.722967
vt 0.179619 0.723659
vt 0.189113 0.729892
vt 0.188914 0.730612
vt 0.923999 0.892677
vt 0.945340 0.887734
vt 0.944622 0.887743
vt 0.944773 0.886857
vt 0.433591 0.362852
vt 0.431976 0.350374
vt 0.444244 0.348734
vt 0.444184 0.359905
vt 0.422610 0.362796
vt 0.419709 0.352021
vt 0.944779 0.935093
vt 0.945343 0.935404
vt 0.934962 0.893043
vt 0.935156 0.893798
vt 0.419707 0.340942
vt 0.430371 0.337922
vt 0.441407 0.338044
vt 0.222864 0.659146
vt 0.223884 0.659478
vt 0.207243 0.712423
vt 0.206109 0.712053
vt 0.223137 0.658268
vt 0.206097 0.652781
vt 0.206804 0.651540
vt 0.224172 0.658603
vt 0.230758 0.633870
vt 0.231932 0.634252
vt 0.241299 0.662809
vt 0.241162 0.664232
vt 0.786147 0.886882
vt 0.787185 0.887379
vt 0.752086 0.935224
vt 0.751682 0.934167
vt 0.786309 0.885489
vt 0.768631 0.882108
vt 0.768937 0.881264
vt 0.787425 0.885276
vt 0.776770 0.857360
vt 0.777568 0.856536
vt 0.767599 0.881759
vt 0.750583 0.933763
vt 0.767887 0.880914
vt 0.750770 0.874893
vt 0.751484 0.873689
vt 0.775657 0.856971
vt 0.749657 0.874698
vt 0.749657 0.934435
vt 0.750671 0.872839
vt 0.775457 0.855869
vt 0.593826 0.343709
vt 0.566267 0.339568
vt 0.566731 0.327841
vt 0.594529 0.325971
vt 0.563515 0.297245
vt 0.590298 0.289449
vt 0.593292 0.306938
vt 0.565494 0.308808
vt 0.594536 0.325311
vt 0.566737 0.327181
vt 0.565586 0.309462
vt 0.593383 0.307592
vt 0.591229 0.361935
vt 0.563670 0.357794
vt 0.566220 0.340227
vt 0.593780 0.344368
vt 0.591087 0.362579
vt 0.563527 0.358438
vn -0.852335 -0.482607 -0.201533
vn -0.973251 0.205804 0.102115
vn -0.971024 0.238980 0.000000
vn -0.870192 -0.492713 0.000000
vn -0.214037 0.232127 0.948844
vn 0.182821 -0.484559 0.855441
vn 0.008740 -0.469096 0.883104
vn -0.000015 0.239350 0.970933
vn -0.672761 0.307876 0.672760
vn 0.017182 0.330581 0.943621
vn -0.669279 0.322693 0.669279
vn 0.420759 -0.715790 0.557321
vn 0.220686 0.236263 0.946297
vn -0.949245 0.231737 -0.212680
vn -0.499845 -0.712949 -0.491792
vn -0.216052 0.232346 -0.948334
vn -0.926112 0.289876 -0.241429
vn -0.239672 0.289531 -0.926677
vn 0.000060 0.239462 -0.970906
vn 0.016640 -0.434424 -0.900555
vn 0.104368 0.211307 -0.971832
vn -0.158275 -0.380703 -0.911051
vn 0.949141 0.226247 0.218962
vn 0.685288 0.307118 -0.660348
vn 0.952515 0.223332 -0.206974
vn 0.820792 -0.535918 0.197718
vn -0.028379 -0.999597 0.000000
vn -0.000502 -1.000000 0.000166
vn -0.000300 -0.999592 0.028559
vn -0.028368 -0.999195 0.028364
vn -0.028368 -0.999195 -0.028364
vn -0.000616 -0.999602 -0.028207
vn 0.944616 0.328126 0.005816
vn 0.681916 0.321841 -0.656817
vn 0.835325 -0.549757 0.000386
vn 0.971458 0.237213 -0.000169
vn 0.027080 -0.999240 -0.028028
vn 0.027444 -0.999623 0.000332
vn 0.027786 -0.999201 0.028731
vn -0.085158 0.171018 -0.981581
vn -0.981577 0.171039 -0.085165
vn -0.939657 0.207039 -0.272359
vn -0.272349 0.207039 -0.939660
vn -0.088151 -0.366074 -0.926401
vn 0.000001 0.157448 -0.987527
vn 0.000002 -0.336333 -0.941743
vn -0.926394 -0.366079 -0.088199
vn -0.149597 -0.410437 -0.899534
vn -0.899630 -0.410348 -0.149268
vn -0.941729 -0.336371 -0.000002
vn -0.987531 0.157425 -0.000001
vn 0.981581 0.171018 -0.085161
vn 0.688560 0.227341 -0.688623
vn 0.683879 0.254132 -0.683905
vn 0.969148 0.246478 0.000001
vn 0.926402 -0.366073 -0.088147
vn 0.981577 0.171038 0.085167
vn 0.926395 -0.366078 0.088205
vn 0.622894 -0.471673 -0.624121
vn 0.889948 -0.456063 -0.000236
vn 0.605257 -0.515662 -0.606429
vn 0.085161 0.171018 0.981581
vn -0.000001 0.246476 0.969149
vn 0.088149 -0.366071 0.926403
vn -0.085166 0.171039 0.981577
vn -0.088208 -0.366078 0.926394
vn 0.000238 -0.456066 0.889946
vn -0.688571 0.227346 0.688610
vn -0.683893 0.254128 0.683893
vn -0.622937 -0.471575 0.624153
vn -0.605264 -0.515663 0.606422
vn -0.034270 -0.003658 0.999406
vn -0.027387 -0.002923 0.999621
vn 0.027387 -0.002923 0.999621
vn 0.034270 -0.003658 0.999406
vn 0.000000 0.000000 -1.000000
vn 0.000000 0.000000 -1.000000
vn 0.034268 -0.003658 -0.999406
vn 0.027385 -0.002923 -0.999621
vn 0.994057 -0.106101 0.024360
vn 0.993996 -0.106094 0.026747
vn 0.993996 -0.106094 -0.026747
vn 0.994057 -0.106101 -0.024360
vn -0.994057 -0.106101 -0.024360
vn -0.993996 -0.106095 -0.026747
vn -0.993996 -0.106095 0.026747
vn -0.994057 -0.106101 0.024360
vn -0.703102 -0.075048 -0.707118
vn -0.703102 -0.075048 -0.707118
vn 0.000000 0.990277 0.139108
vn -0.997560 0.069689 -0.004194
vn -0.999883 -0.014882 -0.003620
vn -0.704220 0.704215 0.090310
vn 0.000000 -0.985703 -0.168492
vn -0.704370 -0.704372 -0.087881
vn 0.997560 0.069689 -0.004194
vn 0.999883 -0.014883 -0.003620
vn 0.704370 -0.704372 -0.087881
vn 0.704220 0.704215 0.090309
vn -0.999973 -0.007301 -0.001150
vn -0.706004 0.705999 0.055880
vn -0.706033 -0.706035 -0.055068
vn 0.999973 -0.007302 -0.001150
vn 0.706033 -0.706035 -0.055068
vn 0.706005 0.705999 0.055880
vn -0.999991 -0.004294 -0.000453
vn -0.706613 0.706613 0.037367
vn -0.706621 -0.706622 -0.037047
vn 0.999991 -0.004295 -0.000453
vn 0.706621 -0.706622 -0.037047
vn 0.706613 0.706613 0.037367
vn -0.999970 -0.007771 -0.000401
vn -0.706986 0.706988 0.018383
vn -0.706990 -0.706992 -0.018099
vn 0.999970 -0.007771 -0.000401
vn 0.706990 -0.706992 -0.018099
vn 0.706987 0.706988 0.018383
vn -0.999908 -0.013520 0.000582
vn -0.707022 0.707023 -0.015433
vn -0.707026 -0.707028 0.015021
vn 0.999908 -0.013520 0.000582
vn 0.707026 -0.707028 0.015021
vn 0.707022 0.707023 -0.015433
vn -0.999997 -0.002381 0.000271
vn -0.706532 0.706532 -0.040310
vn -0.706537 -0.706538 0.040118
vn 0.999997 -0.002382 0.000271
vn 0.706537 -0.706538 0.040118
vn 0.706533 0.706532 -0.040310
vn -0.999959 -0.008983 0.001483
vn -0.705892 0.705887 -0.058656
vn -0.705932 -0.705933 0.057609
vn 0.999959 -0.008983 0.001483
vn 0.705932 -0.705933 0.057609
vn 0.705892 0.705887 -0.058656
vn -0.999925 -0.011855 0.003088
vn -0.704099 0.704094 -0.092180
vn -0.704236 -0.704237 0.090009
vn 0.999925 -0.011856 0.003088
vn 0.704236 -0.704237 0.090009
vn 0.704099 0.704094 -0.092180
vn -0.997571 0.069478 0.004944
vn 0.000000 0.990443 -0.137926
vn 0.000000 -0.985678 0.168641
vn 0.997571 0.069478 0.004944
vn 0.000000 0.000000 -1.000000
vn 0.000000 0.000000 1.000000
vn -0.852332 -0.482611 -0.201536
vn -0.973251 0.205804 0.102115
vn -0.971024 0.238981 0.000000
vn -0.870186 -0.492723 0.000000
vn -0.214043 0.232128 0.948843
vn 0.182840 -0.484584 0.855422
vn 0.008744 -0.469088 0.883108
vn -0.000015 0.239351 0.970933
vn -0.672770 0.307868 0.672753
vn 0.017171 0.330577 0.943623
vn -0.669289 0.322686 0.669273
vn 0.420770 -0.715762 0.557348
vn 0.220680 0.236263 0.946298
vn -0.949246 0.231735 -0.212677
vn -0.499828 -0.712939 -0.491823
vn -0.216066 0.232346 -0.948331
vn -0.926116 0.289871 -0.241421
vn -0.239698 0.289530 -0.926670
vn 0.000059 0.239462 -0.970906
vn 0.016639 -0.434414 -0.900560
vn 0.104367 0.211307 -0.971832
vn -0.158266 -0.380710 -0.911050
vn 0.949138 0.226249 0.218970
vn 0.685306 0.307112 -0.660331
vn 0.952517 0.223331 -0.206967
vn 0.820779 -0.535935 0.197726
vn -0.028377 -0.999597 0.000000
vn -0.000501 -1.000000 0.000166
vn -0.000299 -0.999592 0.028558
vn -0.028365 -0.999195 0.028365
vn -0.028366 -0.999195 -0.028365
vn -0.000615 -0.999602 -0.028207
vn 0.944616 0.328125 0.005826
vn 0.681936 0.321834 -0.656800
vn 0.835321 -0.549763 0.000390
vn 0.971457 0.237214 -0.000171
vn 0.027080 -0.999240 -0.028026
vn 0.027444 -0.999623 0.000332
vn 0.027786 -0.999201 0.028729
vn -0.085159 0.171017 -0.981581
vn -0.981577 0.171039 -0.085164
vn -0.939659 0.207038 -0.272354
vn -0.272354 0.207038 -0.939659
vn -0.088150 -0.366075 -0.926401
vn 0.000001 0.157448 -0.987527
vn 0.000002 -0.336335 -0.941742
vn -0.926394 -0.366080 -0.088204
vn -0.149592 -0.410436 -0.899536
vn -0.899628 -0.410349 -0.149277
vn -0.941729 -0.336373 -0.000002
vn -0.987531 0.157425 -0.000001
vn 0.981581 0.171018 -0.085160
vn 0.688572 0.227340 -0.688611
vn 0.683892 0.254130 -0.683892
vn 0.969148 0.246478 -0.000001
vn 0.926401 -0.366074 -0.088151
vn 0.981577 0.171039 0.085165
vn 0.926394 -0.366080 0.088206
vn 0.622886 -0.471668 -0.624133
vn 0.889947 -0.456065 -0.000239
vn 0.605251 -0.515657 -0.606440
vn 0.085160 0.171018 0.981581
vn 0.000001 0.246478 0.969148
vn 0.088150 -0.366075 0.926401
vn -0.085164 0.171038 0.981577
vn -0.088205 -0.366080 0.926394
vn 0.000238 -0.456064 0.889947
vn -0.688571 0.227350 0.688609
vn -0.683892 0.254132 0.683892
vn -0.622927 -0.471572 0.624165
vn -0.605254 -0.515658 0.606436
vn -0.034269 -0.003658 0.999406
vn -0.027386 -0.002923 0.999621
vn 0.027386 -0.002923 0.999621
vn 0.034269 -0.003658 0.999406
vn 0.000000 0.000000 -1.000000
vn 0.000000 0.000000 -1.000000
vn 0.034269 -0.003658 -0.999406
vn 0.027386 -0.002923 -0.999621
vn 0.994057 -0.106101 0.024360
vn 0.993996 -0.106095 0.026747
vn 0.993996 -0.106095 -0.026747
vn 0.994057 -0.106101 -0.024360
vn -0.994057 -0.106101 -0.024360
vn -0.993996 -0.106095 -0.026747
vn -0.993996 -0.106095 0.026747
vn -0.994057 -0.106101 0.024360
vn -0.703111 -0.075046 -0.707109
vn -0.703111 -0.075046 -0.707109
vn 0.090128 0.337016 -0.937175
vn -0.000003 0.433148 -0.901323
vn 0.617524 0.487152 -0.617533
vn 0.635138 0.439534 -0.635146
vn 0.090129 -0.337014 -0.937176
vn -0.090130 -0.337014 -0.937176
vn -0.090130 0.337016 -0.937175
vn 0.635143 -0.439531 -0.635142
vn 0.617531 -0.487149 -0.617529
vn -0.000000 -0.433146 -0.901324
vn 0.951247 0.308429 -0.000000
vn 0.937175 0.337015 0.090128
vn 0.937176 -0.337014 0.090128
vn 0.951248 -0.308429 -0.000000
vn -0.937175 0.337016 -0.090131
vn -0.901322 0.433149 -0.000001
vn -0.937176 -0.337014 -0.090130
vn -0.937176 -0.337014 0.090130
vn -0.937175 0.337017 0.090131
vn -0.901323 -0.433147 -0.000000
vn -0.635137 0.439536 0.635145
vn -0.617524 0.487152 0.617533
vn -0.000001 -0.308429 0.951248
vn 0.090130 -0.337015 0.937176
vn 0.090129 0.337016 0.937175
vn -0.000001 0.308430 0.951247
vn -0.617528 -0.487150 0.617531
vn -0.635141 -0.439533 0.635143
vn 0.908039 0.386817 0.160742
vn 0.160746 0.386819 0.908038
vn 0.160747 -0.386816 0.908038
vn 0.908040 -0.386814 0.160743
vn -0.090128 0.337016 -0.937175
vn -0.635137 0.439537 -0.635144
vn -0.617523 0.487156 -0.617531
vn 0.000002 0.433149 -0.901322
vn -0.090130 -0.337014 -0.937176
vn 0.090129 0.337016 -0.937175
vn 0.090129 -0.337014 -0.937176
vn -0.635145 -0.439534 -0.635138
vn -0.000002 -0.433148 -0.901323
vn -0.617533 -0.487152 -0.617525
vn -0.951247 0.308429 -0.000000
vn -0.951248 -0.308428 -0.000000
vn -0.937176 -0.337014 0.090129
vn -0.937175 0.337015 0.090129
vn 0.937175 0.337017 -0.090129
vn 0.901322 0.433151 0.000002
vn 0.937176 -0.337015 -0.090129
vn 0.937175 0.337017 0.090131
vn 0.937175 -0.337015 0.090131
vn 0.901322 -0.433149 0.000001
vn 0.635136 0.439539 0.635143
vn 0.617523 0.487157 0.617530
vn 0.000000 -0.308428 0.951248
vn 0.000000 0.308430 0.951247
vn -0.090129 0.337016 0.937175
vn -0.090129 -0.337014 0.937176
vn 0.635136 -0.439539 0.635143
vn 0.617523 -0.487157 0.617531
vn -0.160745 0.386819 0.908038
vn -0.908039 0.386817 0.160742
vn -0.908039 -0.386815 0.160744
vn -0.160745 -0.386816 0.908039
vn -0.852338 -0.482602 -0.201532
vn -0.973251 0.205803 0.102115
vn -0.971024 0.238981 -0.000000
vn -0.870193 -0.492711 0.000001
vn -0.214043 0.232126 0.948843
vn 0.182835 -0.484587 0.855422
vn 0.008740 -0.469076 0.883115
vn -0.000015 0.239351 0.970933
vn -0.672764 0.307859 0.672764
vn 0.017169 0.330576 0.943623
vn -0.669283 0.322677 0.669283
vn 0.420748 -0.715745 0.557386
vn 0.220683 0.236263 0.946298
vn -0.949246 0.231735 -0.212678
vn -0.499853 -0.712946 -0.491787
vn -0.216063 0.232345 -0.948331
vn -0.926114 0.289872 -0.241427
vn -0.239684 0.289529 -0.926674
vn 0.000060 0.239462 -0.970906
vn 0.016639 -0.434410 -0.900562
vn 0.104371 0.211305 -0.971832
vn -0.158254 -0.380685 -0.911062
vn 0.949141 0.226248 0.218961
vn 0.685285 0.307108 -0.660355
vn 0.952515 0.223333 -0.206973
vn 0.820789 -0.535923 0.197719
vn -0.028378 -0.999597 0.000000
vn -0.000502 -1.000000 0.000170
vn -0.000299 -0.999592 0.028557
vn -0.028367 -0.999195 0.028365
vn -0.028367 -0.999195 -0.028365
vn -0.000616 -0.999602 -0.028198
vn 0.944616 0.328125 0.005809
vn 0.681915 0.321830 -0.656824
vn 0.835321 -0.549762 0.000389
vn 0.971458 0.237214 -0.000168
vn 0.027079 -0.999241 -0.028009
vn 0.027444 -0.999623 0.000340
vn 0.027787 -0.999201 0.028727
vn -0.085158 0.171017 -0.981581
vn -0.981577 0.171039 -0.085165
vn -0.939658 0.207039 -0.272356
vn -0.272349 0.207038 -0.939660
vn -0.088149 -0.366073 -0.926402
vn 0.000001 0.157448 -0.987527
vn 0.000003 -0.336334 -0.941743
vn -0.926394 -0.366080 -0.088205
vn -0.149593 -0.410433 -0.899537
vn -0.899628 -0.410347 -0.149280
vn -0.941729 -0.336373 -0.000002
vn -0.987531 0.157426 -0.000001
vn 0.981581 0.171019 -0.085160
vn 0.688564 0.227341 -0.688619
vn 0.683884 0.254132 -0.683900
vn 0.969149 0.246478 0.000001
vn 0.926401 -0.366075 -0.088150
vn 0.981577 0.171039 0.085165
vn 0.926394 -0.366080 0.088203
vn 0.622882 -0.471672 -0.624134
vn 0.889947 -0.456065 -0.000242
vn 0.605246 -0.515662 -0.606441
vn 0.085162 0.171018 0.981580
vn -0.000000 0.246480 0.969148
vn 0.088150 -0.366074 0.926401
vn -0.085168 0.171039 0.981576
vn -0.088205 -0.366079 0.926394
vn 0.000241 -0.456066 0.889946
vn -0.688583 0.227349 0.688597
vn -0.683905 0.254131 0.683880
vn -0.622928 -0.471575 0.624162
vn -0.605254 -0.515662 0.606432
vn -0.034270 -0.003658 0.999406
vn -0.027387 -0.002923 0.999621
vn 0.027387 -0.002923 0.999621
vn 0.034270 -0.003658 0.999406
vn 0.000000 0.000000 -1.000000
vn 0.000000 0.000000 -1.000000
vn 0.034269 -0.003658 -0.999406
vn 0.027386 -0.002923 -0.999621
vn 0.994057 -0.106101 0.024360
vn 0.993996 -0.106095 0.026746
vn 0.993996 -0.106095 -0.026747
vn 0.994057 -0.106101 -0.024360
vn -0.994057 -0.106101 -0.024360
vn -0.993996 -0.106095 -0.026747
vn -0.993996 -0.106095 0.026747
vn -0.994057 -0.106101 0.024360
vn -0.703110 -0.075046 -0.707110
vn -0.703110 -0.075046 -0.707110
vn -0.090129 0.337016 0.937175
vn -0.000001 0.433149 0.901323
vn -0.617528 0.487151 0.617529
vn -0.635141 0.439534 0.635142
vn -0.090131 -0.337014 0.937176
vn 0.090131 -0.337015 0.937175
vn 0.090129 0.337016 0.937175
vn -0.635151 -0.439529 0.635135
vn -0.617539 -0.487146 0.617523
vn -0.000001 -0.433147 0.901323
vn -0.951247 0.308430 0.000000
vn -0.937175 0.337016 -0.090129
vn -0.937176 -0.337015 -0.090129
vn -0.951247 -0.308430 0.000000
vn 0.937175 0.337017 0.090131
vn 0.901321 0.433151 0.000000
vn 0.937175 -0.337015 0.090130
vn 0.937175 -0.337015 -0.090130
vn 0.937175 0.337017 -0.090131
vn 0.901323 -0.433147 -0.000000
vn 0.635136 0.439538 -0.635144
vn 0.617523 0.487155 -0.617531
vn 0.000000 -0.308429 -0.951248
vn -0.090130 -0.337014 -0.937176
vn -0.090129 0.337016 -0.937175
vn 0.000000 0.308430 -0.951247
vn 0.617531 -0.487150 -0.617527
vn 0.635144 -0.439534 -0.635139
vn -0.908038 0.386818 -0.160743
vn -0.160745 0.386818 -0.908038
vn -0.160748 -0.386816 -0.908038
vn -0.908040 -0.386815 -0.160744
vn 0.090127 0.337016 0.937175
vn 0.635134 0.439537 0.635148
vn 0.617520 0.487155 0.617534
vn -0.000003 0.433149 0.901322
vn 0.090131 -0.337014 0.937176
vn -0.090129 0.337017 0.937175
vn -0.090131 -0.337015 0.937175
vn 0.635150 -0.439531 0.635136
vn 0.000000 -0.433147 0.901323
vn 0.617538 -0.487148 0.617523
vn 0.951247 0.308430 0.000000
vn 0.951248 -0.308429 0.000000
vn 0.937176 -0.337014 -0.090129
vn 0.937175 0.337015 -0.090129
vn -0.937175 0.337017 0.090129
vn -0.901322 0.433151 -0.000002
vn -0.937176 -0.337015 0.090129
vn -0.937175 0.337016 -0.090131
vn -0.937175 -0.337014 -0.090132
vn -0.901323 -0.433147 -0.000003
vn -0.635137 0.439537 -0.635144
vn -0.617524 0.487154 -0.617531
vn 0.000000 -0.308428 -0.951248
vn 0.000000 0.308430 -0.951247
vn 0.090129 0.337016 -0.937175
vn 0.090131 -0.337014 -0.937176
vn -0.635143 -0.439531 -0.635143
vn -0.617530 -0.487147 -0.617531
vn 0.160745 0.386818 -0.908038
vn 0.908039 0.386817 -0.160742
vn 0.908040 -0.386814 -0.160744
vn 0.160749 -0.386815 -0.908039
vn -0.852332 -0.482612 -0.201535
vn -0.973251 0.205804 0.102115
vn -0.971024 0.238981 0.000000
vn -0.870187 -0.492721 0.000000
vn -0.214042 0.232127 0.948843
vn 0.182825 -0.484559 0.855440
vn 0.008733 -0.469096 0.883104
vn -0.000013 0.239350 0.970933
vn -0.672778 0.307869 0.672746
vn 0.017171 0.330581 0.943621
vn -0.669297 0.322686 0.669265
vn 0.420746 -0.715796 0.557323
vn 0.220686 0.236263 0.946297
vn -0.949245 0.231735 -0.212679
vn -0.499847 -0.712943 -0.491798
vn -0.216062 0.232346 -0.948331
vn -0.926114 0.289872 -0.241426
vn -0.239688 0.289529 -0.926673
vn 0.000060 0.239462 -0.970906
vn 0.016640 -0.434412 -0.900561
vn 0.104370 0.211308 -0.971831
vn -0.158263 -0.380696 -0.911056
vn 0.949140 0.226248 0.218963
vn 0.685297 0.307114 -0.660340
vn 0.952515 0.223333 -0.206975
vn 0.820792 -0.535918 0.197718
vn -0.028379 -0.999597 0.000000
vn -0.000502 -1.000000 0.000166
vn -0.000299 -0.999592 0.028559
vn -0.028367 -0.999195 0.028364
vn -0.028368 -0.999195 -0.028364
vn -0.000616 -0.999602 -0.028207
vn 0.944616 0.328126 0.005817
vn 0.681926 0.321837 -0.656809
vn 0.835324 -0.549759 0.000385
vn 0.971458 0.237214 -0.000169
vn 0.027080 -0.999240 -0.028028
vn 0.027445 -0.999623 0.000333
vn 0.027787 -0.999201 0.028731
vn -0.085160 0.171018 -0.981581
vn -0.981577 0.171039 -0.085165
vn -0.939658 0.207038 -0.272358
vn -0.272355 0.207038 -0.939658
vn -0.088150 -0.366074 -0.926401
vn 0.000001 0.157448 -0.987527
vn 0.000002 -0.336333 -0.941743
vn -0.926394 -0.366079 -0.088199
vn -0.149596 -0.410437 -0.899535
vn -0.899630 -0.410349 -0.149268
vn -0.941729 -0.336371 -0.000002
vn -0.987531 0.157426 -0.000001
vn 0.981580 0.171018 -0.085161
vn 0.688568 0.227339 -0.688616
vn 0.683888 0.254129 -0.683898
vn 0.969148 0.246478 0.000001
vn 0.926402 -0.366073 -0.088147
vn 0.981576 0.171039 0.085167
vn 0.926394 -0.366079 0.088206
vn 0.622892 -0.471674 -0.624123
vn 0.889947 -0.456064 -0.000236
vn 0.605255 -0.515663 -0.606431
vn 0.085159 0.171018 0.981581
vn -0.000001 0.246476 0.969149
vn 0.088149 -0.366071 0.926403
vn -0.085165 0.171039 0.981577
vn -0.088205 -0.366078 0.926394
vn 0.000237 -0.456066 0.889946
vn -0.688566 0.227348 0.688614
vn -0.683888 0.254130 0.683897
vn -0.622935 -0.471576 0.624154
vn -0.605262 -0.515664 0.606423
vn -0.034271 -0.003658 0.999406
vn -0.027388 -0.002923 0.999621
vn 0.027387 -0.002923 0.999621
vn 0.034271 -0.003658 0.999406
vn 0.000000 0.000000 -1.000000
vn 0.000000 0.000000 -1.000000
vn 0.034269 -0.003658 -0.999406
vn 0.027386 -0.002923 -0.999621
vn 0.994057 -0.106101 0.024360
vn 0.993996 -0.106094 0.026747
vn 0.993996 -0.106094 -0.026747
vn 0.994057 -0.106101 -0.024360
vn -0.994057 -0.106101 -0.024360
vn -0.993996 -0.106095 -0.026747
vn -0.993996 -0.106095 0.026747
vn -0.994057 -0.106101 0.024360
vn -0.703113 -0.075047 -0.707107
vn -0.703113 -0.075047 -0.707107
vn 0.852323 -0.482625 0.201542
vn 0.973251 0.205804 -0.102115
vn 0.971024 0.238981 -0.000000
vn 0.870183 -0.492729 0.000001
vn 0.214040 0.232128 -0.948843
vn -0.182814 -0.484587 -0.855427
vn -0.008744 -0.469088 -0.883108
vn 0.000016 0.239351 -0.970933
vn 0.672753 0.307875 -0.672768
vn -0.017177 0.330578 -0.943623
vn 0.669271 0.322693 -0.669287
vn -0.420776 -0.715759 -0.557348
vn -0.220680 0.236263 -0.946298
vn 0.949246 0.231735 0.212677
vn 0.499823 -0.712941 0.491826
vn 0.216060 0.232346 0.948332
vn 0.926116 0.289872 0.241422
vn 0.239692 0.289531 0.926671
vn -0.000060 0.239462 0.970906
vn -0.016639 -0.434414 0.900560
vn -0.104366 0.211307 0.971832
vn 0.158283 -0.380709 0.911047
vn -0.949137 0.226251 -0.218972
vn -0.685323 0.307105 0.660317
vn -0.952518 0.223329 0.206964
vn -0.820780 -0.535934 -0.197726
vn 0.028378 -0.999597 0.000000
vn 0.000502 -1.000000 -0.000166
vn 0.000299 -0.999592 -0.028558
vn 0.028366 -0.999195 -0.028365
vn 0.028368 -0.999195 0.028365
vn 0.000615 -0.999602 0.028207
vn -0.944617 0.328124 -0.005830
vn -0.681953 0.321827 0.656786
vn -0.835318 -0.549767 -0.000391
vn -0.971457 0.237214 0.000171
vn -0.027081 -0.999240 0.028026
vn -0.027444 -0.999623 -0.000332
vn -0.027786 -0.999201 -0.028729
vn 0.085161 0.171017 0.981581
vn 0.981577 0.171038 0.085164
vn 0.939659 0.207037 0.272353
vn 0.272360 0.207037 0.939657
vn 0.088150 -0.366075 0.926401
vn -0.000001 0.157448 0.987527
vn -0.000004 -0.336335 0.941742
vn 0.926394 -0.366079 0.088204
vn 0.149594 -0.410436 0.899536
vn 0.899629 -0.410346 0.149276
vn 0.941729 -0.336372 0.000002
vn 0.987531 0.157426 0.000001
vn -0.981581 0.171018 0.085160
vn -0.688577 0.227336 0.688607
vn -0.683897 0.254126 0.683889
vn -0.969148 0.246478 0.000001
vn -0.926401 -0.366076 0.088149
vn -0.981577 0.171039 -0.085166
vn -0.926394 -0.366081 -0.088202
vn -0.622890 -0.471682 0.624119
vn -0.889946 -0.456067 0.000237
vn -0.605252 -0.515673 0.606425
vn -0.085158 0.171018 -0.981581
vn -0.000001 0.246478 -0.969149
vn -0.088154 -0.366076 -0.926400
vn 0.085162 0.171038 -0.981577
vn 0.088202 -0.366080 -0.926394
vn -0.000244 -0.456066 -0.889946
vn 0.688562 0.227353 -0.688616
vn 0.683883 0.254135 -0.683900
vn 0.622923 -0.471574 -0.624168
vn 0.605249 -0.515661 -0.606439
vn 0.034270 -0.003658 -0.999406
vn 0.027387 -0.002923 -0.999621
vn -0.027387 -0.002923 -0.999621
vn -0.034270 -0.003658 -0.999406
vn 0.000000 0.000000 1.000000
vn 0.000000 0.000000 1.000000
vn -0.034270 -0.003658 0.999406
vn -0.027387 -0.002923 0.999621
vn -0.994057 -0.106101 -0.024360
vn -0.993996 -0.106095 -0.026747
vn -0.993996 -0.106095 0.026747
vn -0.994057 -0.106101 0.024360
vn 0.994057 -0.106101 0.024360
vn 0.993996 -0.106095 0.026747
vn 0.993996 -0.106095 -0.026747
vn 0.994057 -0.106101 -0.024360
vn 0.703121 -0.075044 0.707099
vn 0.703121 -0.075044 0.707099
s 1
g polySurface220
usemtl lambert22SG
f 1065/1596/1136 1067/1597/1137 1081/1598/1138 1082/1599/1139
s 2
f 1066/1600/1140 1065/1601/1141 1069/1602/1142 1068/1603/1143
f 1067/1604/1144 1066/1600/1140 1075/1605/1145 1078/1606/1146
f 1068/1603/1143 1069/1602/1142 1088/1607/1147 1079/1608/1148
s 1
f 1070/1609/1149 1072/1610/1150 1082/1599/1139 1081/1598/1138
f 1071/1611/1151 1070/1609/1149 1078/1612/1152 1077/1613/1153
f 1072/1610/1150 1071/1611/1151 1073/1614/1154 1074/1615/1155
f 1074/1615/1155 1073/1614/1154 1080/1616/1156 1085/1617/1157
s 2
f 1087/1618/1158 1079/1608/1148 1088/1607/1147
f 1080/1619/1159 1086/1620/1160 1085/1621/1161
f 1075/1605/1145 1068/1603/1143 1079/1608/1148
s 1
f 1077/1613/1153 1073/1614/1154 1071/1611/1151
s 4
f 1082/1622/1162 1064/1623/1163 1069/1624/1164 1065/1625/1165
s 1
f 1078/1612/1152 1081/1598/1138 1067/1597/1137
s 2
f 1066/1600/1140 1068/1603/1143 1075/1605/1145
s 1
f 1077/1613/1153 1080/1616/1156 1073/1614/1154
f 1070/1609/1149 1081/1598/1138 1078/1612/1152
s 4
f 1072/1626/1166 1074/1627/1167 1064/1623/1163 1082/1622/1162
s 2
f 1065/1601/1141 1066/1600/1140 1067/1604/1144
s 1
f 1070/1609/1149 1071/1611/1151 1072/1610/1150
s 2
f 1075/1605/1145 1076/1628/1168 1077/1629/1169 1078/1606/1146
f 1083/1630/1170 1084/1631/1171 1087/1618/1158 1088/1607/1147
f 1084/1631/1171 1083/1630/1170 1085/1621/1161 1086/1620/1160
f 1076/1628/1168 1084/1631/1171 1086/1620/1160
f 1087/1618/1158 1084/1631/1171 1076/1628/1168
s 4
f 1064/1623/1163 1074/1627/1167 1085/1632/1172 1083/1633/1173
f 1069/1624/1164 1064/1623/1163 1083/1633/1173 1088/1634/1174
s 2
f 1077/1629/1169 1076/1628/1168 1086/1620/1160 1080/1619/1159
f 1076/1628/1168 1075/1605/1145 1079/1608/1148 1087/1618/1158
s 5
g textureEditorIsolateSelectSet polySurface220
f 1089/1635/1175 1092/1636/1176 1110/1637/1177 1109/1638/1178
f 1090/1639/1179 1089/1635/1175 1096/1640/1180 1095/1641/1181
f 1091/1642/1182 1090/1639/1179 1106/1643/1183 1105/1644/1184
f 1092/1636/1176 1091/1642/1182 1102/1645/1185 1101/1646/1186
s 6
f 1093/1647/1187 1096/1648/1188 1109/1649/1189 1112/1650/1190
f 1094/1651/1191 1093/1647/1187 1100/1652/1192 1099/1653/1193
f 1095/1654/1194 1094/1651/1191 1107/1655/1195 1106/1656/1196
f 1097/1657/1197 1100/1652/1192 1112/1650/1190 1111/1658/1198
f 1098/1659/1199 1097/1657/1197 1104/1660/1200 1103/1661/1201
f 1099/1653/1193 1098/1659/1199 1108/1662/1202 1107/1655/1195
f 1101/1663/1203 1104/1660/1200 1111/1658/1198 1110/1664/1204
f 1103/1661/1201 1102/1665/1205 1105/1666/1206 1108/1662/1202
s 5
f 1090/1639/1179 1095/1641/1181 1106/1643/1183
s 6
f 1094/1651/1191 1099/1653/1193 1107/1655/1195
f 1098/1659/1199 1103/1661/1201 1108/1662/1202
s 5
f 1102/1645/1185 1091/1642/1182 1105/1644/1184
f 1092/1636/1176 1101/1646/1186 1110/1637/1177
s 6
f 1104/1660/1200 1097/1657/1197 1111/1658/1198
f 1100/1652/1192 1093/1647/1187 1112/1650/1190
s 5
f 1096/1640/1180 1089/1635/1175 1109/1638/1178
f 1089/1635/1175 1090/1639/1179 1091/1642/1182 1092/1636/1176
s 6
f 1093/1647/1187 1094/1651/1191 1095/1654/1194 1096/1648/1188
f 1097/1657/1197 1098/1659/1199 1099/1653/1193 1100/1652/1192
f 1101/1663/1203 1102/1665/1205 1103/1661/1201 1104/1660/1200
f 1105/1666/1206 1106/1656/1196 1107/1655/1195 1108/1662/1202
f 1109/1649/1189 1110/1664/1204 1111/1658/1198 1112/1650/1190
s 7
g polySurface220
f 1116/1667/1207 1114/1668/1208 1118/1669/1209 1120/1670/1210
f 1124/1671/1211 1122/1672/1212 1125/1673/1213 1128/1674/1214
f 1119/1675/1215 1117/1676/1216 1127/1677/1217 1126/1678/1218
f 1121/1679/1219 1123/1680/1220 1113/1681/1221 1115/1682/1222
f 1113/1681/1221 1114/1668/1208 1116/1667/1207 1115/1682/1222
f 1118/1669/1209 1117/1676/1216 1119/1675/1215 1120/1670/1210
f 1121/1679/1219 1122/1683/1223 1124/1684/1224 1123/1680/1220
f 1125/1673/1213 1126/1678/1218 1127/1677/1217 1128/1674/1214
s 10
f 1129/1685/1225 1130/1686/1226 1134/1687/1227 1133/1688/1228
f 1130/1686/1226 1131/1689/1229 1135/1690/1230 1134/1687/1227
f 1131/1691/1229 1132/1692/1231 1136/1693/1232 1135/1694/1233
f 1132/1692/1231 1129/1695/1225 1133/1696/1234 1136/1693/1232
f 1133/1688/1228 1134/1687/1227 1138/1697/1235 1137/1698/1236
f 1134/1687/1227 1135/1690/1230 1139/1699/1237 1138/1697/1235
f 1135/1694/1233 1136/1693/1232 1140/1700/1238 1139/1701/1239
f 1136/1693/1232 1133/1696/1234 1137/1702/1240 1140/1700/1238
f 1137/1698/1236 1138/1697/1235 1142/1703/1241 1141/1704/1242
f 1138/1697/1235 1139/1699/1237 1143/1705/1243 1142/1703/1241
f 1139/1701/1239 1140/1700/1238 1144/1706/1244 1143/1707/1245
f 1140/1700/1238 1137/1702/1240 1141/1708/1246 1144/1706/1244
f 1141/1704/1242 1142/1703/1241 1146/1709/1247 1145/1710/1248
f 1142/1703/1241 1143/1705/1243 1147/1711/1249 1146/1709/1247
f 1143/1707/1245 1144/1706/1244 1148/1712/1250 1147/1713/1251
f 1144/1706/1244 1141/1708/1246 1145/1714/1252 1148/1712/1250
f 1145/1710/1248 1146/1709/1247 1150/1715/1253 1149/1716/1254
f 1146/1709/1247 1147/1711/1249 1151/1717/1255 1150/1715/1253
f 1147/1713/1251 1148/1712/1250 1152/1718/1256 1151/1719/1257
f 1148/1712/1250 1145/1714/1252 1149/1720/1258 1152/1718/1256
f 1149/1716/1254 1150/1715/1253 1154/1721/1259 1153/1722/1260
f 1150/1715/1253 1151/1717/1255 1155/1723/1261 1154/1721/1259
f 1151/1719/1257 1152/1718/1256 1156/1724/1262 1155/1725/1263
f 1152/1718/1256 1149/1720/1258 1153/1726/1264 1156/1724/1262
f 1153/1722/1260 1154/1721/1259 1158/1727/1265 1157/1728/1266
f 1154/1721/1259 1155/1723/1261 1159/1729/1267 1158/1727/1265
f 1155/1725/1263 1156/1724/1262 1160/1730/1268 1159/1731/1269
f 1156/1724/1262 1153/1726/1264 1157/1732/1270 1160/1730/1268
f 1157/1728/1266 1158/1727/1265 1162/1733/1271 1161/1734/1272
f 1158/1727/1265 1159/1729/1267 1163/1735/1273 1162/1733/1271
f 1159/1731/1269 1160/1730/1268 1164/1736/1274 1163/1737/1275
f 1160/1730/1268 1157/1732/1270 1161/1738/1276 1164/1736/1274
f 1161/1734/1272 1162/1733/1271 1166/1739/1277 1165/1740/1278
f 1162/1733/1271 1163/1735/1273 1167/1741/1279 1166/1739/1277
f 1163/1737/1275 1164/1736/1274 1168/1742/1280 1167/1743/1279
f 1164/1736/1274 1161/1738/1276 1165/1744/1278 1168/1742/1280
f 1130/1686/1226 1129/1685/1225 1169/1745/1281
f 1131/1689/1229 1130/1686/1226 1169/1745/1281
f 1132/1692/1231 1131/1691/1229 1169/1746/1281
f 1129/1695/1225 1132/1692/1231 1169/1746/1281
f 1165/1740/1278 1166/1739/1277 1170/1747/1282
f 1166/1739/1277 1167/1741/1279 1170/1747/1282
f 1167/1743/1279 1168/1742/1280 1170/1748/1282
f 1168/1742/1280 1165/1744/1278 1170/1748/1282
s 12
f 1172/1749/1283 1174/1750/1284 1188/1751/1285 1189/1752/1286
s 13
f 1173/1753/1287 1172/1754/1288 1176/1755/1289 1175/1756/1290
f 1174/1757/1291 1173/1753/1287 1182/1758/1292 1185/1759/1293
f 1175/1756/1290 1176/1755/1289 1195/1760/1294 1186/1761/1295
s 12
f 1177/1762/1296 1179/1763/1297 1189/1752/1286 1188/1751/1285
f 1178/1764/1298 1177/1762/1296 1185/1765/1299 1184/1766/1300
f 1179/1763/1297 1178/1764/1298 1180/1767/1301 1181/1768/1302
f 1181/1768/1302 1180/1767/1301 1187/1769/1303 1192/1770/1304
s 13
f 1194/1771/1305 1186/1761/1295 1195/1760/1294
f 1187/1772/1306 1193/1773/1307 1192/1774/1308
f 1182/1758/1292 1175/1756/1290 1186/1761/1295
s 12
f 1184/1766/1300 1180/1767/1301 1178/1764/1298
s 15
f 1189/1775/1309 1171/1776/1310 1176/1777/1311 1172/1778/1312
s 12
f 1185/1765/1299 1188/1751/1285 1174/1750/1284
s 13
f 1173/1753/1287 1175/1756/1290 1182/1758/1292
s 12
f 1184/1766/1300 1187/1769/1303 1180/1767/1301
f 1177/1762/1296 1188/1751/1285 1185/1765/1299
s 15
f 1179/1779/1313 1181/1780/1314 1171/1776/1310 1189/1775/1309
s 13
f 1172/1754/1288 1173/1753/1287 1174/1757/1291
s 12
f 1177/1762/1296 1178/1764/1298 1179/1763/1297
s 13
f 1182/1758/1292 1183/1781/1315 1184/1782/1316 1185/1759/1293
f 1190/1783/1317 1191/1784/1318 1194/1771/1305 1195/1760/1294
f 1191/1784/1318 1190/1783/1317 1192/1774/1308 1193/1773/1307
f 1183/1781/1315 1191/1784/1318 1193/1773/1307
f 1194/1771/1305 1191/1784/1318 1183/1781/1315
s 15
f 1171/1776/1310 1181/1780/1314 1192/1785/1319 1190/1786/1320
f 1176/1777/1311 1171/1776/1310 1190/1786/1320 1195/1787/1321
s 13
f 1184/1782/1316 1183/1781/1315 1193/1773/1307 1187/1772/1306
f 1183/1781/1315 1182/1758/1292 1186/1761/1295 1194/1771/1305
s 16
g textureEditorIsolateSelectSet polySurface220
f 1196/1788/1322 1199/1789/1323 1217/1790/1324 1216/1791/1325
f 1197/1792/1326 1196/1788/1322 1203/1793/1327 1202/1794/1328
f 1198/1795/1329 1197/1792/1326 1213/1796/1330 1212/1797/1331
f 1199/1789/1323 1198/1795/1329 1209/1798/1332 1208/1799/1333
s 17
f 1200/1800/1334 1203/1801/1335 1216/1802/1336 1219/1803/1337
f 1201/1804/1338 1200/1800/1334 1207/1805/1339 1206/1806/1340
f 1202/1807/1341 1201/1804/1338 1214/1808/1342 1213/1809/1343
f 1204/1810/1344 1207/1805/1339 1219/1803/1337 1218/1811/1345
f 1205/1812/1346 1204/1810/1344 1211/1813/1347 1210/1814/1348
f 1206/1806/1340 1205/1812/1346 1215/1815/1349 1214/1808/1342
f 1208/1816/1350 1211/1813/1347 1218/1811/1345 1217/1817/1351
f 1210/1814/1348 1209/1818/1352 1212/1819/1353 1215/1815/1349
s 16
f 1197/1792/1326 1202/1794/1328 1213/1796/1330
s 17
f 1201/1804/1338 1206/1806/1340 1214/1808/1342
f 1205/1812/1346 1210/1814/1348 1215/1815/1349
s 16
f 1209/1798/1332 1198/1795/1329 1212/1797/1331
f 1199/1789/1323 1208/1799/1333 1217/1790/1324
s 17
f 1211/1813/1347 1204/1810/1344 1218/1811/1345
f 1207/1805/1339 1200/1800/1334 1219/1803/1337
s 16
f 1203/1793/1327 1196/1788/1322 1216/1791/1325
f 1196/1788/1322 1197/1792/1326 1198/1795/1329 1199/1789/1323
s 17
f 1200/1800/1334 1201/1804/1338 1202/1807/1341 1203/1801/1335
f 1204/1810/1344 1205/1812/1346 1206/1806/1340 1207/1805/1339
f 1208/1816/1350 1209/1818/1352 1210/1814/1348 1211/1813/1347
f 1212/1819/1353 1213/1809/1343 1214/1808/1342 1215/1815/1349
f 1216/1802/1336 1217/1817/1351 1218/1811/1345 1219/1803/1337
s 18
g polySurface220
f 1223/1820/1354 1221/1821/1355 1225/1822/1356 1227/1823/1357
f 1231/1824/1358 1229/1825/1359 1232/1826/1360 1235/1827/1361
f 1226/1828/1362 1224/1829/1363 1234/1830/1364 1233/1831/1365
f 1228/1832/1366 1230/1833/1367 1220/1834/1368 1222/1835/1369
f 1220/1834/1368 1221/1821/1355 1223/1820/1354 1222/1835/1369
f 1225/1822/1356 1224/1829/1363 1226/1828/1362 1227/1823/1357
f 1228/1832/1366 1229/1836/1370 1231/1837/1371 1230/1833/1367
f 1232/1826/1360 1233/1831/1365 1234/1830/1364 1235/1827/1361
s 21
f 1236/1838/1372 1256/1839/1373 1257/1840/1374 1239/1841/1375
f 1237/1842/1376 1242/1843/1377 1243/1844/1378 1236/1838/1372
f 1238/1845/1379 1252/1846/1380 1253/1847/1381 1237/1842/1376
s 24
f 1239/1848/1382 1248/1849/1383 1249/1850/1384 1238/1851/1385
s 21
f 1240/1852/1386 1259/1853/1387 1256/1839/1373 1243/1844/1378
f 1241/1854/1388 1246/1855/1389 1247/1856/1390 1240/1852/1386
f 1242/1843/1377 1253/1847/1381 1254/1857/1391 1241/1854/1388
f 1244/1858/1392 1258/1859/1393 1259/1853/1387 1247/1856/1390
s 24
f 1245/1860/1394 1250/1861/1395 1251/1862/1396 1244/1863/1397
s 21
f 1246/1855/1389 1254/1857/1391 1255/1864/1398 1245/1865/1399
s 24
f 1248/1849/1383 1257/1866/1400 1258/1867/1401 1251/1862/1396
f 1250/1861/1395 1255/1868/1402 1252/1869/1403 1249/1850/1384
s 21
f 1237/1842/1376 1253/1847/1381 1242/1843/1377
f 1241/1854/1388 1254/1857/1391 1246/1855/1389
s 24
f 1245/1860/1394 1255/1868/1402 1250/1861/1395
f 1249/1850/1384 1252/1869/1403 1238/1851/1385
f 1239/1848/1382 1257/1866/1400 1248/1849/1383
f 1251/1862/1396 1258/1867/1401 1244/1863/1397
s 21
f 1247/1856/1390 1259/1853/1387 1240/1852/1386
f 1243/1844/1378 1256/1839/1373 1236/1838/1372
f 1236/1838/1372 1239/1841/1375 1238/1845/1379 1237/1842/1376
f 1240/1852/1386 1243/1844/1378 1242/1843/1377 1241/1854/1388
f 1244/1858/1392 1247/1856/1390 1246/1855/1389 1245/1865/1399
s 24
f 1248/1849/1383 1251/1862/1396 1250/1861/1395 1249/1850/1384
s 21
f 1252/1846/1380 1255/1864/1398 1254/1857/1391 1253/1847/1381
f 1256/1839/1373 1259/1853/1387 1258/1859/1393 1257/1840/1374
s 28
f 1260/1870/1404 1263/1871/1405 1281/1872/1406 1280/1873/1407
f 1261/1874/1408 1260/1870/1404 1267/1875/1409 1266/1876/1410
f 1262/1877/1411 1261/1874/1408 1277/1878/1412 1276/1879/1413
s 29
f 1263/1880/1414 1262/1881/1415 1273/1882/1416 1272/1883/1417
s 28
f 1264/1884/1418 1267/1875/1409 1280/1873/1407 1283/1885/1419
f 1265/1886/1420 1264/1884/1418 1271/1887/1421 1270/1888/1422
f 1266/1876/1410 1265/1886/1420 1278/1889/1423 1277/1878/1412
f 1268/1890/1424 1271/1887/1421 1283/1885/1419 1282/1891/1425
s 29
f 1269/1892/1426 1268/1893/1427 1275/1894/1428 1274/1895/1429
s 28
f 1270/1888/1422 1269/1896/1430 1279/1897/1431 1278/1889/1423
s 29
f 1272/1883/1417 1275/1894/1428 1282/1898/1432 1281/1899/1433
f 1274/1895/1429 1273/1882/1416 1276/1900/1434 1279/1901/1435
s 28
f 1261/1874/1408 1266/1876/1410 1277/1878/1412
f 1265/1886/1420 1270/1888/1422 1278/1889/1423
s 29
f 1269/1892/1426 1274/1895/1429 1279/1901/1435
f 1273/1882/1416 1262/1881/1415 1276/1900/1434
f 1263/1880/1414 1272/1883/1417 1281/1899/1433
f 1275/1894/1428 1268/1893/1427 1282/1898/1432
s 28
f 1271/1887/1421 1264/1884/1418 1283/1885/1419
f 1267/1875/1409 1260/1870/1404 1280/1873/1407
f 1260/1870/1404 1261/1874/1408 1262/1877/1411 1263/1871/1405
f 1264/1884/1418 1265/1886/1420 1266/1876/1410 1267/1875/1409
f 1268/1890/1424 1269/1896/1430 1270/1888/1422 1271/1887/1421
s 29
f 1272/1883/1417 1273/1882/1416 1274/1895/1429 1275/1894/1428
s 28
f 1276/1879/1413 1277/1878/1412 1278/1889/1423 1279/1897/1431
f 1280/1873/1407 1281/1872/1406 1282/1891/1425 1283/1885/1419
s 31
f 1285/1902/1436 1287/1903/1437 1301/1904/1438 1302/1905/1439
s 32
f 1286/1906/1440 1285/1907/1441 1289/1908/1442 1288/1909/1443
f 1287/1910/1444 1286/1906/1440 1295/1911/1445 1298/1912/1446
f 1288/1909/1443 1289/1908/1442 1308/1913/1447 1299/1914/1448
s 31
f 1290/1915/1449 1292/1916/1450 1302/1905/1439 1301/1904/1438
f 1291/1917/1451 1290/1915/1449 1298/1918/1452 1297/1919/1453
f 1292/1916/1450 1291/1917/1451 1293/1920/1454 1294/1921/1455
f 1294/1921/1455 1293/1920/1454 1300/1922/1456 1305/1923/1457
s 32
f 1307/1924/1458 1299/1914/1448 1308/1913/1447
f 1300/1925/1459 1306/1926/1460 1305/1927/1461
f 1295/1911/1445 1288/1909/1443 1299/1914/1448
s 31
f 1297/1919/1453 1293/1920/1454 1291/1917/1451
s 34
f 1302/1928/1462 1284/1929/1463 1289/1930/1464 1285/1931/1465
s 31
f 1298/1918/1452 1301/1904/1438 1287/1903/1437
s 32
f 1286/1906/1440 1288/1909/1443 1295/1911/1445
s 31
f 1297/1919/1453 1300/1922/1456 1293/1920/1454
f 1290/1915/1449 1301/1904/1438 1298/1918/1452
s 34
f 1292/1932/1466 1294/1933/1467 1284/1929/1463 1302/1928/1462
s 32
f 1285/1907/1441 1286/1906/1440 1287/1910/1444
s 31
f 1290/1915/1449 1291/1917/1451 1292/1916/1450
s 32
f 1295/1911/1445 1296/1934/1468 1297/1935/1469 1298/1912/1446
f 1303/1936/1470 1304/1937/1471 1307/1924/1458 1308/1913/1447
f 1304/1937/1471 1303/1936/1470 1305/1927/1461 1306/1926/1460
f 1296/1934/1468 1304/1937/1471 1306/1926/1460
f 1307/1924/1458 1304/1937/1471 1296/1934/1468
s 34
f 1284/1929/1463 1294/1933/1467 1305/1938/1472 1303/1939/1473
f 1289/1930/1464 1284/1929/1463 1303/1939/1473 1308/1940/1474
s 32
f 1297/1935/1469 1296/1934/1468 1306/1926/1460 1300/1925/1459
f 1296/1934/1468 1295/1911/1445 1299/1914/1448 1307/1924/1458
s 35
g textureEditorIsolateSelectSet polySurface220
f 1309/1941/1475 1312/1942/1476 1330/1943/1477 1329/1944/1478
f 1310/1945/1479 1309/1941/1475 1316/1946/1480 1315/1947/1481
f 1311/1948/1482 1310/1945/1479 1326/1949/1483 1325/1950/1484
f 1312/1942/1476 1311/1948/1482 1322/1951/1485 1321/1952/1486
s 36
f 1313/1953/1487 1316/1954/1488 1329/1955/1489 1332/1956/1490
f 1314/1957/1491 1313/1953/1487 1320/1958/1492 1319/1959/1493
f 1315/1960/1494 1314/1957/1491 1327/1961/1495 1326/1962/1496
f 1317/1963/1497 1320/1958/1492 1332/1956/1490 1331/1964/1498
f 1318/1965/1499 1317/1963/1497 1324/1966/1500 1323/1967/1501
f 1319/1959/1493 1318/1965/1499 1328/1968/1502 1327/1961/1495
f 1321/1969/1503 1324/1966/1500 1331/1964/1498 1330/1970/1504
f 1323/1967/1501 1322/1971/1505 1325/1972/1506 1328/1968/1502
s 35
f 1310/1945/1479 1315/1947/1481 1326/1949/1483
s 36
f 1314/1957/1491 1319/1959/1493 1327/1961/1495
f 1318/1965/1499 1323/1967/1501 1328/1968/1502
s 35
f 1322/1951/1485 1311/1948/1482 1325/1950/1484
f 1312/1942/1476 1321/1952/1486 1330/1943/1477
s 36
f 1324/1966/1500 1317/1963/1497 1331/1964/1498
f 1320/1958/1492 1313/1953/1487 1332/1956/1490
s 35
f 1316/1946/1480 1309/1941/1475 1329/1944/1478
f 1309/1941/1475 1310/1945/1479 1311/1948/1482 1312/1942/1476
s 36
f 1313/1953/1487 1314/1957/1491 1315/1960/1494 1316/1954/1488
f 1317/1963/1497 1318/1965/1499 1319/1959/1493 1320/1958/1492
f 1321/1969/1503 1322/1971/1505 1323/1967/1501 1324/1966/1500
f 1325/1972/1506 1326/1962/1496 1327/1961/1495 1328/1968/1502
f 1329/1955/1489 1330/1970/1504 1331/1964/1498 1332/1956/1490
s 37
g polySurface220
f 1336/1973/1507 1334/1974/1508 1338/1975/1509 1340/1976/1510
f 1344/1977/1511 1342/1978/1512 1345/1979/1513 1348/1980/1514
f 1339/1981/1515 1337/1982/1516 1347/1983/1517 1346/1984/1518
f 1341/1985/1519 1343/1986/1520 1333/1987/1521 1335/1988/1522
f 1333/1987/1521 1334/1974/1508 1336/1973/1507 1335/1988/1522
f 1338/1975/1509 1337/1982/1516 1339/1981/1515 1340/1976/1510
f 1341/1985/1519 1342/1989/1523 1344/1990/1524 1343/1986/1520
f 1345/1979/1513 1346/1984/1518 1347/1983/1517 1348/1980/1514
s 40
f 1349/1991/1525 1369/1992/1526 1370/1993/1527 1352/1994/1528
f 1350/1995/1529 1355/1996/1530 1356/1997/1531 1349/1991/1525
f 1351/1998/1532 1365/1999/1533 1366/2000/1534 1350/1995/1529
s 43
f 1352/2001/1535 1361/2002/1536 1362/2003/1537 1351/2004/1538
s 40
f 1353/2005/1539 1372/2006/1540 1369/1992/1526 1356/1997/1531
f 1354/2007/1541 1359/2008/1542 1360/2009/1543 1353/2005/1539
f 1355/1996/1530 1366/2000/1534 1367/2010/1544 1354/2007/1541
f 1357/2011/1545 1371/2012/1546 1372/2006/1540 1360/2009/1543
s 43
f 1358/2013/1547 1363/2014/1548 1364/2015/1549 1357/2016/1550
s 40
f 1359/2008/1542 1367/2010/1544 1368/2017/1551 1358/2018/1552
s 43
f 1361/2002/1536 1370/2019/1553 1371/2020/1554 1364/2015/1549
f 1363/2014/1548 1368/2021/1555 1365/2022/1556 1362/2003/1537
s 40
f 1350/1995/1529 1366/2000/1534 1355/1996/1530
f 1354/2007/1541 1367/2010/1544 1359/2008/1542
s 43
f 1358/2013/1547 1368/2021/1555 1363/2014/1548
f 1362/2003/1537 1365/2022/1556 1351/2004/1538
f 1352/2001/1535 1370/2019/1553 1361/2002/1536
f 1364/2015/1549 1371/2020/1554 1357/2016/1550
s 40
f 1360/2009/1543 1372/2006/1540 1353/2005/1539
f 1356/1997/1531 1369/1992/1526 1349/1991/1525
f 1349/1991/1525 1352/1994/1528 1351/1998/1532 1350/1995/1529
f 1353/2005/1539 1356/1997/1531 1355/1996/1530 1354/2007/1541
f 1357/2011/1545 1360/2009/1543 1359/2008/1542 1358/2018/1552
s 43
f 1361/2002/1536 1364/2015/1549 1363/2014/1548 1362/2003/1537
s 40
f 1365/1999/1533 1368/2017/1551 1367/2010/1544 1366/2000/1534
f 1369/1992/1526 1372/2006/1540 1371/2012/1546 1370/1993/1527
s 47
f 1373/2023/1557 1376/2024/1558 1394/2025/1559 1393/2026/1560
f 1374/2027/1561 1373/2023/1557 1380/2028/1562 1379/2029/1563
f 1375/2030/1564 1374/2027/1561 1390/2031/1565 1389/2032/1566
s 48
f 1376/2033/1567 1375/2034/1568 1386/2035/1569 1385/2036/1570
s 47
f 1377/2037/1571 1380/2028/1562 1393/2026/1560 1396/2038/1572
f 1378/2039/1573 1377/2037/1571 1384/2040/1574 1383/2041/1575
f 1379/2029/1563 1378/2039/1573 1391/2042/1576 1390/2031/1565
f 1381/2043/1577 1384/2040/1574 1396/2038/1572 1395/2044/1578
s 48
f 1382/2045/1579 1381/2046/1580 1388/2047/1581 1387/2048/1582
s 47
f 1383/2041/1575 1382/2049/1583 1392/2050/1584 1391/2042/1576
s 48
f 1385/2036/1570 1388/2047/1581 1395/2051/1585 1394/2052/1586
f 1387/2048/1582 1386/2035/1569 1389/2053/1587 1392/2054/1588
s 47
f 1374/2027/1561 1379/2029/1563 1390/2031/1565
f 1378/2039/1573 1383/2041/1575 1391/2042/1576
s 48
f 1382/2045/1579 1387/2048/1582 1392/2054/1588
f 1386/2035/1569 1375/2034/1568 1389/2053/1587
f 1376/2033/1567 1385/2036/1570 1394/2052/1586
f 1388/2047/1581 1381/2046/1580 1395/2051/1585
s 47
f 1384/2040/1574 1377/2037/1571 1396/2038/1572
f 1380/2028/1562 1373/2023/1557 1393/2026/1560
f 1373/2023/1557 1374/2027/1561 1375/2030/1564 1376/2024/1558
f 1377/2037/1571 1378/2039/1573 1379/2029/1563 1380/2028/1562
f 1381/2043/1577 1382/2049/1583 1383/2041/1575 1384/2040/1574
s 48
f 1385/2036/1570 1386/2035/1569 1387/2048/1582 1388/2047/1581
s 47
f 1389/2032/1566 1390/2031/1565 1391/2042/1576 1392/2050/1584
f 1393/2026/1560 1394/2025/1559 1395/2044/1578 1396/2038/1572
s 50
f 1398/2055/1589 1400/2056/1590 1414/2057/1591 1415/2058/1592
s 51
f 1399/2059/1593 1398/2060/1594 1402/2061/1595 1401/2062/1596
f 1400/2063/1597 1399/2059/1593 1408/2064/1598 1411/2065/1599
f 1401/2062/1596 1402/2061/1595 1421/2066/1600 1412/2067/1601
s 50
f 1403/2068/1602 1405/2069/1603 1415/2058/1592 1414/2057/1591
f 1404/2070/1604 1403/2068/1602 1411/2071/1605 1410/2072/1606
f 1405/2069/1603 1404/2070/1604 1406/2073/1607 1407/2074/1608
f 1407/2074/1608 1406/2073/1607 1413/2075/1609 1418/2076/1610
s 51
f 1420/2077/1611 1412/2067/1601 1421/2066/1600
f 1413/2078/1612 1419/2079/1613 1418/2080/1614
f 1408/2064/1598 1401/2062/1596 1412/2067/1601
s 50
f 1410/2072/1606 1406/2073/1607 1404/2070/1604
s 53
f 1415/2081/1615 1397/2082/1616 1402/2083/1617 1398/2084/1618
s 50
f 1411/2071/1605 1414/2057/1591 1400/2056/1590
s 51
f 1399/2059/1593 1401/2062/1596 1408/2064/1598
s 50
f 1410/2072/1606 1413/2075/1609 1406/2073/1607
f 1403/2068/1602 1414/2057/1591 1411/2071/1605
s 53
f 1405/2085/1619 1407/2086/1620 1397/2082/1616 1415/2081/1615
s 51
f 1398/2060/1594 1399/2059/1593 1400/2063/1597
s 50
f 1403/2068/1602 1404/2070/1604 1405/2069/1603
s 51
f 1408/2064/1598 1409/2087/1621 1410/2088/1622 1411/2065/1599
f 1416/2089/1623 1417/2090/1624 1420/2077/1611 1421/2066/1600
f 1417/2090/1624 1416/2089/1623 1418/2080/1614 1419/2079/1613
f 1409/2087/1621 1417/2090/1624 1419/2079/1613
f 1420/2077/1611 1417/2090/1624 1409/2087/1621
s 53
f 1397/2082/1616 1407/2086/1620 1418/2091/1625 1416/2092/1626
f 1402/2083/1617 1397/2082/1616 1416/2092/1626 1421/2093/1627
s 51
f 1410/2088/1622 1409/2087/1621 1419/2079/1613 1413/2078/1612
f 1409/2087/1621 1408/2064/1598 1412/2067/1601 1420/2077/1611
s 54
g textureEditorIsolateSelectSet polySurface220
f 1422/2094/1628 1425/2095/1629 1443/2096/1630 1442/2097/1631
f 1423/2098/1632 1422/2094/1628 1429/2099/1633 1428/2100/1634
f 1424/2101/1635 1423/2098/1632 1439/2102/1636 1438/2103/1637
f 1425/2095/1629 1424/2101/1635 1435/2104/1638 1434/2105/1639
s 55
f 1426/2106/1640 1429/2107/1641 1442/2108/1642 1445/2109/1643
f 1427/2110/1644 1426/2106/1640 1433/2111/1645 1432/2112/1646
f 1428/2113/1647 1427/2110/1644 1440/2114/1648 1439/2115/1649
f 1430/2116/1650 1433/2111/1645 1445/2109/1643 1444/2117/1651
f 1431/2118/1652 1430/2116/1650 1437/2119/1653 1436/2120/1654
f 1432/2112/1646 1431/2118/1652 1441/2121/1655 1440/2114/1648
f 1434/2122/1656 1437/2119/1653 1444/2117/1651 1443/2123/1657
f 1436/2120/1654 1435/2124/1658 1438/2125/1659 1441/2121/1655
s 54
f 1423/2098/1632 1428/2100/1634 1439/2102/1636
s 55
f 1427/2110/1644 1432/2112/1646 1440/2114/1648
f 1431/2118/1652 1436/2120/1654 1441/2121/1655
s 54
f 1435/2104/1638 1424/2101/1635 1438/2103/1637
f 1425/2095/1629 1434/2105/1639 1443/2096/1630
s 55
f 1437/2119/1653 1430/2116/1650 1444/2117/1651
f 1433/2111/1645 1426/2106/1640 1445/2109/1643
s 54
f 1429/2099/1633 1422/2094/1628 1442/2097/1631
f 1422/2094/1628 1423/2098/1632 1424/2101/1635 1425/2095/1629
s 55
f 1426/2106/1640 1427/2110/1644 1428/2113/1647 1429/2107/1641
f 1430/2116/1650 1431/2118/1652 1432/2112/1646 1433/2111/1645
f 1434/2122/1656 1435/2124/1658 1436/2120/1654 1437/2119/1653
f 1438/2125/1659 1439/2115/1649 1440/2114/1648 1441/2121/1655
f 1442/2108/1642 1443/2123/1657 1444/2117/1651 1445/2109/1643
s 56
g polySurface220
f 1449/2126/1660 1447/2127/1661 1451/2128/1662 1453/2129/1663
f 1457/2130/1664 1455/2131/1665 1458/2132/1666 1461/2133/1667
f 1452/2134/1668 1450/2135/1669 1460/2136/1670 1459/2137/1671
f 1454/2138/1672 1456/2139/1673 1446/2140/1674 1448/2141/1675
f 1446/2140/1674 1447/2127/1661 1449/2126/1660 1448/2141/1675
f 1451/2128/1662 1450/2135/1669 1452/2134/1668 1453/2129/1663
f 1454/2138/1672 1455/2142/1676 1457/2143/1677 1456/2139/1673
f 1458/2132/1666 1459/2137/1671 1460/2136/1670 1461/2133/1667
s 59
f 1463/2144/1678 1465/2145/1679 1479/2146/1680 1480/2147/1681
s 60
f 1464/2148/1682 1463/2149/1683 1467/2150/1684 1466/2151/1685
f 1465/2152/1686 1464/2148/1682 1473/2153/1687 1476/2154/1688
f 1466/2151/1685 1467/2150/1684 1486/2155/1689 1477/2156/1690
s 59
f 1468/2157/1691 1470/2158/1692 1480/2147/1681 1479/2146/1680
f 1469/2159/1693 1468/2157/1691 1476/2160/1694 1475/2161/1695
f 1470/2158/1692 1469/2159/1693 1471/2162/1696 1472/2163/1697
f 1472/2163/1697 1471/2162/1696 1478/2164/1698 1483/2165/1699
s 60
f 1485/2166/1700 1477/2156/1690 1486/2155/1689
f 1478/2167/1701 1484/2168/1702 1483/2169/1703
f 1473/2153/1687 1466/2151/1685 1477/2156/1690
s 59
f 1475/2161/1695 1471/2162/1696 1469/2159/1693
s 62
f 1480/2170/1704 1462/2171/1705 1467/2172/1706 1463/2173/1707
s 59
f 1476/2160/1694 1479/2146/1680 1465/2145/1679
s 60
f 1464/2148/1682 1466/2151/1685 1473/2153/1687
s 59
f 1475/2161/1695 1478/2164/1698 1471/2162/1696
f 1468/2157/1691 1479/2146/1680 1476/2160/1694
s 62
f 1470/2174/1708 1472/2175/1709 1462/2171/1705 1480/2170/1704
s 60
f 1463/2149/1683 1464/2148/1682 1465/2152/1686
s 59
f 1468/2157/1691 1469/2159/1693 1470/2158/1692
s 60
f 1473/2153/1687 1474/2176/1710 1475/2177/1711 1476/2154/1688
f 1481/2178/1712 1482/2179/1713 1485/2166/1700 1486/2155/1689
f 1482/2179/1713 1481/2178/1712 1483/2169/1703 1484/2168/1702
f 1474/2176/1710 1482/2179/1713 1484/2168/1702
f 1485/2166/1700 1482/2179/1713 1474/2176/1710
s 62
f 1462/2171/1705 1472/2175/1709 1483/2180/1714 1481/2181/1715
f 1467/2172/1706 1462/2171/1705 1481/2181/1715 1486/2182/1716
s 60
f 1475/2177/1711 1474/2176/1710 1484/2168/1702 1478/2167/1701
f 1474/2176/1710 1473/2153/1687 1477/2156/1690 1485/2166/1700
s 63
g textureEditorIsolateSelectSet polySurface220
f 1487/2183/1717 1490/2184/1718 1508/2185/1719 1507/2186/1720
f 1488/2187/1721 1487/2183/1717 1494/2188/1722 1493/2189/1723
f 1489/2190/1724 1488/2187/1721 1504/2191/1725 1503/2192/1726
f 1490/2184/1718 1489/2190/1724 1500/2193/1727 1499/2194/1728
s 64
f 1491/2195/1729 1494/2196/1730 1507/2197/1731 1510/2198/1732
f 1492/2199/1733 1491/2195/1729 1498/2200/1734 1497/2201/1735
f 1493/2202/1736 1492/2199/1733 1505/2203/1737 1504/2204/1738
f 1495/2205/1739 1498/2200/1734 1510/2198/1732 1509/2206/1740
f 1496/2207/1741 1495/2205/1739 1502/2208/1742 1501/2209/1743
f 1497/2201/1735 1496/2207/1741 1506/2210/1744 1505/2203/1737
f 1499/2211/1745 1502/2208/1742 1509/2206/1740 1508/2212/1746
f 1501/2209/1743 1500/2213/1747 1503/2214/1748 1506/2210/1744
s 63
f 1488/2187/1721 1493/2189/1723 1504/2191/1725
s 64
f 1492/2199/1733 1497/2201/1735 1505/2203/1737
f 1496/2207/1741 1501/2209/1743 1506/2210/1744
s 63
f 1500/2193/1727 1489/2190/1724 1503/2192/1726
f 1490/2184/1718 1499/2194/1728 1508/2185/1719
s 64
f 1502/2208/1742 1495/2205/1739 1509/2206/1740
f 1498/2200/1734 1491/2195/1729 1510/2198/1732
s 63
f 1494/2188/1722 1487/2183/1717 1507/2186/1720
f 1487/2183/1717 1488/2187/1721 1489/2190/1724 1490/2184/1718
s 64
f 1491/2195/1729 1492/2199/1733 1493/2202/1736 1494/2196/1730
f 1495/2205/1739 1496/2207/1741 1497/2201/1735 1498/2200/1734
f 1499/2211/1745 1500/2213/1747 1501/2209/1743 1502/2208/1742
f 1503/2214/1748 1504/2204/1738 1505/2203/1737 1506/2210/1744
f 1507/2197/1731 1508/2212/1746 1509/2206/1740 1510/2198/1732
s 65
g polySurface220
f 1514/2215/1749 1512/2216/1750 1516/2217/1751 1518/2218/1752
f 1522/2219/1753 1520/2220/1754 1523/2221/1755 1526/2222/1756
f 1517/2223/1757 1515/2224/1758 1525/2225/1759 1524/2226/1760
f 1519/2227/1761 1521/2228/1762 1511/2229/1763 1513/2230/1764
f 1511/2229/1763 1512/2216/1750 1514/2215/1749 1513/2230/1764
f 1516/2217/1751 1515/2224/1758 1517/2223/1757 1518/2218/1752
f 1519/2227/1761 1520/2231/1765 1522/2232/1766 1521/2228/1762
f 1523/2221/1755 1524/2226/1760 1525/2225/1759 1526/2222/1756
g default
v 0.951057 5.364990 3.364656
v 0.809018 5.643758 3.364656
v 0.587786 5.864990 3.364656
v 0.309017 6.007030 3.364656
v 0.000000 6.055973 3.364656
v -0.309017 6.007030 3.364656
v -0.587785 5.864990 3.364656
v -0.809017 5.643758 3.364656
v -0.951057 5.364990 3.364656
v -1.000000 5.055973 3.364656
v -0.951057 4.746955 3.364656
v -0.809017 4.468187 3.364656
v -0.587785 4.246955 3.364656
v -0.309017 4.104916 3.364656
v -0.000000 4.055973 3.364656
v 0.309017 4.104916 3.364656
v 0.587785 4.246955 3.364656
v 0.809017 4.468187 3.364656
v 0.951057 4.746955 3.364656
v 1.000000 5.055973 3.364656
v 0.000000 5.055973 3.551937
v 0.951057 5.364990 3.476002
v 0.877939 5.341232 3.551936
v 0.809018 5.643758 3.476002
v 0.746819 5.598569 3.551936
v 0.587786 5.864990 3.476002
v 0.542596 5.802792 3.551936
v 0.309017 6.007030 3.476002
v 0.285260 5.933911 3.551936
v 0.000000 6.055973 3.476002
v 0.000000 5.979092 3.551936
v -0.309017 6.007030 3.476002
v -0.285260 5.933911 3.551936
v -0.587785 5.864990 3.476002
v -0.542596 5.802792 3.551936
v -0.809017 5.643758 3.476002
v -0.746819 5.598568 3.551936
v -0.951057 5.364990 3.476002
v -0.877939 5.341232 3.551936
v -1.000000 5.055973 3.476002
v -0.923119 5.055973 3.551936
v -0.951057 4.746955 3.476002
v -0.877939 4.770713 3.551936
v -0.809017 4.468187 3.476002
v -0.746819 4.513377 3.551936
v -0.587785 4.246955 3.476002
v -0.542596 4.309154 3.551936
v -0.309017 4.104916 3.476002
v -0.285260 4.178034 3.551936
v -0.000000 4.055973 3.476002
v -0.000000 4.132854 3.551936
v 0.309017 4.104916 3.476002
v 0.285259 4.178034 3.551936
v 0.587785 4.246955 3.476002
v 0.542596 4.309154 3.551936
v 0.809017 4.468187 3.476002
v 0.746819 4.513377 3.551936
v 0.951057 4.746955 3.476002
v 0.877938 4.770713 3.551936
v 1.000000 5.055973 3.476002
v 0.923119 5.055973 3.551936
vt 0.782651 0.241815
vt 0.786613 0.242246
vt 0.786010 0.252642
vt 0.782020 0.252637
vt 0.784541 0.231127
vt 0.788431 0.231980
vt 0.787671 0.220709
vt 0.791436 0.221973
vt 0.792003 0.210683
vt 0.795589 0.212355
vt 0.797535 0.201085
vt 0.800828 0.203337
vt 0.735053 0.499396
vt 0.738306 0.497160
vt 0.743855 0.506765
vt 0.740283 0.508414
vt 0.748194 0.516786
vt 0.744427 0.518037
vt 0.751330 0.527202
vt 0.747438 0.528043
vt 0.753228 0.537887
vt 0.749264 0.538308
vt 0.753865 0.548708
vt 0.749875 0.548702
vt 0.753233 0.559530
vt 0.749270 0.559097
vt 0.751340 0.570216
vt 0.747451 0.569363
vt 0.748209 0.580633
vt 0.744445 0.579370
vt 0.743875 0.590657
vt 0.740288 0.588986
vt 0.738342 0.600253
vt 0.735046 0.598001
vt 0.800841 0.301950
vt 0.797587 0.304186
vt 0.792037 0.294582
vt 0.795608 0.292932
vt 0.787696 0.284561
vt 0.791463 0.283308
vt 0.784559 0.274145
vt 0.788449 0.273303
vt 0.782659 0.263458
vt 0.786624 0.263038
vt 0.778553 0.241392
vt 0.780520 0.230270
vt 0.783772 0.219427
vt 0.788272 0.209003
vt 0.793869 0.199182
vt 0.741930 0.495275
vt 0.747547 0.505063
vt 0.752076 0.515471
vt 0.755345 0.526309
vt 0.757322 0.537429
vt 0.757988 0.548690
vt 0.757331 0.559952
vt 0.755364 0.571074
vt 0.752105 0.581915
vt 0.747605 0.592337
vt 0.742004 0.602157
vt 0.793962 0.306072
vt 0.788345 0.296284
vt 0.783814 0.285877
vt 0.780546 0.275038
vt 0.778566 0.263918
vt 0.777899 0.252655
vt 0.439772 0.899478
vt 0.450406 0.899478
vt 0.445093 0.931878
vt 0.460520 0.902647
vt 0.469127 0.908679
vt 0.475378 0.916982
vt 0.478665 0.926743
vt 0.478666 0.937007
vt 0.475381 0.946768
vt 0.469132 0.955072
vt 0.460528 0.961107
vt 0.450415 0.964280
vt 0.439781 0.964280
vt 0.429666 0.961111
vt 0.421062 0.955078
vt 0.414809 0.946776
vt 0.411522 0.937015
vt 0.411521 0.926751
vt 0.414806 0.916989
vt 0.421056 0.908684
vt 0.429658 0.902651
vn 0.888058 0.288547 0.357902
vn 0.158508 0.051502 0.986014
vn 0.166664 -0.000000 0.986014
vn 0.933759 -0.000001 0.357902
vn 0.755427 0.548850 0.357902
vn 0.134835 0.097963 0.986014
vn 0.548850 0.755428 0.357901
vn 0.097963 0.134835 0.986014
vn 0.288547 0.888059 0.357900
vn 0.051502 0.158508 0.986014
vn -0.000000 0.933760 0.357900
vn -0.000000 0.166665 0.986014
vn -0.288548 0.888058 0.357900
vn -0.051502 0.158508 0.986014
vn -0.548850 0.755427 0.357901
vn -0.097963 0.134835 0.986014
vn -0.755427 0.548850 0.357902
vn -0.134835 0.097963 0.986014
vn -0.888058 0.288547 0.357902
vn -0.158508 0.051502 0.986014
vn -0.933759 0.000000 0.357901
vn -0.166664 0.000000 0.986014
vn -0.888058 -0.288548 0.357901
vn -0.158508 -0.051502 0.986014
vn -0.755427 -0.548850 0.357901
vn -0.134835 -0.097963 0.986014
vn -0.548850 -0.755427 0.357902
vn -0.097963 -0.134835 0.986014
vn -0.288547 -0.888058 0.357902
vn -0.051501 -0.158508 0.986014
vn 0.000000 -0.933759 0.357902
vn 0.000000 -0.166665 0.986014
vn 0.288547 -0.888058 0.357902
vn 0.051502 -0.158508 0.986014
vn 0.548850 -0.755427 0.357901
vn 0.097963 -0.134835 0.986014
vn 0.755427 -0.548850 0.357901
vn 0.134835 -0.097963 0.986014
vn 0.888058 -0.288548 0.357901
vn 0.158508 -0.051502 0.986014
vn 0.951057 0.309016 0.000000
vn 0.809017 0.587785 0.000000
vn 0.587785 0.809017 0.000000
vn 0.309016 0.951057 0.000000
vn 0.000000 1.000000 0.000000
vn -0.309017 0.951057 0.000000
vn -0.587786 0.809016 0.000000
vn -0.809017 0.587785 0.000000
vn -0.951057 0.309017 0.000000
vn -1.000000 0.000000 0.000000
vn -0.951057 -0.309017 0.000000
vn -0.809017 -0.587785 0.000000
vn -0.587785 -0.809017 0.000000
vn -0.309017 -0.951057 0.000000
vn -0.000000 -1.000000 0.000000
vn 0.309017 -0.951057 0.000000
vn 0.587786 -0.809017 0.000000
vn 0.809017 -0.587785 0.000000
vn 0.951057 -0.309017 0.000000
vn 1.000000 -0.000001 0.000000
vn -0.000000 -0.000000 1.000000
s 1
g polySurface216
usemtl lambert20SG
f 1548/2233/1767 1549/2234/1768 1587/2235/1769 1586/2236/1770
f 1549/2234/1768 1548/2233/1767 1550/2237/1771 1551/2238/1772
f 1551/2238/1772 1550/2237/1771 1552/2239/1773 1553/2240/1774
f 1553/2240/1774 1552/2239/1773 1554/2241/1775 1555/2242/1776
f 1555/2242/1776 1554/2241/1775 1556/2243/1777 1557/2244/1778
f 1557/2245/1778 1556/2246/1777 1558/2247/1779 1559/2248/1780
f 1559/2248/1780 1558/2247/1779 1560/2249/1781 1561/2250/1782
f 1561/2250/1782 1560/2249/1781 1562/2251/1783 1563/2252/1784
f 1563/2252/1784 1562/2251/1783 1564/2253/1785 1565/2254/1786
f 1565/2254/1786 1564/2253/1785 1566/2255/1787 1567/2256/1788
f 1567/2256/1788 1566/2255/1787 1568/2257/1789 1569/2258/1790
f 1569/2258/1790 1568/2257/1789 1570/2259/1791 1571/2260/1792
f 1571/2260/1792 1570/2259/1791 1572/2261/1793 1573/2262/1794
f 1573/2262/1794 1572/2261/1793 1574/2263/1795 1575/2264/1796
f 1575/2264/1796 1574/2263/1795 1576/2265/1797 1577/2266/1798
f 1577/2267/1798 1576/2268/1797 1578/2269/1799 1579/2270/1800
f 1579/2270/1800 1578/2269/1799 1580/2271/1801 1581/2272/1802
f 1581/2272/1802 1580/2271/1801 1582/2273/1803 1583/2274/1804
f 1583/2274/1804 1582/2273/1803 1584/2275/1805 1585/2276/1806
f 1585/2276/1806 1584/2275/1805 1586/2236/1770 1587/2235/1769
f 1527/2277/1807 1528/2278/1808 1550/2237/1771 1548/2233/1767
f 1528/2278/1808 1529/2279/1809 1552/2239/1773 1550/2237/1771
f 1529/2279/1809 1530/2280/1810 1554/2241/1775 1552/2239/1773
f 1530/2280/1810 1531/2281/1811 1556/2243/1777 1554/2241/1775
f 1531/2282/1811 1532/2283/1812 1558/2247/1779 1556/2246/1777
f 1532/2283/1812 1533/2284/1813 1560/2249/1781 1558/2247/1779
f 1533/2284/1813 1534/2285/1814 1562/2251/1783 1560/2249/1781
f 1534/2285/1814 1535/2286/1815 1564/2253/1785 1562/2251/1783
f 1535/2286/1815 1536/2287/1816 1566/2255/1787 1564/2253/1785
f 1536/2287/1816 1537/2288/1817 1568/2257/1789 1566/2255/1787
f 1537/2288/1817 1538/2289/1818 1570/2259/1791 1568/2257/1789
f 1538/2289/1818 1539/2290/1819 1572/2261/1793 1570/2259/1791
f 1539/2290/1819 1540/2291/1820 1574/2263/1795 1572/2261/1793
f 1540/2291/1820 1541/2292/1821 1576/2265/1797 1574/2263/1795
f 1541/2293/1821 1542/2294/1822 1578/2269/1799 1576/2268/1797
f 1542/2294/1822 1543/2295/1823 1580/2271/1801 1578/2269/1799
f 1543/2295/1823 1544/2296/1824 1582/2273/1803 1580/2271/1801
f 1544/2296/1824 1545/2297/1825 1584/2275/1805 1582/2273/1803
f 1545/2297/1825 1546/2298/1826 1586/2236/1770 1584/2275/1805
f 1546/2298/1826 1527/2277/1807 1548/2233/1767 1586/2236/1770
f 1549/2299/1768 1551/2300/1772 1547/2301/1827
f 1551/2300/1772 1553/2302/1774 1547/2301/1827
f 1553/2302/1774 1555/2303/1776 1547/2301/1827
f 1555/2303/1776 1557/2304/1778 1547/2301/1827
f 1557/2304/1778 1559/2305/1780 1547/2301/1827
f 1559/2305/1780 1561/2306/1782 1547/2301/1827
f 1561/2306/1782 1563/2307/1784 1547/2301/1827
f 1563/2307/1784 1565/2308/1786 1547/2301/1827
f 1565/2308/1786 1567/2309/1788 1547/2301/1827
f 1567/2309/1788 1569/2310/1790 1547/2301/1827
f 1569/2310/1790 1571/2311/1792 1547/2301/1827
f 1571/2311/1792 1573/2312/1794 1547/2301/1827
f 1573/2312/1794 1575/2313/1796 1547/2301/1827
f 1575/2313/1796 1577/2314/1798 1547/2301/1827
f 1577/2314/1798 1579/2315/1800 1547/2301/1827
f 1579/2315/1800 1581/2316/1802 1547/2301/1827
f 1581/2316/1802 1583/2317/1804 1547/2301/1827
f 1583/2317/1804 1585/2318/1806 1547/2301/1827
f 1585/2318/1806 1587/2319/1769 1547/2301/1827
f 1587/2319/1769 1549/2299/1768 1547/2301/1827
g default
v 0.093405 4.280900 3.773341
v 0.111637 4.357835 3.797885
v 0.237156 4.357835 3.759900
v 0.291426 4.357835 3.537513
v 0.142674 4.504173 3.798781
v 0.259604 4.504173 3.753690
v 0.336721 4.504173 3.537513
v 0.219100 4.705592 3.809736
v 0.326714 4.705592 3.777122
v 0.568601 4.746233 3.537513
v 0.163160 5.191339 3.884051
v 0.556138 5.191339 3.783892
v 0.745856 5.143675 3.537513
v 0.158617 5.236587 3.880897
v 0.464170 5.428120 3.767046
v 0.679296 5.428120 3.537513
v 0.195268 5.629539 3.827598
v 0.483048 5.629539 3.688479
v 0.603731 5.629539 3.537513
v -0.000000 5.775877 3.711828
v 0.359254 5.775877 3.634091
v 0.444063 5.775877 3.537513
v -0.000000 5.835133 3.615526
v -0.000000 5.859344 3.537513
v 0.242874 5.035610 3.858372
v 0.635852 5.035610 3.747581
v 0.797433 5.017759 3.537513
v 0.239668 4.910441 3.853959
v 0.242874 4.975794 3.859047
v 0.627493 4.910572 3.738975
v 0.635852 4.975893 3.742137
v 0.885726 4.972525 3.537513
v 0.890518 4.906551 3.537513
v -0.000000 4.280900 3.785589
v -0.000000 4.357835 3.797885
v 0.000000 4.504173 3.798781
v 0.000000 4.705592 3.810942
v -0.000000 5.291343 3.897698
v -0.000000 5.428120 3.870667
v 0.000000 5.629539 3.827598
v -0.000000 4.910441 3.889020
v 0.000000 4.975794 3.898102
v 0.131354 5.035610 3.892531
v 0.000000 5.029900 3.911354
v 0.496859 5.226648 3.775118
v 0.432320 5.392811 3.761095
v 0.217896 5.258401 3.820606
v 0.221084 5.226648 3.823417
v 0.085256 5.077843 3.861981
v -0.000000 5.084177 3.911354
v -0.000000 5.109365 3.870761
v -0.000000 5.243827 3.861897
v -0.093405 4.280900 3.773341
v -0.111637 4.357835 3.797885
v -0.237156 4.357835 3.759900
v -0.291426 4.357835 3.537513
v -0.142674 4.504173 3.798781
v -0.259604 4.504173 3.753690
v -0.336721 4.504173 3.537513
v -0.219100 4.705592 3.809736
v -0.326714 4.705592 3.777122
v -0.568601 4.746233 3.537513
v -0.163160 5.191339 3.884051
v -0.556138 5.191339 3.783892
v -0.745856 5.143675 3.537513
v -0.158617 5.236587 3.880897
v -0.464170 5.428120 3.767046
v -0.679296 5.428120 3.537513
v -0.195268 5.629539 3.827598
v -0.483048 5.629539 3.688479
v -0.603731 5.629539 3.537513
v -0.359254 5.775877 3.634091
v -0.444063 5.775877 3.537513
v -0.242874 5.035610 3.858372
v -0.635852 5.035610 3.747581
v -0.797433 5.017759 3.537513
v -0.239668 4.910441 3.853959
v -0.242874 4.975794 3.859047
v -0.627493 4.910572 3.738975
v -0.635852 4.975893 3.742137
v -0.885726 4.972525 3.537513
v -0.890518 4.906551 3.537513
v -0.131354 5.035610 3.892531
v -0.496859 5.226648 3.775118
v -0.432320 5.392811 3.761095
v -0.217896 5.258401 3.820606
v -0.221084 5.226648 3.823417
v -0.085256 5.077843 3.861981
v -0.000000 4.271102 3.733273
v 0.226649 4.280900 3.743634
v 0.000000 4.280900 3.537513
v -0.226649 4.280900 3.743634
vt 0.096304 0.698919
vt 0.097816 0.696178
vt 0.100782 0.698680
vt 0.098434 0.701190
vt 0.093486 0.695802
vt 0.094207 0.693564
vt 0.086002 0.693532
vt 0.099226 0.690861
vt 0.103700 0.693646
vt 0.094964 0.688732
vt 0.086673 0.687733
vt 0.100125 0.683028
vt 0.107129 0.687194
vt 0.096322 0.681048
vt 0.084670 0.675927
vt 0.105893 0.672222
vt 0.093034 0.664783
vt 0.098459 0.661578
vt 0.111357 0.668700
vt 0.084738 0.660064
vt 0.088382 0.656481
vt 0.112658 0.667066
vt 0.120959 0.663163
vt 0.118695 0.667900
vt 0.100926 0.661284
vt 0.105592 0.657004
vt 0.110130 0.665110
vt 0.109676 0.665885
vt 0.096029 0.648530
vt 0.105401 0.655247
vt 0.117486 0.653626
vt 0.123991 0.655845
vt 0.107618 0.647817
vt 0.102379 0.643362
vt 0.125987 0.648885
vt 0.113469 0.644014
vt 0.110384 0.640386
vt 0.126731 0.644743
vt 0.127177 0.641745
vt 0.096371 0.702476
vt 0.089000 0.704981
vt 0.104797 0.674116
vt 0.103622 0.676217
vt 0.090953 0.668755
vt 0.091866 0.666570
vt 0.080145 0.663454
vt 0.081348 0.661337
vt 0.111285 0.680581
vt 0.112551 0.678559
vt 0.109620 0.674282
vt 0.113647 0.676859
vt 0.521108 0.010821
vt 0.521107 0.000001
vt 0.522359 0.001994
vt 0.522427 0.008515
vt 0.525002 0.006200
vt 0.526077 0.007912
vt 0.090433 0.974535
vt 0.088306 0.976809
vt 0.085955 0.974302
vt 0.088917 0.971796
vt 0.093246 0.971414
vt 0.092523 0.969177
vt 0.097745 0.980587
vt 0.100727 0.969134
vt 0.083030 0.969272
vt 0.087500 0.966481
vt 0.091759 0.964346
vt 0.100048 0.963336
vt 0.079593 0.962827
vt 0.086589 0.958649
vt 0.090388 0.956664
vt 0.102033 0.951529
vt 0.080784 0.947854
vt 0.075321 0.944303
vt 0.088228 0.937197
vt 0.093654 0.940397
vt 0.098305 0.932096
vt 0.101949 0.935673
vt 0.067985 0.943488
vt 0.065727 0.938749
vt 0.074022 0.942666
vt 0.085761 0.936901
vt 0.077006 0.941490
vt 0.076553 0.940714
vt 0.081100 0.932614
vt 0.081293 0.930857
vt 0.090667 0.924148
vt 0.062702 0.931428
vt 0.069210 0.929219
vt 0.079085 0.923424
vt 0.084327 0.918974
vt 0.060716 0.924465
vt 0.073239 0.919613
vt 0.076329 0.915989
vt 0.059978 0.920322
vt 0.059536 0.917324
vt 0.090371 0.978092
vt 0.081902 0.949740
vt 0.094825 0.942183
vt 0.095741 0.944366
vt 0.083081 0.951840
vt 0.105340 0.936942
vt 0.106544 0.939056
vt 0.075430 0.956224
vt 0.074161 0.954207
vt 0.073038 0.952522
vt 0.077023 0.949869
vt 0.530854 0.004699
vt 0.528204 0.004886
vt 0.114634 0.675153
vt 0.072023 0.950832
vn 0.137043 -0.539138 0.830993
vn 0.154810 -0.106439 0.982194
vn 0.000000 -0.077447 0.996997
vn 0.000000 -0.447912 0.894077
vn 0.402891 -0.905538 0.132969
vn 0.749109 -0.192542 0.633848
vn 0.799663 -0.595912 0.073674
vn 0.132072 -0.073446 0.988515
vn -0.000000 -0.040440 0.999182
vn 0.710584 -0.356147 0.606820
vn 0.798528 -0.434176 0.416947
vn 0.175506 -0.215528 0.960597
vn -0.000000 -0.192155 0.981365
vn 0.508598 -0.451953 0.732848
vn 0.538461 -0.695769 0.475358
vn 0.245620 -0.060248 0.967492
vn 0.547682 0.156706 0.821880
vn 0.570071 0.156281 0.806595
vn 0.228045 0.049273 0.972403
vn 0.720762 0.381121 0.579007
vn 0.762459 0.266408 0.589647
vn 0.256699 0.144526 0.955624
vn 0.000000 0.157435 0.987529
vn 0.000000 0.054011 0.998540
vn 0.095160 0.374540 0.922315
vn 0.280596 -0.205821 0.937499
vn 0.380689 -0.144653 0.913319
vn 0.214540 0.407161 0.887802
vn 0.743595 0.241573 0.623466
vn 0.531242 0.196448 0.824130
vn 0.242249 0.376250 0.894288
vn -0.000000 0.278792 0.960351
vn 0.494925 0.390884 0.776053
vn 0.706684 0.349122 0.615395
vn 0.000000 0.729213 0.684287
vn 0.277883 0.791813 0.543887
vn 0.462645 0.785912 0.410246
vn -0.000000 0.947057 0.321067
vn -0.000000 0.976135 0.217163
vn 0.000000 -0.999672 -0.025595
vn -0.000000 -0.983524 -0.180777
vn 0.239859 -0.094325 0.966215
vn 0.200483 -0.211630 0.956566
vn 0.472670 -0.566312 0.675184
vn 0.458977 0.060496 0.886386
vn 0.556239 -0.556256 0.617395
vn 0.643569 0.119222 0.756046
vn -0.000000 -0.245275 0.969454
vn 0.000000 -0.149135 0.988817
vn 0.145417 -0.067555 0.987061
vn 0.000000 -0.152784 0.988260
vn -0.000000 -0.493039 0.870007
vn -0.464839 0.043981 0.884302
vn 0.000000 0.415902 0.909410
vn 0.000000 0.612569 0.790417
vn -0.137043 -0.539138 0.830993
vn -0.154810 -0.106439 0.982194
vn -0.402891 -0.905538 0.132970
vn -0.749109 -0.192542 0.633848
vn -0.799663 -0.595912 0.073675
vn -0.132072 -0.073447 0.988515
vn -0.710584 -0.356147 0.606820
vn -0.798528 -0.434177 0.416947
vn -0.175506 -0.215528 0.960597
vn -0.508598 -0.451953 0.732848
vn -0.538461 -0.695769 0.475358
vn -0.245620 -0.060248 0.967492
vn -0.228045 0.049273 0.972403
vn -0.570071 0.156281 0.806595
vn -0.547682 0.156706 0.821881
vn -0.762459 0.266408 0.589647
vn -0.720761 0.381121 0.579008
vn -0.256699 0.144526 0.955624
vn -0.095161 0.374541 0.922314
vn -0.214540 0.407162 0.887802
vn -0.380690 -0.144653 0.913319
vn -0.280597 -0.205821 0.937498
vn -0.531242 0.196448 0.824130
vn -0.743594 0.241573 0.623466
vn -0.242249 0.376250 0.894288
vn -0.494925 0.390884 0.776053
vn -0.706684 0.349122 0.615395
vn -0.277884 0.791813 0.543887
vn -0.462645 0.785913 0.410245
vn -0.239859 -0.094325 0.966215
vn -0.458976 0.060495 0.886387
vn -0.472670 -0.566312 0.675185
vn -0.200483 -0.211630 0.956566
vn -0.643567 0.119222 0.756047
vn -0.556239 -0.556256 0.617395
vn -0.145418 -0.067555 0.987061
vn 0.464840 0.043980 0.884302
s 1
g polySurface215
usemtl lambert21SG
f 1588/2320/1828 1589/2321/1829 1622/2322/1830 1621/2323/1831
f 1677/2324/1832 1590/2325/1833 1589/2321/1829 1588/2320/1828
f 1677/2324/1832 1591/2326/1834 1590/2325/1833
f 1589/2321/1829 1592/2327/1835 1623/2328/1836 1622/2322/1830
f 1590/2325/1833 1593/2329/1837 1592/2327/1835 1589/2321/1829
f 1591/2326/1834 1594/2330/1838 1593/2329/1837 1590/2325/1833
f 1592/2327/1835 1595/2331/1839 1624/2332/1840 1623/2328/1836
f 1593/2329/1837 1596/2333/1841 1595/2331/1839 1592/2327/1835
f 1594/2330/1838 1597/2334/1842 1596/2333/1841 1593/2329/1837
f 1612/2335/1843 1613/2336/1844 1599/2337/1845 1598/2338/1846
f 1613/2336/1844 1614/2339/1847 1600/2340/1848 1599/2337/1845
f 1598/2338/1846 1601/2341/1849 1626/2342/1850 1625/2343/1851
f 1632/2344/1852 1633/2345/1853 1634/2346/1854 1635/2347/1855
f 1600/2340/1848 1603/2348/1856 1602/2349/1857 1599/2337/1845
f 1601/2341/1849 1604/2350/1858 1627/2351/1859 1626/2342/1850
f 1602/2349/1857 1605/2352/1860 1604/2350/1858 1601/2341/1849
f 1603/2348/1856 1606/2353/1861 1605/2352/1860 1602/2349/1857
f 1604/2350/1858 1607/2354/1862 1627/2351/1859
f 1605/2352/1860 1608/2355/1863 1607/2354/1862 1604/2350/1858
f 1606/2353/1861 1609/2356/1864 1608/2355/1863 1605/2352/1860
f 1608/2355/1863 1610/2357/1865 1607/2354/1862
f 1609/2356/1864 1611/2358/1866 1610/2357/1865 1608/2355/1863
f 1588/2320/1828 1621/2323/1831 1676/2359/1867
f 1677/2324/1832 1588/2320/1828 1676/2359/1867
f 1678/2360/1868 1677/2324/1832 1676/2359/1867
f 1616/2361/1869 1615/2362/1870 1617/2363/1871 1618/2364/1872
f 1618/2364/1872 1617/2363/1871 1620/2365/1873 1619/2366/1874
f 1595/2331/1839 1615/2362/1870 1628/2367/1875 1624/2332/1840
f 1596/2333/1841 1617/2363/1871 1615/2362/1870 1595/2331/1839
f 1597/2334/1842 1620/2365/1873 1617/2363/1871 1596/2333/1841
f 1618/2364/1872 1613/2336/1844 1612/2335/1843 1616/2361/1869
f 1618/2364/1872 1619/2366/1874 1614/2339/1847 1613/2336/1844
f 1629/2368/1876 1628/2367/1875 1615/2362/1870 1616/2361/1869
f 1616/2361/1869 1612/2335/1843 1630/2369/1877 1631/2370/1878 1629/2368/1876
f 1625/2343/1851 1630/2369/1877 1612/2335/1843 1598/2338/1846
f 1599/2337/1845 1602/2349/1857 1633/2345/1853 1632/2344/1852
f 1602/2349/1857 1601/2341/1849 1634/2346/1854 1633/2345/1853
f 1601/2341/1849 1598/2338/1846 1635/2347/1855 1634/2346/1854
f 1598/2338/1846 1599/2337/1845 1632/2344/1852 1635/2347/1855
f 1630/2371/1877 1625/2372/1851 1639/2373/1879 1636/2374/1880
f 1639/2373/1879 1638/2375/1881 1636/2374/1880
f 1638/2375/1881 1637/2376/1882 1630/2371/1877 1636/2374/1880
f 1640/2377/1883 1621/2378/1831 1622/2379/1830 1641/2380/1884
f 1679/2381/1885 1640/2377/1883 1641/2380/1884 1642/2382/1886
f 1678/2383/1868 1679/2381/1885 1643/2384/1887
f 1641/2380/1884 1622/2379/1830 1623/2385/1836 1644/2386/1888
f 1642/2382/1886 1641/2380/1884 1644/2386/1888 1645/2387/1889
f 1643/2384/1887 1642/2382/1886 1645/2387/1889 1646/2388/1890
f 1644/2386/1888 1623/2385/1836 1624/2389/1840 1647/2390/1891
f 1645/2387/1889 1644/2386/1888 1647/2390/1891 1648/2391/1892
f 1646/2388/1890 1645/2387/1889 1648/2391/1892 1649/2392/1893
f 1661/2393/1894 1650/2394/1895 1651/2395/1896 1662/2396/1897
f 1662/2396/1897 1651/2395/1896 1652/2397/1898 1663/2398/1899
f 1650/2394/1895 1625/2399/1851 1626/2400/1850 1653/2401/1900
f 1671/2402/1901 1674/2403/1902 1673/2404/1903 1672/2405/1904
f 1652/2397/1898 1651/2395/1896 1654/2406/1905 1655/2407/1906
f 1653/2401/1900 1626/2400/1850 1627/2408/1859 1656/2409/1907
f 1654/2406/1905 1653/2401/1900 1656/2409/1907 1657/2410/1908
f 1655/2407/1906 1654/2406/1905 1657/2410/1908 1658/2411/1909
f 1656/2409/1907 1627/2408/1859 1607/2412/1862
f 1657/2410/1908 1656/2409/1907 1607/2412/1862 1659/2413/1910
f 1658/2411/1909 1657/2410/1908 1659/2413/1910 1660/2414/1911
f 1659/2413/1910 1607/2412/1862 1610/2415/1865
f 1660/2414/1911 1659/2413/1910 1610/2415/1865 1611/2416/1866
f 1640/2377/1883 1676/2417/1867 1621/2378/1831
f 1679/2381/1885 1676/2417/1867 1640/2377/1883
f 1678/2383/1868 1676/2417/1867 1679/2381/1885
f 1665/2418/1912 1667/2419/1913 1666/2420/1914 1664/2421/1915
f 1667/2419/1913 1668/2422/1916 1669/2423/1917 1666/2420/1914
f 1647/2390/1891 1624/2389/1840 1628/2424/1875 1664/2421/1915
f 1648/2391/1892 1647/2390/1891 1664/2421/1915 1666/2420/1914
f 1649/2392/1893 1648/2391/1892 1666/2420/1914 1669/2423/1917
f 1667/2419/1913 1665/2418/1912 1661/2393/1894 1662/2396/1897
f 1667/2419/1913 1662/2396/1897 1663/2398/1899 1668/2422/1916
f 1629/2425/1876 1665/2418/1912 1664/2421/1915 1628/2424/1875
f 1665/2418/1912 1629/2425/1876 1631/2426/1878 1670/2427/1918 1661/2393/1894
f 1625/2399/1851 1650/2394/1895 1661/2393/1894 1670/2427/1918
f 1651/2395/1896 1671/2402/1901 1672/2405/1904 1654/2406/1905
f 1654/2406/1905 1672/2405/1904 1673/2404/1903 1653/2401/1900
f 1653/2401/1900 1673/2404/1903 1674/2403/1902 1650/2394/1895
f 1650/2394/1895 1674/2403/1902 1671/2402/1901 1651/2395/1896
f 1670/2428/1918 1675/2429/1919 1639/2373/1879 1625/2372/1851
f 1639/2373/1879 1675/2429/1919 1638/2375/1881
f 1638/2375/1881 1675/2429/1919 1670/2428/1918 1637/2376/1882
f 1643/2384/1887 1679/2381/1885 1642/2382/1886
f 1678/2360/1868 1591/2326/1834 1677/2324/1832
f 1631/2370/1878 1630/2369/1877 1637/2430/1882
f 1670/2427/1918 1631/2426/1878 1637/2431/1882
g default
v -0.866025 7.954338 -7.213170
v -0.500000 8.320363 -7.213170
v -0.000000 8.454338 -7.213170
v 0.500000 8.320363 -7.213170
v 0.866025 7.954338 -7.213170
v 1.000000 7.454338 -7.213170
v 0.866025 6.954338 -7.213170
v 0.500000 6.588312 -7.213170
v -0.000000 6.454338 -7.213170
v -0.500000 6.588312 -7.213170
v -0.866025 6.954338 -7.213170
v -1.000000 7.454338 -7.213170
v -0.866025 7.954338 -7.392385
v -0.847896 7.943871 -7.412606
v -0.500000 8.320363 -7.392385
v -0.489533 8.302234 -7.412606
v 0.000000 8.454338 -7.392385
v 0.000000 8.433403 -7.412606
v 0.500000 8.320363 -7.392385
v 0.489533 8.302234 -7.412606
v 0.866025 7.954338 -7.392385
v 0.847896 7.943871 -7.412606
v 1.000000 7.454338 -7.392385
v 0.979066 7.454338 -7.412606
v 0.866025 6.954338 -7.392385
v 0.847896 6.964805 -7.412606
v 0.500000 6.588312 -7.392385
v 0.489533 6.606441 -7.412606
v 0.000000 6.454338 -7.392385
v 0.000000 6.475272 -7.412606
v -0.500000 6.588312 -7.392385
v -0.489533 6.606441 -7.412606
v -0.866025 6.954338 -7.392385
v -0.847896 6.964805 -7.412606
v -1.000000 7.454338 -7.392385
v -0.979066 7.454338 -7.412606
v -0.414004 8.171413 -7.095190
v -0.717075 7.868341 -7.095190
v -0.000000 7.454338 -7.095190
v -0.000000 8.282345 -7.095190
v 0.414004 8.171413 -7.095190
v 0.717075 7.868341 -7.095190
v 0.828007 7.454338 -7.095190
v 0.717075 7.040334 -7.095190
v 0.414004 6.737262 -7.095190
v -0.000000 6.626330 -7.095190
v -0.414004 6.737262 -7.095190
v -0.717075 7.040334 -7.095190
v -0.828007 7.454338 -7.095190
v -0.436619 8.210584 -7.412606
v -0.430047 8.199201 -7.401132
v -0.756246 7.890956 -7.412606
v -0.744863 7.884384 -7.401132
v 0.000000 8.327576 -7.412606
v 0.000000 8.314431 -7.401132
v 0.436619 8.210584 -7.412606
v 0.430047 8.199201 -7.401132
v 0.756246 7.890956 -7.412606
v 0.744863 7.884384 -7.401132
v 0.873237 7.454338 -7.412606
v 0.860093 7.454338 -7.401132
v 0.756246 7.017719 -7.412606
v 0.744863 7.024291 -7.401132
v 0.436619 6.698092 -7.412606
v 0.430047 6.709475 -7.401132
v 0.000000 6.581100 -7.412606
v 0.000000 6.594244 -7.401132
v -0.436619 6.698092 -7.412606
v -0.430047 6.709475 -7.401132
v -0.756246 7.017719 -7.412606
v -0.744863 7.024291 -7.401132
v -0.873237 7.454338 -7.412606
v -0.860093 7.454338 -7.401132
v 3.617804 2.911010 -5.102969
v 3.617804 2.911010 -5.405722
v 3.449407 3.433222 -5.084766
v 3.574925 3.401105 -5.390506
v 3.406248 3.926539 -5.076909
v 3.530303 3.911142 -5.366016
v 3.363088 4.419857 -5.067096
v 3.485681 4.421181 -5.330941
v 3.319929 4.913175 -5.038218
v 3.441059 4.931220 -5.276646
v 3.276765 5.406492 -4.966222
v 3.396436 5.441258 -5.189950
v 3.233609 5.899809 -4.849774
v 3.351813 5.951297 -5.025246
v 3.317434 6.344250 -4.797697
v 3.296385 6.584851 -4.535314
v 3.207841 6.160765 -4.715058
v 3.483616 3.042215 -5.083034
v 3.610290 2.996844 -5.401614
v 3.483616 3.042215 -4.535314
v 3.617804 2.911010 -4.535314
v 3.191839 6.347772 -4.535314
v 3.617804 2.911010 -3.967660
v 3.617804 2.911010 -3.664908
v 3.449407 3.433222 -3.985863
v 3.574925 3.401105 -3.680123
v 3.406248 3.926539 -3.993721
v 3.530303 3.911142 -3.704614
v 3.363088 4.419857 -4.003532
v 3.485681 4.421181 -3.739688
v 3.319929 4.913175 -4.032412
v 3.441059 4.931220 -3.793985
v 3.276765 5.406492 -4.104406
v 3.396436 5.441257 -3.880679
v 3.233609 5.899809 -4.220855
v 3.351813 5.951297 -4.045382
v 3.317434 6.344250 -4.272932
v 3.207841 6.160765 -4.355570
v 3.483616 3.042215 -3.987595
v 3.610290 2.996844 -3.669016
v 3.449407 3.433222 -4.535314
v 3.406248 3.926539 -4.535314
v 3.363088 4.419857 -4.535314
v 3.319929 4.913175 -4.535314
v 3.276765 5.406492 -4.535314
v 3.233609 5.899809 -4.535314
v 3.207841 6.160765 -4.535314
v 3.747278 2.982763 -5.127453
v 3.718305 3.012063 -5.099702
v 3.682214 3.410480 -5.101377
v 3.709635 3.413049 -5.131007
v 3.637361 3.923315 -5.093302
v 3.665027 3.922929 -5.123003
v 3.592917 4.430489 -5.083210
v 3.620309 4.434043 -5.112770
v 3.548362 4.939811 -5.053437
v 3.575537 4.945797 -5.082807
v 3.504001 5.448076 -4.979268
v 3.530710 5.458173 -5.007936
v 3.459809 5.956397 -4.859305
v 3.485710 5.972510 -4.886126
v 3.434076 6.225497 -4.720527
v 3.459171 6.248365 -4.742877
v 3.440608 6.464358 -4.535314
v 3.417796 6.418260 -4.535314
v 3.747278 2.982763 -4.535314
v 3.719263 3.011940 -4.535314
v 3.747449 2.980838 -3.941254
v 3.718305 3.012062 -3.970927
v 3.709635 3.413049 -3.939623
v 3.682214 3.410480 -3.969252
v 3.665027 3.922929 -3.947625
v 3.637361 3.923315 -3.977327
v 3.620309 4.434043 -3.957860
v 3.592917 4.430489 -3.987419
v 3.575537 4.945797 -3.987823
v 3.548362 4.939811 -4.017192
v 3.530710 5.458173 -4.062692
v 3.504001 5.448075 -4.091360
v 3.485710 5.972510 -4.184502
v 3.459809 5.956397 -4.211323
v 3.459171 6.248365 -4.327751
v 3.434076 6.225497 -4.350101
v 3.726945 3.007050 -5.401614
v 3.745077 3.007953 -5.383485
v 3.691578 3.411310 -5.390506
v 3.709709 3.412212 -5.372377
v 3.646955 3.921348 -5.366016
v 3.665118 3.921880 -5.347905
v 3.602332 4.431386 -5.330941
v 3.620541 4.431397 -5.312865
v 3.557709 4.941426 -5.276646
v 3.575995 4.940544 -5.258664
v 3.513084 5.451464 -5.189950
v 3.531534 5.448747 -5.172281
v 3.468463 5.961502 -5.025246
v 3.487179 5.955719 -5.008567
v 3.433893 6.354440 -4.797697
v 3.452787 6.344462 -4.783222
v 3.412841 6.595041 -4.535314
v 3.432893 6.571783 -4.535314
v 3.733778 2.921156 -5.102969
v 3.751007 2.940165 -5.110060
v 3.750946 2.940869 -5.386694
v 3.734455 2.921216 -5.405722
v 3.734455 2.921216 -4.535314
v 3.750946 2.940869 -4.535314
v 3.726945 3.007050 -3.669016
v 3.745077 3.007953 -3.687145
v 3.691578 3.411310 -3.680123
v 3.709709 3.412212 -3.698252
v 3.646955 3.921348 -3.704614
v 3.665118 3.921880 -3.722725
v 3.602332 4.431386 -3.739688
v 3.620541 4.431397 -3.757764
v 3.557709 4.941426 -3.793985
v 3.575995 4.940544 -3.811965
v 3.513084 5.451464 -3.880679
v 3.531534 5.448747 -3.898348
v 3.468463 5.961502 -4.045382
v 3.487179 5.955719 -4.062062
v 3.433893 6.354440 -4.272932
v 3.452787 6.344462 -4.287407
v 3.733632 2.921144 -3.967660
v 3.751019 2.940007 -3.959831
v 3.750946 2.940869 -3.683935
v 3.734455 2.921216 -3.664908
v -3.617805 2.911010 -5.102969
v -3.617805 2.911010 -5.405722
v -3.449408 3.433222 -5.084766
v -3.574925 3.401105 -5.390506
v -3.406248 3.926539 -5.076909
v -3.530303 3.911142 -5.366016
v -3.363089 4.419857 -5.067096
v -3.485681 4.421181 -5.330941
v -3.319929 4.913175 -5.038218
v -3.441059 4.931220 -5.276646
v -3.276767 5.406491 -4.966222
v -3.396436 5.441258 -5.189950
v -3.233609 5.899808 -4.849774
v -3.351814 5.951297 -5.025246
v -3.317435 6.344250 -4.797697
v -3.296385 6.584850 -4.535314
v -3.207842 6.160765 -4.715058
v -3.483616 3.042215 -5.083034
v -3.610291 2.996844 -5.401614
v -3.483616 3.042215 -4.535314
v -3.617805 2.911010 -4.535314
v -3.191839 6.347771 -4.535314
v -3.617805 2.911010 -3.967660
v -3.617805 2.911010 -3.664908
v -3.449408 3.433222 -3.985863
v -3.574925 3.401105 -3.680123
v -3.406248 3.926539 -3.993721
v -3.530303 3.911142 -3.704614
v -3.363089 4.419857 -4.003532
v -3.485681 4.421181 -3.739688
v -3.319929 4.913175 -4.032412
v -3.441059 4.931220 -3.793985
v -3.276767 5.406491 -4.104406
v -3.396436 5.441257 -3.880679
v -3.233609 5.899808 -4.220855
v -3.351814 5.951297 -4.045382
v -3.317435 6.344250 -4.272932
v -3.207842 6.160765 -4.355570
v -3.483616 3.042215 -3.987595
v -3.610291 2.996844 -3.669016
v -3.449408 3.433222 -4.535314
v -3.406248 3.926539 -4.535314
v -3.363089 4.419857 -4.535314
v -3.319929 4.913175 -4.535314
v -3.276767 5.406491 -4.535314
v -3.233609 5.899808 -4.535314
v -3.207842 6.160765 -4.535314
v -3.747279 2.982763 -5.127453
v -3.718305 3.012063 -5.099702
v -3.682214 3.410480 -5.101377
v -3.709636 3.413049 -5.131007
v -3.637361 3.923315 -5.093302
v -3.665027 3.922929 -5.123003
v -3.592917 4.430489 -5.083210
v -3.620311 4.434043 -5.112770
v -3.548362 4.939811 -5.053437
v -3.575537 4.945797 -5.082807
v -3.504002 5.448076 -4.979268
v -3.530710 5.458173 -5.007936
v -3.459809 5.956397 -4.859305
v -3.485711 5.972510 -4.886126
v -3.434076 6.225497 -4.720527
v -3.459171 6.248364 -4.742877
v -3.440609 6.464357 -4.535314
v -3.417796 6.418258 -4.535314
v -3.747279 2.982763 -4.535314
v -3.719263 3.011940 -4.535314
v -3.747450 2.980838 -3.941254
v -3.718305 3.012063 -3.970927
v -3.709636 3.413049 -3.939623
v -3.682214 3.410480 -3.969252
v -3.665027 3.922929 -3.947625
v -3.637361 3.923315 -3.977327
v -3.620311 4.434043 -3.957860
v -3.592917 4.430489 -3.987419
v -3.575537 4.945797 -3.987823
v -3.548362 4.939811 -4.017192
v -3.530710 5.458173 -4.062692
v -3.504002 5.448075 -4.091360
v -3.485711 5.972510 -4.184502
v -3.459809 5.956397 -4.211323
v -3.459171 6.248364 -4.327751
v -3.434076 6.225497 -4.350101
v -3.726947 3.007050 -5.401614
v -3.745077 3.007953 -5.383485
v -3.691578 3.411309 -5.390506
v -3.709709 3.412212 -5.372377
v -3.646956 3.921348 -5.366016
v -3.665119 3.921879 -5.347905
v -3.602333 4.431386 -5.330941
v -3.620542 4.431397 -5.312865
v -3.557710 4.941426 -5.276646
v -3.575996 4.940544 -5.258664
v -3.513085 5.451464 -5.189950
v -3.531535 5.448747 -5.172281
v -3.468463 5.961502 -5.025246
v -3.487180 5.955720 -5.008567
v -3.433894 6.354440 -4.797697
v -3.452788 6.344461 -4.783222
v -3.412841 6.595040 -4.535314
v -3.432893 6.571784 -4.535314
v -3.733778 2.921156 -5.102969
v -3.751007 2.940165 -5.110060
v -3.750947 2.940869 -5.386694
v -3.734455 2.921216 -5.405722
v -3.734455 2.921215 -4.535314
v -3.750947 2.940869 -4.535314
v -3.726947 3.007050 -3.669016
v -3.745077 3.007953 -3.687145
v -3.691578 3.411309 -3.680123
v -3.709709 3.412212 -3.698252
v -3.646956 3.921348 -3.704614
v -3.665119 3.921879 -3.722725
v -3.602333 4.431386 -3.739688
v -3.620542 4.431397 -3.757764
v -3.557710 4.941426 -3.793985
v -3.575996 4.940544 -3.811965
v -3.513085 5.451464 -3.880679
v -3.531535 5.448747 -3.898348
v -3.468463 5.961502 -4.045382
v -3.487180 5.955719 -4.062062
v -3.433894 6.354440 -4.272932
v -3.452788 6.344461 -4.287407
v -3.733633 2.921143 -3.967660
v -3.751021 2.940006 -3.959831
v -3.750947 2.940869 -3.683935
v -3.734455 2.921216 -3.664908
v 3.617804 2.911010 -0.145778
v 3.617804 2.911010 -0.448531
v 3.449407 3.433222 -0.127576
v 3.574925 3.401105 -0.433316
v 3.406248 3.926539 -0.119717
v 3.530303 3.911142 -0.408825
v 3.363088 4.419857 -0.109906
v 3.485681 4.421181 -0.373750
v 3.319929 4.913175 -0.081027
v 3.441059 4.931220 -0.319454
v 3.276765 5.406492 -0.009031
v 3.396436 5.441258 -0.232760
v 3.233609 5.899809 0.107418
v 3.351813 5.951297 -0.068055
v 3.317434 6.344250 0.159495
v 3.296385 6.584851 0.421877
v 3.207841 6.160765 0.242132
v 3.483616 3.042215 -0.125844
v 3.610290 2.996844 -0.444423
v 3.483616 3.042215 0.421877
v 3.617804 2.911010 0.421877
v 3.191839 6.347772 0.421877
v 3.617804 2.911010 0.989531
v 3.617804 2.911010 1.292283
v 3.449407 3.433222 0.971328
v 3.574925 3.401105 1.277068
v 3.406248 3.926539 0.963470
v 3.530303 3.911142 1.252577
v 3.363088 4.419857 0.953658
v 3.485681 4.421181 1.217503
v 3.319929 4.913175 0.924780
v 3.441059 4.931220 1.163206
v 3.276765 5.406492 0.852784
v 3.396436 5.441257 1.076512
v 3.233609 5.899809 0.736335
v 3.351813 5.951297 0.911808
v 3.317434 6.344250 0.684258
v 3.207841 6.160765 0.601620
v 3.483616 3.042215 0.969596
v 3.610290 2.996844 1.288175
v 3.449407 3.433222 0.421877
v 3.406248 3.926539 0.421877
v 3.363088 4.419857 0.421877
v 3.319929 4.913175 0.421877
v 3.276765 5.406492 0.421877
v 3.233609 5.899809 0.421877
v 3.207841 6.160765 0.421877
v 3.747278 2.982763 -0.170261
v 3.718305 3.012063 -0.142511
v 3.682214 3.410480 -0.144187
v 3.709635 3.413049 -0.173815
v 3.637361 3.923315 -0.136112
v 3.665027 3.922929 -0.165813
v 3.592917 4.430489 -0.126020
v 3.620309 4.434043 -0.155578
v 3.548362 4.939811 -0.096247
v 3.575537 4.945797 -0.125616
v 3.504001 5.448076 -0.022078
v 3.530710 5.458173 -0.050746
v 3.459809 5.956397 0.097885
v 3.485710 5.972510 0.071065
v 3.434076 6.225497 0.236664
v 3.459171 6.248365 0.214314
v 3.440608 6.464358 0.421877
v 3.417796 6.418260 0.421877
v 3.747278 2.982763 0.421877
v 3.719263 3.011940 0.421877
v 3.747449 2.980838 1.015937
v 3.718305 3.012062 0.986264
v 3.709635 3.413049 1.017567
v 3.682214 3.410480 0.987939
v 3.665027 3.922929 1.009566
v 3.637361 3.923315 0.979865
v 3.620309 4.434043 0.999331
v 3.592917 4.430489 0.969772
v 3.575537 4.945797 0.969368
v 3.548362 4.939811 0.939999
v 3.530710 5.458173 0.894499
v 3.504001 5.448075 0.865830
v 3.485710 5.972510 0.772688
v 3.459809 5.956397 0.745867
v 3.459171 6.248365 0.629439
v 3.434076 6.225497 0.607090
v 3.726945 3.007050 -0.444423
v 3.745077 3.007953 -0.426294
v 3.691578 3.411310 -0.433316
v 3.709709 3.412212 -0.415187
v 3.646955 3.921348 -0.408825
v 3.665118 3.921880 -0.390714
v 3.602332 4.431386 -0.373750
v 3.620541 4.431397 -0.355675
v 3.557709 4.941426 -0.319454
v 3.575995 4.940544 -0.301474
v 3.513084 5.451464 -0.232760
v 3.531534 5.448747 -0.215091
v 3.468463 5.961502 -0.068055
v 3.487179 5.955719 -0.051377
v 3.433893 6.354440 0.159495
v 3.452787 6.344462 0.173969
v 3.412841 6.595041 0.421877
v 3.432893 6.571783 0.421877
v 3.733778 2.921156 -0.145778
v 3.751007 2.940165 -0.152869
v 3.750946 2.940869 -0.429504
v 3.734455 2.921216 -0.448531
v 3.734455 2.921216 0.421877
v 3.750946 2.940869 0.421877
v 3.726945 3.007050 1.288175
v 3.745077 3.007953 1.270046
v 3.691578 3.411310 1.277068
v 3.709709 3.412212 1.258939
v 3.646955 3.921348 1.252577
v 3.665118 3.921880 1.234466
v 3.602332 4.431386 1.217503
v 3.620541 4.431397 1.199427
v 3.557709 4.941426 1.163206
v 3.575995 4.940544 1.145226
v 3.513084 5.451464 1.076512
v 3.531534 5.448747 1.058843
v 3.468463 5.961502 0.911808
v 3.487179 5.955719 0.895129
v 3.433893 6.354440 0.684258
v 3.452787 6.344462 0.669784
v 3.733632 2.921144 0.989531
v 3.751019 2.940007 0.997360
v 3.750946 2.940869 1.273256
v 3.734455 2.921216 1.292283
v -3.617805 2.911010 -0.145778
v -3.617805 2.911010 -0.448531
v -3.449408 3.433222 -0.127576
v -3.574925 3.401105 -0.433316
v -3.406248 3.926539 -0.119717
v -3.530303 3.911142 -0.408825
v -3.363089 4.419857 -0.109906
v -3.485681 4.421181 -0.373750
v -3.319929 4.913175 -0.081027
v -3.441059 4.931220 -0.319454
v -3.276767 5.406491 -0.009031
v -3.396436 5.441258 -0.232760
v -3.233609 5.899808 0.107418
v -3.351814 5.951297 -0.068055
v -3.317435 6.344250 0.159495
v -3.296385 6.584850 0.421877
v -3.207842 6.160765 0.242132
v -3.483616 3.042215 -0.125844
v -3.610291 2.996844 -0.444423
v -3.483616 3.042215 0.421877
v -3.617805 2.911010 0.421877
v -3.191839 6.347771 0.421877
v -3.617805 2.911010 0.989531
v -3.617805 2.911010 1.292283
v -3.449408 3.433222 0.971328
v -3.574925 3.401105 1.277068
v -3.406248 3.926539 0.963470
v -3.530303 3.911142 1.252577
v -3.363089 4.419857 0.953658
v -3.485681 4.421181 1.217503
v -3.319929 4.913175 0.924780
v -3.441059 4.931220 1.163206
v -3.276767 5.406491 0.852784
v -3.396436 5.441257 1.076512
v -3.233609 5.899808 0.736335
v -3.351814 5.951297 0.911808
v -3.317435 6.344250 0.684258
v -3.207842 6.160765 0.601620
v -3.483616 3.042215 0.969596
v -3.610291 2.996844 1.288175
v -3.449408 3.433222 0.421877
v -3.406248 3.926539 0.421877
v -3.363089 4.419857 0.421877
v -3.319929 4.913175 0.421877
v -3.276767 5.406491 0.421877
v -3.233609 5.899808 0.421877
v -3.207842 6.160765 0.421877
v -3.747279 2.982763 -0.170261
v -3.718305 3.012063 -0.142511
v -3.682214 3.410480 -0.144187
v -3.709636 3.413049 -0.173815
v -3.637361 3.923315 -0.136112
v -3.665027 3.922929 -0.165813
v -3.592917 4.430489 -0.126020
v -3.620311 4.434043 -0.155578
v -3.548362 4.939811 -0.096247
v -3.575537 4.945797 -0.125616
v -3.504002 5.448076 -0.022078
v -3.530710 5.458173 -0.050746
v -3.459809 5.956397 0.097885
v -3.485711 5.972510 0.071065
v -3.434076 6.225497 0.236664
v -3.459171 6.248364 0.214314
v -3.440609 6.464357 0.421877
v -3.417796 6.418258 0.421877
v -3.747279 2.982763 0.421877
v -3.719263 3.011940 0.421877
v -3.747450 2.980838 1.015937
v -3.718305 3.012063 0.986264
v -3.709636 3.413049 1.017567
v -3.682214 3.410480 0.987939
v -3.665027 3.922929 1.009566
v -3.637361 3.923315 0.979865
v -3.620311 4.434043 0.999331
v -3.592917 4.430489 0.969772
v -3.575537 4.945797 0.969368
v -3.548362 4.939811 0.939999
v -3.530710 5.458173 0.894499
v -3.504002 5.448075 0.865830
v -3.485711 5.972510 0.772688
v -3.459809 5.956397 0.745867
v -3.459171 6.248364 0.629439
v -3.434076 6.225497 0.607090
v -3.726947 3.007050 -0.444423
v -3.745077 3.007953 -0.426294
v -3.691578 3.411309 -0.433316
v -3.709709 3.412212 -0.415187
v -3.646956 3.921348 -0.408825
v -3.665119 3.921879 -0.390714
v -3.602333 4.431386 -0.373750
v -3.620542 4.431397 -0.355675
v -3.557710 4.941426 -0.319454
v -3.575996 4.940544 -0.301474
v -3.513085 5.451464 -0.232760
v -3.531535 5.448747 -0.215091
v -3.468463 5.961502 -0.068055
v -3.487180 5.955720 -0.051377
v -3.433894 6.354440 0.159495
v -3.452788 6.344461 0.173969
v -3.412841 6.595040 0.421877
v -3.432893 6.571784 0.421877
v -3.733778 2.921156 -0.145778
v -3.751007 2.940165 -0.152869
v -3.750947 2.940869 -0.429504
v -3.734455 2.921216 -0.448531
v -3.734455 2.921215 0.421877
v -3.750947 2.940869 0.421877
v -3.726947 3.007050 1.288175
v -3.745077 3.007953 1.270046
v -3.691578 3.411309 1.277068
v -3.709709 3.412212 1.258939
v -3.646956 3.921348 1.252577
v -3.665119 3.921879 1.234466
v -3.602333 4.431386 1.217503
v -3.620542 4.431397 1.199427
v -3.557710 4.941426 1.163206
v -3.575996 4.940544 1.145226
v -3.513085 5.451464 1.076512
v -3.531535 5.448747 1.058843
v -3.468463 5.961502 0.911808
v -3.487180 5.955719 0.895129
v -3.433894 6.354440 0.684258
v -3.452788 6.344461 0.669784
v -3.733633 2.921143 0.989531
v -3.751021 2.940006 0.997360
v -3.750947 2.940869 1.273256
v -3.734455 2.921216 1.292283
v 1.471186 1.696993 3.190469
v 2.392187 1.696993 3.190469
v 1.449699 2.898326 3.190469
v 2.327728 2.898326 3.190469
v 1.416440 4.148547 3.190469
v 2.205023 4.148547 3.190469
v 1.297516 5.398769 3.190469
v 2.017580 5.398769 3.190469
v 1.129858 6.648993 3.190469
v 1.738289 6.648993 3.190469
v 0.815968 7.899212 3.190469
v 1.400452 7.899212 3.190469
v 0.464324 9.149435 3.190469
v 0.917292 9.149435 3.190469
v 0.472529 10.112656 3.190469
v 0.000000 10.702423 3.190469
v -1.471186 1.696993 3.190469
v -2.392187 1.696993 3.190469
v -1.449699 2.898326 3.190469
v -2.327728 2.898326 3.190469
v -1.416440 4.148547 3.190469
v -2.205023 4.148547 3.190469
v -1.297516 5.398769 3.190469
v -2.017580 5.398769 3.190469
v -1.129858 6.648993 3.190469
v -1.738289 6.648993 3.190469
v -0.815968 7.899212 3.190469
v -1.400452 7.899212 3.190469
v -0.464324 9.149435 3.190469
v -0.917292 9.149435 3.190469
v -0.472529 10.112656 3.190469
v 0.000000 10.069090 3.178919
v 1.660173 1.696993 3.941793
v 1.622479 1.696993 3.930739
v 1.591632 2.898326 3.929236
v 1.629404 2.898326 3.940100
v 1.538406 4.148547 3.925416
v 1.576466 4.148547 3.935861
v 1.408171 5.398769 3.921867
v 1.446588 5.398769 3.931797
v 1.220986 6.648993 3.914239
v 1.260262 6.648993 3.922799
v 0.914919 7.897142 3.911655
v 0.954151 7.899212 3.920289
v 0.545654 9.149435 3.894851
v 0.587202 9.149435 3.901511
v 0.151131 10.086203 3.894743
v 0.103710 10.081806 3.888210
v 0.000000 10.222757 3.910400
v 0.000000 10.172071 3.903333
v -1.622479 1.696993 3.930739
v -1.660173 1.696993 3.941793
v -1.591637 2.898326 3.929259
v -1.629387 2.898326 3.940117
v -1.538438 4.148547 3.925609
v -1.576339 4.148547 3.936011
v -1.408211 5.398769 3.922133
v -1.446424 5.398769 3.932011
v -1.221048 6.648993 3.914728
v -1.259724 6.648993 3.923625
v -0.914992 7.897162 3.912224
v -0.954001 7.899212 3.920533
v -0.545654 9.149435 3.894851
v -0.586281 9.149435 3.903496
v -0.151131 10.086203 3.894743
v -0.103710 10.081806 3.888210
v -3.366390 1.479910 3.219963
v -1.122130 1.479910 3.219963
v 1.122130 1.479910 3.219963
v 3.366390 1.479910 3.219963
v -3.366390 4.658749 3.219961
v -1.122130 4.658749 3.219961
v 1.122130 4.658749 3.219961
v 3.366390 4.658749 3.219961
v -2.514901 7.772555 3.219962
v -0.838301 7.772555 3.219962
v 0.838301 7.772555 3.219962
v 2.514901 7.772555 3.219962
v -0.180845 11.892514 3.219961
v -0.048755 12.139352 3.219961
v 0.048755 12.139352 3.219961
v 0.180845 11.892514 3.219961
v -1.444938 9.298206 3.219961
v -0.481646 9.298206 3.219961
v 0.481646 9.298206 3.219961
v 1.444938 9.298206 3.219961
v -2.469445 7.935816 3.219962
v -0.790366 7.935379 3.219962
v 0.790366 7.935379 3.219962
v 2.469445 7.935816 3.219962
v -4.709982 1.467261 -0.832543
v -4.687606 1.467261 -0.810962
v -4.126722 3.215584 -1.140673
v -4.147481 3.192605 -1.126691
v -4.125984 3.192233 -1.105377
v -4.096692 3.217404 -1.122833
v -2.777592 3.217906 -1.123651
v -2.775398 3.192045 -1.105345
v -2.754040 3.192902 -1.127118
v -2.761378 3.223107 -1.166207
v -2.755431 1.467261 -0.833131
v -2.777284 1.467261 -0.810962
v -2.761376 3.223103 -2.783097
v -2.754040 3.192648 -2.819529
v -2.775055 3.192287 -2.841510
v -2.777809 3.218242 -2.823708
v -4.095434 3.217731 -2.824502
v -4.125670 3.191950 -2.841562
v -4.147388 3.192888 -2.820549
v -4.126696 3.215596 -2.807281
v -4.709982 1.467261 -3.086510
v -4.687549 1.467261 -3.108091
v -2.755431 1.467261 -3.085979
v -2.777284 1.467261 -3.108091
v -3.850208 3.360137 -1.349493
v -3.866925 3.335279 -1.336179
v -3.844477 3.333476 -1.312094
v -3.829056 3.359392 -1.328175
v -2.841981 3.359274 -1.328166
v -2.834994 3.333152 -1.311566
v -2.813789 3.328045 -1.336883
v -2.820930 3.358267 -1.349718
v -3.829073 3.359291 -2.629200
v -3.844752 3.333315 -2.644830
v -3.867155 3.335173 -2.620803
v -3.850208 3.360132 -2.607881
v -2.820930 3.358260 -2.607659
v -2.813807 3.328081 -2.620402
v -2.835149 3.332628 -2.645899
v -2.841969 3.359174 -2.629208
v -3.746996 5.952433 -1.516379
v -3.725188 5.930576 -1.537290
v -3.703360 5.930693 -1.515359
v -3.724979 5.952433 -1.493853
v -2.799789 5.952433 -1.493935
v -2.822859 5.930444 -1.515340
v -2.800807 5.931060 -1.536816
v -2.778336 5.952433 -1.517028
v -3.724979 5.952433 -2.463515
v -3.703143 5.930467 -2.442025
v -3.725178 5.930801 -2.420287
v -3.746996 5.952433 -2.440989
v -2.778336 5.952433 -2.440339
v -2.800808 5.930841 -2.420348
v -2.822630 5.930671 -2.442011
v -2.799789 5.952433 -2.463432
v -3.821717 5.973411 -1.438533
v -3.799609 5.952433 -1.463578
v -3.777368 5.952433 -1.441043
v -3.801060 5.973011 -1.417510
v -2.723535 5.973007 -1.417510
v -2.746788 5.952433 -1.440746
v -2.725541 5.952433 -1.464439
v -2.702878 5.973375 -1.438501
v -3.801060 5.973011 -2.539857
v -3.777951 5.952433 -2.516609
v -3.799132 5.952433 -2.492835
v -3.821717 5.973411 -2.518834
v -2.702878 5.973375 -2.518865
v -2.725076 5.952433 -2.493860
v -2.747384 5.952433 -2.516330
v -2.723535 5.973007 -2.539857
v -3.842753 6.859080 -1.339774
v -3.820577 6.837449 -1.363104
v -3.799577 6.838162 -1.341326
v -3.819913 6.859080 -1.318045
v -2.697779 6.859080 -1.318031
v -2.718193 6.837971 -1.341343
v -2.697004 6.837708 -1.362822
v -2.674761 6.859080 -1.339559
v -3.819914 6.859080 -2.639321
v -3.799376 6.837961 -2.616023
v -3.820577 6.837677 -2.594512
v -3.842753 6.859080 -2.617592
v -2.674761 6.859080 -2.617807
v -2.697005 6.837489 -2.594306
v -2.717983 6.838179 -2.616042
v -2.697779 6.859080 -2.639336
v -3.950584 6.880589 -1.228600
v -3.930357 6.859080 -1.254200
v -3.909132 6.859080 -1.230818
v -3.929805 6.879565 -1.206723
v -2.584728 6.879360 -1.206749
v -2.609823 6.859080 -1.230249
v -2.587951 6.859080 -1.253127
v -2.564123 6.879360 -1.227355
v -3.929805 6.879565 -2.750643
v -3.909319 6.859080 -2.726637
v -3.929543 6.859080 -2.701645
v -3.950584 6.880589 -2.728766
v -2.564123 6.879360 -2.730011
v -2.587622 6.859080 -2.704917
v -2.610502 6.859080 -2.726788
v -2.584728 6.879360 -2.750617
v -3.725702 8.036615 -1.059613
v -3.748126 8.036615 -1.081879
v -2.416986 8.036615 -1.081464
v -2.438838 8.036615 -1.059613
v -3.748126 8.036615 -2.875488
v -3.725702 8.036615 -2.897754
v -2.438838 8.036615 -2.897754
v -2.416986 8.036615 -2.875902
v 4.709982 1.467261 -0.832543
v 4.687606 1.467261 -0.810962
v 4.126722 3.215584 -1.140673
v 4.147481 3.192605 -1.126691
v 4.125984 3.192233 -1.105377
v 4.096692 3.217404 -1.122833
v 2.777592 3.217906 -1.123651
v 2.775398 3.192045 -1.105345
v 2.754040 3.192902 -1.127118
v 2.761378 3.223107 -1.166207
v 2.755431 1.467261 -0.833131
v 2.777284 1.467261 -0.810962
v 2.761376 3.223103 -2.783097
v 2.754040 3.192648 -2.819529
v 2.775055 3.192287 -2.841510
v 2.777809 3.218242 -2.823708
v 4.095434 3.217731 -2.824502
v 4.125670 3.191950 -2.841562
v 4.147388 3.192888 -2.820549
v 4.126696 3.215596 -2.807281
v 4.709982 1.467261 -3.086510
v 4.687549 1.467261 -3.108091
v 2.755431 1.467261 -3.085979
v 2.777284 1.467261 -3.108091
v 3.850208 3.360137 -1.349493
v 3.866925 3.335279 -1.336179
v 3.844477 3.333476 -1.312094
v 3.829056 3.359392 -1.328175
v 2.841981 3.359274 -1.328166
v 2.834994 3.333152 -1.311566
v 2.813789 3.328045 -1.336883
v 2.820930 3.358267 -1.349718
v 3.829073 3.359291 -2.629200
v 3.844752 3.333315 -2.644830
v 3.867155 3.335173 -2.620803
v 3.850208 3.360132 -2.607881
v 2.820930 3.358260 -2.607659
v 2.813807 3.328081 -2.620402
v 2.835149 3.332628 -2.645899
v 2.841969 3.359174 -2.629208
v 3.746996 5.952433 -1.516379
v 3.725188 5.930576 -1.537290
v 3.703360 5.930693 -1.515359
v 3.724979 5.952433 -1.493853
v 2.799789 5.952433 -1.493935
v 2.822859 5.930444 -1.515340
v 2.800807 5.931060 -1.536816
v 2.778336 5.952433 -1.517028
v 3.724979 5.952433 -2.463515
v 3.703143 5.930467 -2.442025
v 3.725178 5.930801 -2.420287
v 3.746996 5.952433 -2.440989
v 2.778336 5.952433 -2.440339
v 2.800808 5.930841 -2.420348
v 2.822630 5.930671 -2.442011
v 2.799789 5.952433 -2.463432
v 3.821717 5.973411 -1.438533
v 3.799609 5.952433 -1.463578
v 3.777368 5.952433 -1.441043
v 3.801060 5.973011 -1.417510
v 2.723535 5.973007 -1.417510
v 2.746788 5.952433 -1.440746
v 2.725541 5.952433 -1.464439
v 2.702878 5.973375 -1.438501
v 3.801060 5.973011 -2.539857
v 3.777951 5.952433 -2.516609
v 3.799132 5.952433 -2.492835
v 3.821717 5.973411 -2.518834
v 2.702878 5.973375 -2.518865
v 2.725076 5.952433 -2.493860
v 2.747384 5.952433 -2.516330
v 2.723535 5.973007 -2.539857
v 3.842753 6.859080 -1.339774
v 3.820577 6.837449 -1.363104
v 3.799577 6.838162 -1.341326
v 3.819913 6.859080 -1.318045
v 2.697779 6.859080 -1.318031
v 2.718193 6.837971 -1.341343
v 2.697004 6.837708 -1.362822
v 2.674761 6.859080 -1.339559
v 3.819914 6.859080 -2.639321
v 3.799376 6.837961 -2.616023
v 3.820577 6.837677 -2.594512
v 3.842753 6.859080 -2.617592
v 2.674761 6.859080 -2.617807
v 2.697005 6.837489 -2.594306
v 2.717983 6.838179 -2.616042
v 2.697779 6.859080 -2.639336
v 3.950584 6.880589 -1.228600
v 3.930357 6.859080 -1.254200
v 3.909132 6.859080 -1.230818
v 3.929805 6.879565 -1.206723
v 2.584728 6.879360 -1.206749
v 2.609823 6.859080 -1.230249
v 2.587951 6.859080 -1.253127
v 2.564123 6.879360 -1.227355
v 3.929805 6.879565 -2.750643
v 3.909319 6.859080 -2.726637
v 3.929543 6.859080 -2.701645
v 3.950584 6.880589 -2.728766
v 2.564123 6.879360 -2.730011
v 2.587622 6.859080 -2.704917
v 2.610502 6.859080 -2.726788
v 2.584728 6.879360 -2.750617
v 3.725702 8.036615 -1.059613
v 3.748126 8.036615 -1.081879
v 2.416986 8.036615 -1.081464
v 2.438838 8.036615 -1.059613
v 3.748126 8.036615 -2.875488
v 3.725702 8.036615 -2.897754
v 2.438838 8.036615 -2.897754
v 2.416986 8.036615 -2.875902
v 3.449509 2.277768 -7.139313
v 3.449509 1.498932 -7.389439
v 1.149836 2.277768 -7.139313
v 1.149836 1.498932 -7.170221
v -1.149837 2.277768 -7.139313
v -1.149837 1.498932 -7.170221
v -3.449509 2.277768 -7.139313
v -3.449509 1.498932 -7.170221
v 2.299673 2.277768 -7.139313
v 2.299673 1.498932 -7.170221
v -0.000000 2.277768 -7.139313
v -0.000000 1.498932 -7.170221
v -2.299673 2.277768 -7.139313
v -2.299673 1.498932 -7.170221
v 2.299673 2.277768 -7.351274
v 1.149836 2.277768 -7.351274
v 2.299673 1.498932 -7.601400
v 1.149836 1.498932 -7.601400
v -0.000000 2.277768 -7.351274
v -1.149837 2.277768 -7.351274
v -0.000000 1.498932 -7.601400
v -1.149837 1.498932 -7.601400
v -3.449509 2.277768 -7.351274
v -3.449509 1.498932 -7.601400
v -2.299673 2.277768 -7.351274
v -2.299673 1.498932 -7.601400
v 3.449509 2.277768 -7.351274
v 3.449509 1.498932 -7.601400
v 1.449699 2.899980 3.190469
v 1.416440 4.148192 3.190469
v 1.297516 5.399231 3.190469
v 1.129858 6.648423 3.190469
v 0.815968 7.898355 3.190469
v 0.464324 9.149435 3.190469
v 0.000000 2.899980 3.158972
v 0.000000 4.148192 3.158972
v 0.000000 5.399231 3.158972
v 0.000000 6.648423 3.158972
v -0.000000 7.898355 3.158972
v -0.000000 9.149435 3.158972
v 0.000000 10.026326 3.191644
v 1.204196 2.049343 3.267248
v 1.196949 2.899980 3.267248
v 0.290204 2.899980 3.267248
v 0.290204 2.049343 3.267248
v 1.177210 4.148192 3.267248
v 0.290204 4.148192 3.267248
v 1.102027 5.399231 3.267248
v 0.290204 5.399231 3.267248
v 0.938675 6.648423 3.267248
v 0.290204 6.648423 3.267248
v 0.618745 7.898354 3.267248
v 0.290204 7.898354 3.267248
v 0.520791 8.249590 3.267248
v 0.281136 8.250022 3.267248
v 0.254650 8.800845 3.267247
v -1.449699 2.899980 3.190469
v -1.416440 4.148192 3.190469
v -1.297516 5.399231 3.190469
v -1.129858 6.648423 3.190469
v -0.815968 7.898355 3.190469
v -0.464324 9.149435 3.190469
v -1.204196 2.049343 3.267248
v -1.196949 2.899980 3.267248
v -0.290204 2.899980 3.267248
v -0.290204 2.049343 3.267248
v -1.177210 4.148192 3.267248
v -0.290204 4.148192 3.267248
v -1.102027 5.399231 3.267248
v -0.290204 5.399231 3.267248
v -0.938675 6.648423 3.267248
v -0.290204 6.648423 3.267248
v -0.618745 7.898354 3.267248
v -0.290204 7.898354 3.267248
v -0.520791 8.249590 3.267248
v -0.281136 8.250022 3.267248
v -0.254650 8.800845 3.267248
v 1.470979 1.708541 3.190469
v 1.459635 1.696993 3.190222
v 1.459739 1.696993 3.350472
v 1.470979 1.708541 3.350369
v 1.459533 1.708440 3.361919
v 1.449699 2.899980 3.350471
v 1.438252 2.899980 3.361919
v 1.416440 4.148192 3.350472
v 1.405008 4.147498 3.361919
v 1.297516 5.399231 3.350472
v 1.286141 5.397928 3.361919
v 1.129858 6.648423 3.350472
v 1.118599 6.646261 3.361919
v 0.815968 7.898355 3.350472
v 0.804905 7.895411 3.361919
v 0.464324 9.149435 3.350472
v 0.453603 9.145278 3.361919
v -0.000000 1.710079 3.158972
v 0.000000 1.696993 3.075122
v 0.021981 1.707839 3.351142
v 0.033426 1.696993 3.350472
v 0.034061 1.707839 3.361918
v 0.021981 2.899980 3.351142
v 0.034061 2.899980 3.361918
v 0.021981 4.148192 3.351142
v 0.034061 4.148192 3.361919
v 0.021981 5.399231 3.351142
v 0.034061 5.399231 3.361919
v 0.021981 6.648423 3.351142
v 0.034061 6.648423 3.361919
v 0.021981 7.898355 3.351142
v 0.034061 7.898355 3.361919
v 0.021467 9.149435 3.346648
v 0.026839 9.134499 3.361919
v 0.021677 10.026936 3.350642
v 0.033858 9.978827 3.361919
v 1.263481 1.950436 3.361918
v 1.249271 1.965979 3.354883
v 1.254371 2.899980 3.361918
v 1.240579 2.899980 3.353442
v 0.232029 2.899980 3.361918
v 0.245847 2.899980 3.353487
v 0.231235 1.950610 3.361918
v 0.245051 1.965835 3.355035
v 1.232575 4.148593 3.361918
v 1.218866 4.148192 3.353319
v 0.232029 4.148192 3.361918
v 0.245847 4.148192 3.353487
v 1.149569 5.400258 3.361918
v 1.136208 5.399231 3.352835
v 0.232029 5.399231 3.361918
v 0.245847 5.399231 3.353487
v 0.969305 6.650455 3.361918
v 0.956880 6.648423 3.351727
v 0.232029 6.648423 3.361918
v 0.245847 6.648423 3.353487
v 0.652546 7.898355 3.361918
v 0.639558 7.898355 3.351742
v 0.232029 7.898355 3.361918
v 0.245847 7.898355 3.353487
v 0.559772 8.253759 3.361918
v 0.547245 8.250195 3.352237
v 0.238078 8.264161 3.361918
v 0.247128 8.250022 3.348496
v 0.231380 8.935255 3.361918
v 0.242912 8.881292 3.351817
v -1.470981 1.708437 3.350472
v -1.459635 1.696993 3.350369
v -1.459533 1.708440 3.361919
v -1.449699 2.899980 3.350470
v -1.438251 2.899980 3.361919
v -1.459635 1.696993 3.190222
v -1.470979 1.708541 3.190469
v -1.416440 4.148192 3.350472
v -1.405008 4.147498 3.361919
v -1.297516 5.399231 3.350472
v -1.286141 5.397928 3.361919
v -1.129858 6.648423 3.350472
v -1.118599 6.646261 3.361919
v -0.815968 7.898355 3.350472
v -0.804905 7.895411 3.361919
v -0.464324 9.149435 3.350472
v -0.453603 9.145278 3.361919
v -0.033426 1.696993 3.350472
v -0.021913 1.708440 3.350546
v -0.034660 1.708440 3.361918
v -0.021652 10.026935 3.350459
v -0.034031 9.978043 3.361919
v -0.021981 2.899980 3.351142
v -0.034061 2.899980 3.361918
v -0.021981 4.148192 3.351142
v -0.034061 4.148192 3.361919
v -0.021981 5.399231 3.351142
v -0.034061 5.399231 3.361919
v -0.021981 6.648423 3.351142
v -0.034061 6.648423 3.361919
v -0.021981 7.898355 3.351142
v -0.034061 7.898355 3.361919
v -0.021467 9.149435 3.346648
v -0.026839 9.134499 3.361919
v -1.263269 1.950613 3.361918
v -1.249343 1.965846 3.355024
v -1.254372 2.899980 3.361918
v -1.240579 2.899980 3.353441
v -0.232029 2.899980 3.361918
v -0.245847 2.899980 3.353487
v -0.231030 1.950436 3.361918
v -0.245122 1.965966 3.354896
v -1.232579 4.148593 3.361918
v -1.218864 4.148192 3.353315
v -0.232029 4.148192 3.361918
v -0.245847 4.148192 3.353487
v -1.149583 5.400259 3.361918
v -1.136203 5.399231 3.352822
v -0.232029 5.399231 3.361918
v -0.245847 5.399231 3.353487
v -0.969327 6.650459 3.361918
v -0.956880 6.648423 3.351727
v -0.232029 6.648423 3.361918
v -0.245847 6.648423 3.353487
v -0.652557 7.898355 3.361918
v -0.639556 7.898355 3.351731
v -0.232029 7.898355 3.361918
v -0.245847 7.898355 3.353487
v -0.559861 8.253792 3.361918
v -0.547245 8.250195 3.352237
v -0.238078 8.264161 3.361918
v -0.247128 8.250022 3.348496
v -0.230616 8.938599 3.361918
v -0.242912 8.881292 3.351817
v -4.709982 1.467260 4.142786
v -4.687541 1.467260 4.164367
v -4.128415 3.218210 3.848126
v -4.147323 3.193091 3.880150
v -4.126109 3.191478 3.901727
v -4.112281 3.215371 3.883036
v -2.699414 3.215444 3.882867
v -2.690637 3.191304 3.901753
v -2.669485 3.192884 3.880501
v -2.685010 3.219942 3.840722
v -2.367626 1.467260 4.142552
v -2.389519 1.467260 4.164367
v -2.684582 3.219556 2.418515
v -2.669416 3.192491 2.414145
v -2.691144 3.192892 2.392564
v -2.715729 3.222962 2.399847
v -4.090535 3.223005 2.399868
v -4.124781 3.192742 2.392564
v -4.147261 3.193281 2.413893
v -4.128735 3.217984 2.417254
v -4.709982 1.467260 2.413839
v -4.687000 1.467260 2.391988
v -2.367626 1.467260 2.413839
v -2.389809 1.467260 2.391988
v -3.948644 3.358243 3.564786
v -3.965845 3.332885 3.583711
v -3.941905 3.335662 3.605321
v -3.927286 3.359032 3.585744
v -2.843317 3.358991 3.585753
v -2.832378 3.335685 3.605270
v -2.808165 3.330970 3.584208
v -2.822269 3.358612 3.564416
v -3.926767 3.358091 2.460773
v -3.941781 3.328404 2.452511
v -3.965923 3.332829 2.474604
v -3.948613 3.358385 2.482008
v -2.822284 3.358805 2.482181
v -2.808585 3.331348 2.474119
v -2.832294 3.328258 2.452438
v -2.843773 3.358068 2.460771
v -3.822506 4.043964 3.439158
v -3.803092 4.019906 3.419768
v -3.781271 4.019946 3.441582
v -3.800587 4.043964 3.461027
v -2.871552 4.043964 3.460794
v -2.893845 4.020354 3.441493
v -2.872653 4.022097 3.418670
v -2.850905 4.043964 3.437247
v -3.798703 4.043964 2.489446
v -3.779827 4.021686 2.511166
v -3.803034 4.020167 2.532526
v -3.822269 4.043964 2.510070
v -2.851150 4.043964 2.511963
v -2.872646 4.021996 2.533284
v -2.894529 4.022223 2.511206
v -2.873420 4.043964 2.489693
v -3.896160 4.064784 3.513859
v -3.873562 4.043964 3.489864
v -3.850545 4.043964 3.511722
v -3.875314 4.064784 3.534705
v -2.796798 4.064784 3.534705
v -2.820794 4.043964 3.512106
v -2.798935 4.043964 3.489089
v -2.775953 4.064784 3.513859
v -3.875314 4.064784 2.414497
v -3.851319 4.043964 2.437095
v -3.873178 4.043964 2.460112
v -3.896160 4.064784 2.435343
v -2.775953 4.064784 2.435343
v -2.798551 4.043964 2.459337
v -2.821568 4.043964 2.437479
v -2.796798 4.064784 2.414497
v -3.997143 6.283494 3.613413
v -3.974491 6.262068 3.591583
v -3.953261 6.262284 3.613044
v -3.974868 6.283494 3.635688
v -2.697245 6.283494 3.635688
v -2.719075 6.262068 3.613036
v -2.697614 6.262284 3.591806
v -2.674970 6.283494 3.613413
v -3.974868 6.283494 2.313513
v -3.953038 6.262068 2.336165
v -3.974499 6.262284 2.357395
v -3.997143 6.283494 2.335788
v -2.674970 6.283494 2.335788
v -2.697622 6.262068 2.357618
v -2.718852 6.262284 2.336158
v -2.697245 6.283494 2.313513
v -4.107257 6.304018 3.725114
v -4.084126 6.283494 3.700455
v -4.061193 6.283494 3.722322
v -4.086568 6.304018 3.745803
v -2.585545 6.304018 3.745803
v -2.610204 6.283494 3.722672
v -2.588336 6.283494 3.699739
v -2.564855 6.304018 3.725114
v -4.086568 6.304018 2.203400
v -4.061909 6.283494 2.226531
v -4.083776 6.283494 2.249465
v -4.107257 6.304018 2.224089
v -2.564855 6.304018 2.224089
v -2.587986 6.283494 2.248748
v -2.610920 6.283494 2.226881
v -2.585545 6.304018 2.203400
v -4.233275 7.948018 3.893672
v -4.255127 7.948018 3.871821
v -2.416986 7.948018 3.871821
v -2.438838 7.948018 3.893672
v -4.255127 7.948018 2.077382
v -4.233275 7.948018 2.055531
v -2.438838 7.948018 2.055531
v -2.416986 7.948018 2.077382
v 4.709982 1.467260 4.142786
v 4.687541 1.467260 4.164367
v 4.128415 3.218210 3.848126
v 4.147323 3.193091 3.880150
v 4.126109 3.191478 3.901727
v 4.112281 3.215371 3.883036
v 2.699414 3.215444 3.882867
v 2.690637 3.191304 3.901753
v 2.669485 3.192884 3.880501
v 2.685010 3.219942 3.840722
v 2.367626 1.467260 4.142552
v 2.389519 1.467260 4.164367
v 2.684582 3.219556 2.418515
v 2.669416 3.192491 2.414145
v 2.691144 3.192892 2.392564
v 2.715729 3.222962 2.399847
v 4.090535 3.223005 2.399868
v 4.124781 3.192742 2.392564
v 4.147261 3.193281 2.413893
v 4.128735 3.217984 2.417254
v 4.709982 1.467260 2.413839
v 4.687000 1.467260 2.391988
v 2.367626 1.467260 2.413839
v 2.389809 1.467260 2.391988
v 3.948644 3.358243 3.564786
v 3.965845 3.332885 3.583711
v 3.941905 3.335662 3.605321
v 3.927286 3.359032 3.585744
v 2.843317 3.358991 3.585753
v 2.832378 3.335685 3.605270
v 2.808165 3.330970 3.584208
v 2.822269 3.358612 3.564416
v 3.926767 3.358091 2.460773
v 3.941781 3.328404 2.452511
v 3.965923 3.332829 2.474604
v 3.948613 3.358385 2.482008
v 2.822284 3.358805 2.482181
v 2.808585 3.331348 2.474119
v 2.832294 3.328258 2.452438
v 2.843773 3.358068 2.460771
v 3.822506 4.043964 3.439158
v 3.803092 4.019906 3.419768
v 3.781271 4.019946 3.441582
v 3.800587 4.043964 3.461027
v 2.871552 4.043964 3.460794
v 2.893845 4.020354 3.441493
v 2.872653 4.022097 3.418670
v 2.850905 4.043964 3.437247
v 3.798703 4.043964 2.489446
v 3.779827 4.021686 2.511166
v 3.803034 4.020167 2.532526
v 3.822269 4.043964 2.510070
v 2.851150 4.043964 2.511963
v 2.872646 4.021996 2.533284
v 2.894529 4.022223 2.511206
v 2.873420 4.043964 2.489693
v 3.896160 4.064784 3.513859
v 3.873562 4.043964 3.489864
v 3.850545 4.043964 3.511722
v 3.875314 4.064784 3.534705
v 2.796798 4.064784 3.534705
v 2.820794 4.043964 3.512106
v 2.798935 4.043964 3.489089
v 2.775953 4.064784 3.513859
v 3.875314 4.064784 2.414497
v 3.851319 4.043964 2.437095
v 3.873178 4.043964 2.460112
v 3.896160 4.064784 2.435343
v 2.775953 4.064784 2.435343
v 2.798551 4.043964 2.459337
v 2.821568 4.043964 2.437479
v 2.796798 4.064784 2.414497
v 3.997143 6.283494 3.613413
v 3.974491 6.262068 3.591583
v 3.953261 6.262284 3.613044
v 3.974868 6.283494 3.635688
v 2.697245 6.283494 3.635688
v 2.719075 6.262068 3.613036
v 2.697614 6.262284 3.591806
v 2.674970 6.283494 3.613413
v 3.974868 6.283494 2.313513
v 3.953038 6.262068 2.336165
v 3.974499 6.262284 2.357395
v 3.997143 6.283494 2.335788
v 2.674970 6.283494 2.335788
v 2.697622 6.262068 2.357618
v 2.718852 6.262284 2.336158
v 2.697245 6.283494 2.313513
v 4.107257 6.304018 3.725114
v 4.084126 6.283494 3.700455
v 4.061193 6.283494 3.722322
v 4.086568 6.304018 3.745803
v 2.585545 6.304018 3.745803
v 2.610204 6.283494 3.722672
v 2.588336 6.283494 3.699739
v 2.564855 6.304018 3.725114
v 4.086568 6.304018 2.203400
v 4.061909 6.283494 2.226531
v 4.083776 6.283494 2.249465
v 4.107257 6.304018 2.224089
v 2.564855 6.304018 2.224089
v 2.587986 6.283494 2.248748
v 2.610920 6.283494 2.226881
v 2.585545 6.304018 2.203400
v 4.233275 7.948018 3.893672
v 4.255127 7.948018 3.871821
v 2.416986 7.948018 3.871821
v 2.438838 7.948018 3.893672
v 4.255127 7.948018 2.077382
v 4.233275 7.948018 2.055531
v 2.438838 7.948018 2.055531
v 2.416986 7.948018 2.077382
v 3.580042 2.277768 3.004400
v 3.830168 1.498932 3.004400
v 3.580042 2.277768 -0.220392
v 3.610950 1.498932 -0.220392
v 3.580042 2.277768 -3.445185
v 3.610950 1.498932 -3.445185
v 3.580042 2.277768 -6.669976
v 3.610950 1.498932 -6.669976
v 3.580042 2.277768 1.392004
v 3.610950 1.498932 1.392004
v 3.580042 2.277768 -1.832788
v 3.610950 1.498932 -1.832788
v 3.580042 2.277768 -5.057581
v 3.610950 1.498932 -5.057581
v 3.792003 2.277768 1.392004
v 3.792003 2.277768 -0.220392
v 4.042130 1.498932 1.392004
v 4.042130 1.498932 -0.220392
v 3.792003 2.277768 -1.832788
v 3.792003 2.277768 -3.445185
v 4.042130 1.498932 -1.832788
v 4.042130 1.498932 -3.445185
v 3.792003 2.277768 -6.669976
v 4.042130 1.498932 -6.669976
v 3.792003 2.277768 -5.057581
v 4.042130 1.498932 -5.057581
v 3.792003 2.277768 3.004400
v 4.042130 1.498932 3.004400
v -2.755431 1.467260 -8.666140
v -2.777285 1.467260 -8.689118
v -2.761400 3.223152 -7.971481
v -2.754040 3.192631 -8.105768
v -2.775191 3.191964 -8.128794
v -2.774403 3.212197 -8.105479
v -4.116176 3.212189 -8.105516
v -4.126392 3.191812 -8.128843
v -4.147414 3.192811 -8.107286
v -4.126882 3.215510 -8.052142
v -4.709982 1.467260 -8.667271
v -4.688127 1.467260 -8.689118
v -2.783416 3.222810 -6.399771
v -2.775724 3.192637 -6.392564
v -2.754040 3.192757 -6.414080
v -2.761230 3.222812 -6.421959
v -2.755431 1.467260 -6.413841
v -2.777282 1.467260 -6.391989
v -4.125898 3.215963 -6.414840
v -4.147451 3.192697 -6.413954
v -4.125030 3.192963 -6.392564
v -4.068532 3.223137 -6.399934
v -4.709982 1.467260 -6.413840
v -4.687000 1.467260 -6.391989
v -2.821923 3.357764 -7.467680
v -2.813292 3.327050 -7.487579
v -2.838305 3.338626 -7.508320
v -2.843423 3.361499 -7.488522
v -3.825333 3.361178 -7.488540
v -3.842475 3.338609 -7.508399
v -3.866802 3.335336 -7.485472
v -3.847227 3.358886 -7.467498
v -3.847270 3.358706 -6.481460
v -3.867379 3.335070 -6.474196
v -3.841287 3.328251 -6.452435
v -3.825271 3.358207 -6.460492
v -2.843544 3.358155 -6.460489
v -2.835941 3.328393 -6.452506
v -2.813922 3.328312 -6.474570
v -2.821945 3.358155 -6.482087
v -2.851376 4.271171 -7.437011
v -2.873058 4.249272 -7.415630
v -2.894815 4.249498 -7.437588
v -2.873647 4.271171 -7.459283
v -3.626149 4.271171 -7.460541
v -3.615104 4.249079 -7.437612
v -3.638538 4.246089 -7.415270
v -3.655116 4.271171 -7.450127
v -3.655116 4.271171 -6.499075
v -3.638357 4.246856 -6.533288
v -3.615551 4.249642 -6.511622
v -3.626149 4.271171 -6.488661
v -2.873647 4.271171 -6.489919
v -2.895028 4.249272 -6.511601
v -2.873071 4.249498 -6.533359
v -2.851376 4.271171 -6.512191
v -2.775939 4.291987 -7.513875
v -2.798544 4.271171 -7.489872
v -2.821560 4.271171 -7.511730
v -2.796783 4.291987 -7.534718
v -3.660042 4.292015 -7.534719
v -3.652799 4.271171 -7.512052
v -3.658449 4.271171 -7.452178
v -3.680899 4.292217 -7.513662
v -3.680899 4.292217 -6.435541
v -3.658911 4.271171 -6.495377
v -3.652353 4.271171 -6.437493
v -3.660042 4.292015 -6.414484
v -2.796783 4.291987 -6.414485
v -2.820787 4.271171 -6.437089
v -2.798928 4.271171 -6.460104
v -2.775939 4.291987 -6.435328
v -2.674977 6.471017 -7.613407
v -2.697636 6.449595 -7.591572
v -2.718862 6.449811 -7.613030
v -2.697252 6.471017 -7.635682
v -3.632449 6.471017 -7.635759
v -3.611864 6.449584 -7.613022
v -3.633319 6.449490 -7.591472
v -3.655288 6.471017 -7.614049
v -3.655288 6.471017 -6.335154
v -3.633323 6.449267 -6.357962
v -3.612075 6.449800 -6.336173
v -3.632449 6.471017 -6.313444
v -2.697252 6.471017 -6.313521
v -2.719086 6.449595 -6.336180
v -2.697628 6.449811 -6.357407
v -2.674977 6.471017 -6.335796
v -2.564629 6.491470 -7.725368
v -2.587873 6.471017 -7.700573
v -2.610789 6.471017 -7.722442
v -2.585290 6.491470 -7.746030
v -3.742985 6.491509 -7.746034
v -3.719404 6.471017 -7.722682
v -3.740734 6.471017 -7.699105
v -3.763600 6.491858 -7.725114
v -3.763600 6.491858 -6.224089
v -3.741176 6.471017 -6.249207
v -3.718806 6.471017 -6.226812
v -3.742985 6.491509 -6.203169
v -2.585290 6.491470 -6.203173
v -2.610085 6.471017 -6.226417
v -2.588216 6.471017 -6.249333
v -2.564629 6.491470 -6.223835
v -2.438838 7.948018 -7.893672
v -2.416986 7.948018 -7.871820
v -3.805526 7.948018 -7.871740
v -3.783697 7.948018 -7.893672
v -3.783697 7.948018 -6.055531
v -3.805526 7.948018 -6.077463
v -2.416986 7.948018 -6.077383
v -2.438838 7.948018 -6.055531
v 2.755431 1.467260 -8.666140
v 2.777285 1.467260 -8.689118
v 2.761400 3.223152 -7.971481
v 2.754040 3.192631 -8.105768
v 2.775191 3.191964 -8.128794
v 2.774403 3.212197 -8.105479
v 4.116176 3.212189 -8.105516
v 4.126392 3.191812 -8.128843
v 4.147414 3.192811 -8.107286
v 4.126882 3.215510 -8.052142
v 4.709982 1.467260 -8.667271
v 4.688127 1.467260 -8.689118
v 2.783416 3.222810 -6.399771
v 2.775724 3.192637 -6.392564
v 2.754040 3.192757 -6.414080
v 2.761230 3.222812 -6.421959
v 2.755431 1.467260 -6.413841
v 2.777282 1.467260 -6.391989
v 4.125898 3.215963 -6.414840
v 4.147451 3.192697 -6.413954
v 4.125030 3.192963 -6.392564
v 4.068532 3.223137 -6.399934
v 4.709982 1.467260 -6.413840
v 4.687000 1.467260 -6.391989
v 2.821923 3.357764 -7.467680
v 2.813292 3.327050 -7.487579
v 2.838305 3.338626 -7.508320
v 2.843423 3.361499 -7.488522
v 3.825333 3.361178 -7.488540
v 3.842475 3.338609 -7.508399
v 3.866802 3.335336 -7.485472
v 3.847227 3.358886 -7.467498
v 3.847270 3.358706 -6.481460
v 3.867379 3.335070 -6.474196
v 3.841287 3.328251 -6.452435
v 3.825271 3.358207 -6.460492
v 2.843544 3.358155 -6.460489
v 2.835941 3.328393 -6.452506
v 2.813922 3.328312 -6.474570
v 2.821945 3.358155 -6.482087
v 2.851376 4.271171 -7.437011
v 2.873058 4.249272 -7.415630
v 2.894815 4.249498 -7.437588
v 2.873647 4.271171 -7.459283
v 3.626149 4.271171 -7.460541
v 3.615104 4.249079 -7.437612
v 3.638538 4.246089 -7.415270
v 3.655116 4.271171 -7.450127
v 3.655116 4.271171 -6.499075
v 3.638357 4.246856 -6.533288
v 3.615551 4.249642 -6.511622
v 3.626149 4.271171 -6.488661
v 2.873647 4.271171 -6.489919
v 2.895028 4.249272 -6.511601
v 2.873071 4.249498 -6.533359
v 2.851376 4.271171 -6.512191
v 2.775939 4.291987 -7.513875
v 2.798544 4.271171 -7.489872
v 2.821560 4.271171 -7.511730
v 2.796783 4.291987 -7.534718
v 3.660042 4.292015 -7.534719
v 3.652799 4.271171 -7.512052
v 3.658449 4.271171 -7.452178
v 3.680899 4.292217 -7.513662
v 3.680899 4.292217 -6.435541
v 3.658911 4.271171 -6.495377
v 3.652353 4.271171 -6.437493
v 3.660042 4.292015 -6.414484
v 2.796783 4.291987 -6.414485
v 2.820787 4.271171 -6.437089
v 2.798928 4.271171 -6.460104
v 2.775939 4.291987 -6.435328
v 2.674977 6.471017 -7.613407
v 2.697636 6.449595 -7.591572
v 2.718862 6.449811 -7.613030
v 2.697252 6.471017 -7.635682
v 3.632449 6.471017 -7.635759
v 3.611864 6.449584 -7.613022
v 3.633319 6.449490 -7.591472
v 3.655288 6.471017 -7.614049
v 3.655288 6.471017 -6.335154
v 3.633323 6.449267 -6.357962
v 3.612075 6.449800 -6.336173
v 3.632449 6.471017 -6.313444
v 2.697252 6.471017 -6.313521
v 2.719086 6.449595 -6.336180
v 2.697628 6.449811 -6.357407
v 2.674977 6.471017 -6.335796
v 2.564629 6.491470 -7.725368
v 2.587873 6.471017 -7.700573
v 2.610789 6.471017 -7.722442
v 2.585290 6.491470 -7.746030
v 3.742985 6.491509 -7.746034
v 3.719404 6.471017 -7.722682
v 3.740734 6.471017 -7.699105
v 3.763600 6.491858 -7.725114
v 3.763600 6.491858 -6.224089
v 3.741176 6.471017 -6.249207
v 3.718806 6.471017 -6.226812
v 3.742985 6.491509 -6.203169
v 2.585290 6.491470 -6.203173
v 2.610085 6.471017 -6.226417
v 2.588216 6.471017 -6.249333
v 2.564629 6.491470 -6.223835
v 2.438838 7.948018 -7.893672
v 2.416986 7.948018 -7.871820
v 3.805526 7.948018 -7.871740
v 3.783697 7.948018 -7.893672
v 3.783697 7.948018 -6.055531
v 3.805526 7.948018 -6.077463
v 2.416986 7.948018 -6.077383
v 2.438838 7.948018 -6.055531
v 3.366390 1.479910 -7.219963
v 0.230122 1.479910 -7.219963
v -0.230123 1.479910 -7.219963
v -3.366390 1.479910 -7.219963
v 3.366390 6.531616 -7.219961
v 0.340349 6.558782 -7.219961
v -0.340349 6.558782 -7.219961
v -3.366390 6.531616 -7.219961
v 2.514901 7.441477 -7.219962
v 0.885398 7.441477 -7.219962
v -0.885398 7.441477 -7.219962
v -2.514901 7.441477 -7.219962
v 0.180845 11.892514 -7.219961
v 0.060281 12.159540 -7.219961
v -0.060281 12.159540 -7.219961
v -0.180845 11.892514 -7.219961
v 1.444938 9.298206 -7.219961
v 0.481646 8.317736 -7.219961
v -0.481646 8.317736 -7.219961
v -1.444938 9.298206 -7.219961
v 2.469445 7.935816 -7.219962
v 0.790366 7.935379 -7.219962
v -0.790366 7.935379 -7.219962
v -2.469445 7.935816 -7.219962
v 2.885359 7.045623 -7.219961
v 0.825975 7.076078 -7.219961
v -0.825975 7.076078 -7.219961
v -2.885359 7.045623 -7.219961
v 3.366390 5.522021 -7.219962
v 0.234710 5.543758 -7.219961
v -0.234710 5.543758 -7.219961
v -3.366390 5.522021 -7.219962
v 3.366390 2.648271 -7.219963
v 0.231448 2.654553 -7.219963
v -0.231448 2.654553 -7.219963
v -3.366390 2.648271 -7.219963
v 3.366390 4.077425 -7.219962
v 0.233070 4.091393 -7.219962
v -0.233070 4.091393 -7.219962
v -3.366390 4.077425 -7.219962
v -3.580042 2.277768 3.004400
v -3.830169 1.498932 3.004400
v -3.580042 2.277768 -0.220392
v -3.610951 1.498932 -0.220392
v -3.580042 2.277768 -3.445185
v -3.610951 1.498932 -3.445185
v -3.580042 2.277768 -6.669976
v -3.610951 1.498932 -6.669976
v -3.580042 2.277768 1.392004
v -3.610951 1.498932 1.392004
v -3.580042 2.277768 -1.832788
v -3.610951 1.498932 -1.832788
v -3.580042 2.277768 -5.057581
v -3.610951 1.498932 -5.057581
v -3.792004 2.277768 1.392004
v -3.792004 2.277768 -0.220392
v -4.042130 1.498932 1.392004
v -4.042130 1.498932 -0.220392
v -3.792004 2.277768 -1.832788
v -3.792004 2.277768 -3.445185
v -4.042130 1.498932 -1.832788
v -4.042130 1.498932 -3.445185
v -3.792004 2.277768 -6.669976
v -4.042130 1.498932 -6.669976
v -3.792004 2.277768 -5.057581
v -4.042130 1.498932 -5.057581
v -3.792004 2.277768 3.004400
v -4.042130 1.498932 3.004400
v 3.196125 8.062987 3.004398
v 3.382742 5.880506 3.004401
v 3.569357 3.698025 3.004400
v 3.755973 1.515547 3.004400
v 3.196125 8.062988 -0.220392
v 3.382742 5.880506 -0.013593
v 3.569357 3.698025 -0.301726
v 3.755973 1.515546 -0.342669
v 3.196125 8.062988 -3.818748
v 3.382742 5.880506 -4.065110
v 3.569357 3.698025 -3.818752
v 3.755973 1.515546 -3.818748
v 3.196125 8.062988 -6.669976
v 3.382742 5.880506 -6.669976
v 3.569357 3.698025 -6.669976
v 3.755973 1.515546 -6.669976
v 3.476743 4.781128 3.004400
v 3.476743 4.781128 -0.210850
v 3.476743 4.781128 -3.818748
v 3.476743 4.781128 -6.669976
v 3.196125 8.062987 1.026790
v 3.382742 5.880506 0.869246
v 3.476743 4.781128 1.045783
v 3.569357 3.698025 1.128506
v 3.755973 1.515547 1.133026
v 3.635729 2.921808 3.004400
v 3.635729 2.921808 1.144427
v 3.635729 2.921808 -0.348307
v 3.635729 2.921808 -3.818753
v 3.635729 2.921808 -6.669976
v 3.329001 6.508984 3.004400
v 3.329001 6.508984 0.414053
v 3.329001 6.508984 -4.532921
v 3.329001 6.508984 -6.669976
v 3.196125 8.062988 -5.247094
v 3.382742 5.880506 -5.000732
v 3.476743 4.781128 -5.247094
v 3.569357 3.698025 -5.247094
v 3.635729 2.921808 -5.247100
v 3.755973 1.515546 -5.247094
v -3.196125 8.062988 3.004398
v -3.382741 5.880506 3.004401
v -3.569357 3.698025 3.004400
v -3.755974 1.515547 3.004400
v -3.196125 8.062988 -0.220392
v -3.382741 5.880506 -0.013593
v -3.569357 3.698025 -0.301726
v -3.755974 1.515546 -0.342669
v -3.196125 8.062988 -3.818748
v -3.382741 5.880506 -4.065110
v -3.569357 3.698025 -3.818752
v -3.755974 1.515546 -3.818748
v -3.196125 8.062988 -6.669976
v -3.382741 5.880506 -6.669976
v -3.569357 3.698025 -6.669976
v -3.755974 1.515546 -6.669976
v -3.476743 4.781128 3.004400
v -3.476743 4.781128 -0.210850
v -3.476743 4.781128 -3.818748
v -3.476743 4.781128 -6.669976
v -3.196125 8.062988 1.026790
v -3.382741 5.880506 0.869246
v -3.476743 4.781128 1.045783
v -3.569357 3.698025 1.128506
v -3.755974 1.515547 1.133026
v -3.635729 2.921808 3.004400
v -3.635729 2.921808 1.144427
v -3.635729 2.921808 -0.348307
v -3.635729 2.921808 -3.818753
v -3.635729 2.921808 -6.669976
v -3.329001 6.508984 3.004400
v -3.329001 6.508984 0.414053
v -3.329001 6.508984 -4.532921
v -3.329001 6.508984 -6.669976
v -3.196125 8.062988 -5.247094
v -3.382741 5.880506 -5.000732
v -3.476743 4.781128 -5.247094
v -3.569357 3.698025 -5.247094
v -3.635729 2.921808 -5.247100
v -3.755974 1.515546 -5.247094
vt 0.285086 0.315698
vt 0.285849 0.316434
vt 0.276479 0.332096
vt 0.275438 0.331826
vt 0.301793 0.306381
vt 0.302071 0.307387
vt 0.321093 0.306378
vt 0.320812 0.307384
vt 0.337809 0.315690
vt 0.337042 0.316425
vt 0.347455 0.331818
vt 0.346414 0.332086
vt 0.347461 0.350439
vt 0.346420 0.350171
vt 0.337815 0.366575
vt 0.337052 0.365836
vt 0.321100 0.375889
vt 0.320821 0.374882
vt 0.301804 0.375889
vt 0.302086 0.374884
vt 0.285093 0.366583
vt 0.285858 0.365846
vt 0.275439 0.350451
vt 0.276483 0.350183
vt 0.707478 0.888069
vt 0.726746 0.898876
vt 0.722179 0.903345
vt 0.705808 0.894144
vt 0.737894 0.917478
vt 0.731633 0.919181
vt 0.737898 0.939059
vt 0.731599 0.937478
vt 0.726685 0.957731
vt 0.722070 0.953296
vt 0.707354 0.968432
vt 0.705629 0.962381
vt 0.685090 0.968450
vt 0.686692 0.962364
vt 0.665722 0.957662
vt 0.670288 0.953187
vt 0.654573 0.938954
vt 0.660860 0.937314
vt 0.654637 0.917445
vt 0.660930 0.919029
vt 0.665753 0.898828
vt 0.670412 0.903209
vt 0.685118 0.888034
vt 0.686849 0.894089
vt 0.498505 0.551415
vt 0.514287 0.551415
vt 0.506395 0.579837
vt 0.527954 0.559031
vt 0.535845 0.572221
vt 0.535845 0.587453
vt 0.527953 0.600646
vt 0.514286 0.608259
vt 0.498504 0.608259
vt 0.484836 0.600645
vt 0.476946 0.587452
vt 0.476946 0.572222
vt 0.484837 0.559030
vt 0.303081 0.311021
vt 0.303249 0.311624
vt 0.289060 0.319536
vt 0.288604 0.319094
vt 0.319804 0.311016
vt 0.319637 0.311620
vt 0.280869 0.333232
vt 0.280245 0.333071
vt 0.334287 0.319084
vt 0.333829 0.319524
vt 0.342648 0.333060
vt 0.342025 0.333220
vt 0.342655 0.349198
vt 0.342031 0.349036
vt 0.334296 0.363176
vt 0.333838 0.362736
vt 0.319816 0.371248
vt 0.319650 0.370647
vt 0.303096 0.371251
vt 0.303263 0.370648
vt 0.288612 0.363186
vt 0.289070 0.362744
vt 0.280248 0.349211
vt 0.280872 0.349050
vt 0.900346 0.901685
vt 0.918612 0.891561
vt 0.921624 0.901742
vt 0.908224 0.909064
vt 0.939645 0.891547
vt 0.937028 0.901829
vt 0.957932 0.901728
vt 0.950308 0.909347
vt 0.968466 0.919379
vt 0.957906 0.922274
vt 0.968416 0.939707
vt 0.957774 0.937136
vt 0.957912 0.957294
vt 0.949999 0.949967
vt 0.939637 0.967491
vt 0.936609 0.957309
vt 0.918528 0.967472
vt 0.921211 0.957196
vt 0.900311 0.957266
vt 0.907942 0.949658
vt 0.889782 0.939691
vt 0.900317 0.936740
vt 0.889775 0.919318
vt 0.900422 0.921879
vt 0.976083 0.213849
vt 0.975772 0.230360
vt 0.954517 0.230357
vt 0.954519 0.213847
vt 0.975384 0.246870
vt 0.954514 0.246868
vt 0.974248 0.263381
vt 0.954512 0.263378
vt 0.971420 0.279892
vt 0.954509 0.279891
vt 0.966847 0.296402
vt 0.954507 0.296401
vt 0.961559 0.305146
vt 0.954505 0.305144
vt 0.976017 0.200762
vt 0.954521 0.200759
vt 0.954504 0.311403
vt 0.932955 0.213843
vt 0.933024 0.200757
vt 0.933260 0.230354
vt 0.933644 0.246864
vt 0.934775 0.263377
vt 0.937598 0.279887
vt 0.942166 0.296400
vt 0.947451 0.305142
vt 0.902428 0.427637
vt 0.901105 0.428986
vt 0.879185 0.428893
vt 0.879188 0.427462
vt 0.903062 0.442178
vt 0.901470 0.442217
vt 0.902820 0.459225
vt 0.901222 0.459319
vt 0.902462 0.476326
vt 0.900872 0.476272
vt 0.901326 0.493458
vt 0.899748 0.493291
vt 0.898418 0.510584
vt 0.896877 0.510238
vt 0.893643 0.527719
vt 0.892201 0.527097
vt 0.887996 0.536968
vt 0.886803 0.536002
vt 0.879701 0.544171
vt 0.879678 0.542358
vt 0.871231 0.537217
vt 0.872401 0.536233
vt 0.857346 0.428991
vt 0.855964 0.427589
vt 0.857002 0.442241
vt 0.855412 0.442206
vt 0.857298 0.459384
vt 0.855700 0.459289
vt 0.857716 0.476379
vt 0.856125 0.476435
vt 0.858928 0.493420
vt 0.857348 0.493601
vt 0.861985 0.510430
vt 0.860449 0.510800
vt 0.866877 0.527380
vt 0.865449 0.528019
vt 0.933937 0.314575
vt 0.933937 0.301416
vt 0.942963 0.301416
vt 0.942963 0.314575
vt 0.933937 0.331349
vt 0.942963 0.331349
vt 0.933937 0.348028
vt 0.942963 0.348028
vt 0.933937 0.364776
vt 0.942963 0.364776
vt 0.933937 0.381694
vt 0.942963 0.381694
vt 0.933937 0.398965
vt 0.942963 0.398965
vt 0.933937 0.409174
vt 0.942963 0.409174
vt 0.718607 0.149963
vt 0.718607 0.169683
vt 0.709857 0.169683
vt 0.709857 0.149963
vt 0.063984 0.435040
vt 0.054957 0.435040
vt 0.054957 0.421882
vt 0.063984 0.421882
vt 0.063984 0.451811
vt 0.054957 0.451811
vt 0.063984 0.468489
vt 0.054957 0.468489
vt 0.063984 0.485235
vt 0.054957 0.485235
vt 0.063984 0.502150
vt 0.054957 0.502150
vt 0.063984 0.519419
vt 0.054957 0.519419
vt 0.063984 0.529626
vt 0.054957 0.529626
vt 0.718607 0.189399
vt 0.709857 0.189399
vt 0.942963 0.418461
vt 0.933937 0.418461
vt 0.054957 0.538911
vt 0.063984 0.538911
vt 0.913489 0.428214
vt 0.912476 0.428261
vt 0.912410 0.426050
vt 0.913231 0.425155
vt 0.913518 0.441891
vt 0.912513 0.441890
vt 0.912678 0.459153
vt 0.911672 0.459110
vt 0.911329 0.476303
vt 0.910326 0.476225
vt 0.909224 0.493417
vt 0.908226 0.493290
vt 0.905836 0.510517
vt 0.904858 0.510294
vt 0.899352 0.527590
vt 0.898434 0.527208
vt 0.890301 0.540820
vt 0.889525 0.540224
vt 0.879766 0.548833
vt 0.879751 0.547723
vt 0.869004 0.541107
vt 0.869769 0.540497
vt 0.901491 0.425291
vt 0.901757 0.426207
vt 0.879191 0.426060
vt 0.879192 0.425150
vt 0.856681 0.426218
vt 0.856979 0.425300
vt 0.844987 0.428225
vt 0.845998 0.428274
vt 0.845967 0.441912
vt 0.844959 0.441913
vt 0.845247 0.425167
vt 0.846066 0.426062
vt 0.846846 0.459170
vt 0.845841 0.459213
vt 0.848257 0.476340
vt 0.847254 0.476420
vt 0.850443 0.493478
vt 0.849446 0.493612
vt 0.854005 0.510589
vt 0.853031 0.510825
vt 0.860657 0.527565
vt 0.859747 0.527962
vt 0.366363 0.724518
vt 0.366363 0.737972
vt 0.361798 0.737972
vt 0.361798 0.724518
vt 0.366363 0.754964
vt 0.361798 0.754964
vt 0.366363 0.771982
vt 0.361798 0.771982
vt 0.366363 0.789069
vt 0.361798 0.789069
vt 0.366363 0.806341
vt 0.361798 0.806341
vt 0.366363 0.824386
vt 0.361798 0.824386
vt 0.366363 0.839971
vt 0.361798 0.839971
vt 0.366363 0.852614
vt 0.361798 0.852614
vt 0.807994 0.064922
vt 0.807994 0.054233
vt 0.812320 0.054233
vt 0.812320 0.064922
vt 0.366363 0.721658
vt 0.361798 0.721658
vt 0.812320 0.084966
vt 0.807994 0.084966
vt 0.995436 0.567869
vt 1.000000 0.567869
vt 1.000000 0.581324
vt 0.995436 0.581324
vt 1.000000 0.598317
vt 0.995436 0.598317
vt 1.000000 0.615334
vt 0.995436 0.615334
vt 1.000000 0.632423
vt 0.995436 0.632423
vt 1.000000 0.649696
vt 0.995436 0.649696
vt 1.000000 0.667741
vt 0.995436 0.667741
vt 1.000000 0.683327
vt 0.995436 0.683327
vt 1.000000 0.695969
vt 0.995436 0.695969
vt 0.807994 0.105008
vt 0.812320 0.105008
vt 0.812320 0.115696
vt 0.807994 0.115696
vt 0.995436 0.565009
vt 1.000000 0.565009
vt 0.769394 0.555344
vt 0.790965 0.555344
vt 0.790965 0.571851
vt 0.769710 0.571851
vt 0.790965 0.588359
vt 0.770100 0.588359
vt 0.790971 0.604878
vt 0.771226 0.604878
vt 0.790971 0.621386
vt 0.774060 0.621386
vt 0.790978 0.637894
vt 0.778631 0.637894
vt 0.790978 0.646639
vt 0.783925 0.646639
vt 0.769468 0.542261
vt 0.790959 0.542250
vt 0.790978 0.652892
vt 0.812525 0.555344
vt 0.812456 0.542250
vt 0.812220 0.571851
vt 0.811837 0.588359
vt 0.810698 0.604878
vt 0.807888 0.621386
vt 0.803313 0.637894
vt 0.798030 0.646639
vt 0.854090 0.002491
vt 0.877325 0.002316
vt 0.877325 0.003745
vt 0.855409 0.003840
vt 0.855044 0.017069
vt 0.853448 0.017032
vt 0.855286 0.034173
vt 0.853698 0.034080
vt 0.855643 0.051125
vt 0.854047 0.051179
vt 0.856770 0.068144
vt 0.855187 0.068311
vt 0.859641 0.085091
vt 0.858094 0.085436
vt 0.864308 0.101950
vt 0.862875 0.102572
vt 0.869707 0.110856
vt 0.868518 0.111821
vt 0.876832 0.117211
vt 0.876812 0.119024
vt 0.884115 0.111087
vt 0.885282 0.112069
vt 0.900552 0.002441
vt 0.899170 0.003843
vt 0.901101 0.017059
vt 0.899511 0.017095
vt 0.900815 0.034142
vt 0.899220 0.034238
vt 0.900395 0.051287
vt 0.898799 0.051230
vt 0.899170 0.068454
vt 0.897587 0.068274
vt 0.896064 0.085654
vt 0.894531 0.085284
vt 0.891069 0.102873
vt 0.889629 0.102232
vt 0.746035 0.695613
vt 0.737009 0.695613
vt 0.737009 0.682443
vt 0.746035 0.682443
vt 0.746035 0.712385
vt 0.737009 0.712385
vt 0.746035 0.729054
vt 0.737009 0.729054
vt 0.746035 0.745800
vt 0.737009 0.745800
vt 0.746035 0.762714
vt 0.737009 0.762714
vt 0.746035 0.779994
vt 0.737009 0.779994
vt 0.746035 0.790195
vt 0.737009 0.790195
vt 0.963378 0.069578
vt 0.972129 0.069578
vt 0.972129 0.089294
vt 0.963378 0.089294
vt 0.373248 0.692526
vt 0.373248 0.679369
vt 0.382275 0.679369
vt 0.382275 0.692526
vt 0.373248 0.709296
vt 0.382275 0.709296
vt 0.373248 0.725976
vt 0.382275 0.725976
vt 0.373248 0.742722
vt 0.382275 0.742722
vt 0.373248 0.759635
vt 0.382275 0.759635
vt 0.373248 0.776896
vt 0.382275 0.776896
vt 0.373248 0.787113
vt 0.382275 0.787113
vt 0.963378 0.109006
vt 0.972129 0.109006
vt 0.737009 0.799485
vt 0.746035 0.799485
vt 0.382275 0.796399
vt 0.373248 0.796399
vt 0.843018 0.003066
vt 0.843281 0.000009
vt 0.844107 0.000902
vt 0.844044 0.003113
vt 0.844001 0.016743
vt 0.842996 0.016745
vt 0.844841 0.033963
vt 0.843837 0.034005
vt 0.846187 0.051077
vt 0.845191 0.051155
vt 0.848290 0.068143
vt 0.847293 0.068271
vt 0.851660 0.085146
vt 0.850677 0.085370
vt 0.858080 0.102059
vt 0.857161 0.102443
vt 0.866987 0.115077
vt 0.866215 0.115672
vt 0.876761 0.122577
vt 0.876748 0.123685
vt 0.886752 0.115349
vt 0.887512 0.115962
vt 0.855022 0.000144
vt 0.877325 0.000002
vt 0.877325 0.000913
vt 0.854759 0.001060
vt 0.899533 0.000152
vt 0.899839 0.001070
vt 0.911532 0.003078
vt 0.911560 0.016766
vt 0.910548 0.016765
vt 0.910520 0.003128
vt 0.910449 0.000914
vt 0.911268 0.000021
vt 0.910676 0.034066
vt 0.909673 0.034024
vt 0.909260 0.051273
vt 0.908261 0.051193
vt 0.907071 0.068465
vt 0.906074 0.068331
vt 0.903480 0.085677
vt 0.902510 0.085441
vt 0.896761 0.102815
vt 0.895857 0.102418
vt 0.983005 0.449307
vt 0.987569 0.449307
vt 0.987569 0.462760
vt 0.983005 0.462760
vt 0.987569 0.479752
vt 0.983005 0.479752
vt 0.987569 0.496769
vt 0.983005 0.496769
vt 0.987569 0.513857
vt 0.983005 0.513857
vt 0.987569 0.531130
vt 0.983005 0.531130
vt 0.987569 0.549175
vt 0.983005 0.549175
vt 0.987569 0.564759
vt 0.983005 0.564759
vt 0.987569 0.577402
vt 0.983005 0.577402
vt 0.004323 0.196701
vt 0.000000 0.196701
vt 0.000000 0.186005
vt 0.004323 0.186005
vt 0.983005 0.446446
vt 0.987569 0.446446
vt 0.000000 0.216754
vt 0.004323 0.216754
vt 0.994113 0.567873
vt 0.994113 0.581318
vt 0.989548 0.581318
vt 0.989548 0.567873
vt 0.994113 0.598298
vt 0.989548 0.598298
vt 0.994113 0.615315
vt 0.989548 0.615315
vt 0.994113 0.632404
vt 0.989548 0.632404
vt 0.994113 0.649663
vt 0.989548 0.649663
vt 0.994113 0.667700
vt 0.989548 0.667700
vt 0.994113 0.683282
vt 0.989548 0.683282
vt 0.994113 0.695922
vt 0.989548 0.695922
vt 0.004323 0.236808
vt 0.004323 0.247504
vt 0.000000 0.247504
vt 0.000000 0.236808
vt 0.994113 0.565009
vt 0.989548 0.565009
vt 0.965942 0.677076
vt 0.965631 0.693587
vt 0.944376 0.693583
vt 0.944378 0.677073
vt 0.965244 0.710097
vt 0.944374 0.710094
vt 0.964108 0.726609
vt 0.944371 0.726606
vt 0.961280 0.743119
vt 0.944369 0.743116
vt 0.956707 0.759629
vt 0.944366 0.759627
vt 0.951419 0.768371
vt 0.944365 0.768370
vt 0.965876 0.663989
vt 0.944381 0.663986
vt 0.944364 0.774629
vt 0.922814 0.677070
vt 0.922885 0.663983
vt 0.923120 0.693581
vt 0.923503 0.710092
vt 0.924634 0.726603
vt 0.927457 0.743114
vt 0.932025 0.759625
vt 0.937310 0.768369
vt 0.910279 0.672563
vt 0.908956 0.673912
vt 0.887036 0.673819
vt 0.887039 0.672388
vt 0.910914 0.687105
vt 0.909322 0.687143
vt 0.910671 0.704152
vt 0.909073 0.704246
vt 0.910313 0.721252
vt 0.908724 0.721198
vt 0.909177 0.738384
vt 0.907600 0.738218
vt 0.906268 0.755510
vt 0.904728 0.755163
vt 0.901494 0.772645
vt 0.900053 0.772023
vt 0.895847 0.781894
vt 0.894653 0.780928
vt 0.887553 0.789097
vt 0.887530 0.787284
vt 0.879083 0.782144
vt 0.880252 0.781159
vt 0.865196 0.673917
vt 0.863815 0.672515
vt 0.864853 0.687168
vt 0.863263 0.687132
vt 0.865149 0.704310
vt 0.863551 0.704215
vt 0.865568 0.721305
vt 0.863976 0.721360
vt 0.866779 0.738346
vt 0.865199 0.738527
vt 0.869837 0.755356
vt 0.868299 0.755726
vt 0.874729 0.772305
vt 0.873298 0.772945
vt 0.888139 0.311222
vt 0.888139 0.298062
vt 0.897166 0.298062
vt 0.897166 0.311222
vt 0.888139 0.327994
vt 0.897166 0.327994
vt 0.888139 0.344674
vt 0.897166 0.344674
vt 0.888139 0.361422
vt 0.897166 0.361422
vt 0.888139 0.378339
vt 0.897166 0.378339
vt 0.888139 0.395609
vt 0.897166 0.395609
vt 0.888139 0.405818
vt 0.897166 0.405818
vt 0.952174 0.145468
vt 0.952174 0.165185
vt 0.943423 0.165185
vt 0.943423 0.145468
vt 0.126464 0.392211
vt 0.117437 0.392211
vt 0.117437 0.379052
vt 0.126464 0.379052
vt 0.126464 0.408983
vt 0.117437 0.408983
vt 0.126464 0.425662
vt 0.117437 0.425662
vt 0.126464 0.442409
vt 0.117437 0.442409
vt 0.126464 0.459325
vt 0.117437 0.459325
vt 0.126464 0.476595
vt 0.117437 0.476595
vt 0.126464 0.486803
vt 0.117437 0.486803
vt 0.952174 0.184899
vt 0.943423 0.184899
vt 0.897166 0.415105
vt 0.888139 0.415105
vt 0.117437 0.496089
vt 0.126464 0.496089
vt 0.921341 0.673139
vt 0.920327 0.673187
vt 0.920262 0.670975
vt 0.921083 0.670081
vt 0.921369 0.686818
vt 0.920363 0.686815
vt 0.920529 0.704079
vt 0.919523 0.704035
vt 0.919179 0.721229
vt 0.918176 0.721151
vt 0.917075 0.738343
vt 0.916077 0.738216
vt 0.913687 0.755443
vt 0.912709 0.755219
vt 0.907202 0.772516
vt 0.906285 0.772133
vt 0.898153 0.785746
vt 0.897376 0.785151
vt 0.887617 0.793758
vt 0.887602 0.792649
vt 0.876856 0.786034
vt 0.877618 0.785422
vt 0.909341 0.670216
vt 0.909609 0.671133
vt 0.887042 0.670986
vt 0.887044 0.670076
vt 0.864532 0.671144
vt 0.864829 0.670225
vt 0.852838 0.673151
vt 0.853849 0.673200
vt 0.853817 0.686837
vt 0.852810 0.686839
vt 0.853097 0.670093
vt 0.853917 0.670987
vt 0.854698 0.704096
vt 0.853692 0.704138
vt 0.856108 0.721266
vt 0.855105 0.721346
vt 0.858294 0.738403
vt 0.857297 0.738538
vt 0.861856 0.755514
vt 0.860882 0.755750
vt 0.868509 0.772491
vt 0.867597 0.772888
vt 0.994112 0.771944
vt 0.994112 0.785399
vt 0.989548 0.785399
vt 0.989548 0.771944
vt 0.994112 0.802391
vt 0.989548 0.802391
vt 0.994112 0.819408
vt 0.989548 0.819408
vt 0.994112 0.836496
vt 0.989548 0.836496
vt 0.994112 0.853769
vt 0.989548 0.853769
vt 0.994112 0.871815
vt 0.989548 0.871815
vt 0.994112 0.887400
vt 0.989548 0.887400
vt 0.994112 0.900043
vt 0.989548 0.900043
vt 0.764487 0.063758
vt 0.764487 0.053064
vt 0.768812 0.053064
vt 0.768812 0.063758
vt 0.994112 0.769084
vt 0.989548 0.769084
vt 0.768812 0.083800
vt 0.764487 0.083800
vt 0.969920 0.871847
vt 0.974484 0.871847
vt 0.974484 0.885303
vt 0.969920 0.885303
vt 0.974484 0.902296
vt 0.969920 0.902296
vt 0.974484 0.919315
vt 0.969920 0.919315
vt 0.974484 0.936405
vt 0.969920 0.936405
vt 0.974484 0.953679
vt 0.969920 0.953679
vt 0.974484 0.971725
vt 0.969920 0.971725
vt 0.974484 0.987312
vt 0.969920 0.987312
vt 0.974484 0.999956
vt 0.969920 0.999956
vt 0.764487 0.103846
vt 0.768812 0.103846
vt 0.768812 0.114536
vt 0.764487 0.114536
vt 0.969920 0.868988
vt 0.974484 0.868988
vt 0.870802 0.563229
vt 0.892366 0.563227
vt 0.892369 0.579737
vt 0.871114 0.579739
vt 0.892371 0.596248
vt 0.871501 0.596250
vt 0.892373 0.612758
vt 0.872636 0.612761
vt 0.892376 0.629269
vt 0.875465 0.629272
vt 0.892379 0.645779
vt 0.880037 0.645782
vt 0.892380 0.654523
vt 0.885326 0.654524
vt 0.870868 0.550142
vt 0.892364 0.550138
vt 0.892381 0.660782
vt 0.913930 0.563223
vt 0.913860 0.550136
vt 0.913624 0.579733
vt 0.913241 0.596245
vt 0.912111 0.612756
vt 0.909287 0.629267
vt 0.904719 0.645778
vt 0.899434 0.654522
vt 0.855069 0.182092
vt 0.878309 0.181916
vt 0.878312 0.183348
vt 0.856393 0.183441
vt 0.856027 0.196672
vt 0.854436 0.196633
vt 0.856274 0.213775
vt 0.854678 0.213680
vt 0.856624 0.230727
vt 0.855034 0.230781
vt 0.857748 0.247746
vt 0.856170 0.247912
vt 0.860620 0.264693
vt 0.859079 0.265038
vt 0.865295 0.281551
vt 0.863854 0.282173
vt 0.870694 0.290455
vt 0.869502 0.291423
vt 0.877818 0.296813
vt 0.877795 0.298625
vt 0.885096 0.290687
vt 0.886266 0.291671
vt 0.901533 0.182044
vt 0.900151 0.183446
vt 0.902085 0.196661
vt 0.900495 0.196696
vt 0.901797 0.213743
vt 0.900199 0.213839
vt 0.901372 0.230889
vt 0.899780 0.230834
vt 0.900148 0.248056
vt 0.898570 0.247875
vt 0.897048 0.265255
vt 0.895511 0.264884
vt 0.892048 0.282474
vt 0.890620 0.281834
vt 0.864453 0.551164
vt 0.855427 0.551164
vt 0.855427 0.538005
vt 0.864453 0.538005
vt 0.864453 0.567937
vt 0.855427 0.567937
vt 0.864453 0.584617
vt 0.855427 0.584617
vt 0.864453 0.601365
vt 0.855427 0.601365
vt 0.864453 0.618282
vt 0.855427 0.618282
vt 0.864453 0.635553
vt 0.855427 0.635553
vt 0.864453 0.645761
vt 0.855427 0.645761
vt 0.510966 0.000002
vt 0.519717 0.000002
vt 0.519717 0.019719
vt 0.510966 0.019719
vt 0.117764 0.510555
vt 0.117764 0.497397
vt 0.126792 0.497397
vt 0.126792 0.510555
vt 0.117764 0.527327
vt 0.126792 0.527327
vt 0.117764 0.544005
vt 0.126792 0.544005
vt 0.117764 0.560751
vt 0.126792 0.560751
vt 0.117764 0.577666
vt 0.126792 0.577666
vt 0.117764 0.594935
vt 0.126792 0.594935
vt 0.117764 0.605142
vt 0.126792 0.605142
vt 0.510966 0.039434
vt 0.519717 0.039434
vt 0.855427 0.655049
vt 0.864453 0.655049
vt 0.126792 0.614428
vt 0.117764 0.614428
vt 0.844007 0.182668
vt 0.844265 0.179610
vt 0.845086 0.180504
vt 0.845022 0.182716
vt 0.844984 0.196344
vt 0.843978 0.196347
vt 0.845824 0.213564
vt 0.844817 0.213608
vt 0.847170 0.230679
vt 0.846169 0.230758
vt 0.849270 0.247745
vt 0.848274 0.247873
vt 0.852638 0.264748
vt 0.851661 0.264971
vt 0.859062 0.281662
vt 0.858145 0.282044
vt 0.867972 0.294679
vt 0.867195 0.295274
vt 0.877746 0.302178
vt 0.877730 0.303287
vt 0.887728 0.294951
vt 0.888493 0.295563
vt 0.856006 0.179745
vt 0.878305 0.179604
vt 0.878307 0.180515
vt 0.855739 0.180661
vt 0.900519 0.179754
vt 0.900816 0.180672
vt 0.912510 0.182680
vt 0.912537 0.196367
vt 0.911531 0.196365
vt 0.911499 0.182729
vt 0.911431 0.180516
vt 0.912251 0.179622
vt 0.911656 0.213667
vt 0.910652 0.213625
vt 0.910243 0.230874
vt 0.909239 0.230795
vt 0.908050 0.248067
vt 0.907054 0.247932
vt 0.904466 0.265279
vt 0.903491 0.265043
vt 0.897751 0.282416
vt 0.896839 0.282018
vt 0.729158 0.539237
vt 0.733722 0.539237
vt 0.733722 0.552692
vt 0.729158 0.552692
vt 0.733722 0.569684
vt 0.729158 0.569684
vt 0.733722 0.586702
vt 0.729158 0.586702
vt 0.733722 0.603791
vt 0.729158 0.603791
vt 0.733722 0.621064
vt 0.729158 0.621064
vt 0.733722 0.639111
vt 0.729158 0.639111
vt 0.733722 0.654696
vt 0.729158 0.654696
vt 0.733722 0.667339
vt 0.729158 0.667339
vt 0.262099 0.170154
vt 0.257773 0.170154
vt 0.257773 0.159464
vt 0.262099 0.159464
vt 0.729158 0.536377
vt 0.733722 0.536377
vt 0.257773 0.190199
vt 0.262099 0.190199
vt 0.819101 0.547080
vt 0.819101 0.560535
vt 0.814537 0.560535
vt 0.814537 0.547080
vt 0.819101 0.577527
vt 0.814537 0.577527
vt 0.819101 0.594545
vt 0.814537 0.594545
vt 0.819101 0.611633
vt 0.814537 0.611633
vt 0.819101 0.628906
vt 0.814537 0.628906
vt 0.819101 0.646952
vt 0.814537 0.646952
vt 0.819101 0.662537
vt 0.814537 0.662537
vt 0.819101 0.675181
vt 0.814537 0.675181
vt 0.262099 0.210241
vt 0.262099 0.220931
vt 0.257773 0.220931
vt 0.257773 0.210241
vt 0.819101 0.544220
vt 0.814537 0.544220
vt 0.054957 0.332742
vt 0.056394 0.332540
vt 0.061767 0.374727
vt 0.060332 0.374933
vt 0.066758 0.418676
vt 0.065318 0.418893
vt 0.069637 0.462940
vt 0.068192 0.463173
vt 0.070954 0.507494
vt 0.069494 0.507752
vt 0.069117 0.552767
vt 0.067649 0.552976
vt 0.065601 0.598425
vt 0.064098 0.598760
vt 0.058894 0.633916
vt 0.057177 0.634237
vt 0.055715 0.640328
vt 0.054957 0.638634
vt 0.769045 0.311204
vt 0.768288 0.312896
vt 0.765107 0.306484
vt 0.766824 0.306807
vt 0.767593 0.005110
vt 0.769030 0.005313
vt 0.763663 0.047501
vt 0.762229 0.047296
vt 0.758686 0.091460
vt 0.757250 0.091245
vt 0.755821 0.135737
vt 0.754384 0.135506
vt 0.754540 0.180315
vt 0.753099 0.180062
vt 0.756372 0.225537
vt 0.754917 0.225329
vt 0.759971 0.271318
vt 0.758487 0.270993
vt 0.812901 0.000738
vt 0.840843 0.000002
vt 0.841782 0.042498
vt 0.813962 0.043225
vt 0.842533 0.086752
vt 0.814981 0.087448
vt 0.842843 0.131210
vt 0.815485 0.131865
vt 0.842697 0.175924
vt 0.815715 0.176481
vt 0.842210 0.221377
vt 0.815290 0.222072
vt 0.840909 0.267543
vt 0.814681 0.268004
vt 0.839489 0.304013
vt 0.812967 0.304408
vt 0.839626 0.308904
vt 0.094835 0.327422
vt 0.099316 0.369789
vt 0.102519 0.414197
vt 0.104011 0.459009
vt 0.103143 0.504488
vt 0.100659 0.550452
vt 0.094592 0.597929
vt 0.087595 0.635431
vt 0.079290 0.660990
vt 0.853936 0.547718
vt 0.852890 0.590205
vt 0.825067 0.589487
vt 0.825995 0.546991
vt 0.851882 0.634428
vt 0.824324 0.633741
vt 0.851393 0.678845
vt 0.824023 0.678199
vt 0.851176 0.723460
vt 0.824175 0.722912
vt 0.851615 0.769051
vt 0.824673 0.768364
vt 0.852240 0.814982
vt 0.826011 0.814529
vt 0.853963 0.851385
vt 0.827442 0.850998
vt 0.827307 0.855888
vt 0.724677 0.042365
vt 0.729149 0.000002
vt 0.721481 0.086773
vt 0.719998 0.131582
vt 0.720872 0.177058
vt 0.723362 0.223014
vt 0.729414 0.270489
vt 0.736393 0.307981
vt 0.744705 0.333550
vt 0.250576 0.000027
vt 0.333606 0.000018
vt 0.333618 0.112452
vt 0.250588 0.112461
vt 0.416635 0.000011
vt 0.416647 0.112444
vt 0.499665 0.000002
vt 0.499677 0.112436
vt 0.344131 0.222585
vt 0.282102 0.222590
vt 0.406159 0.222579
vt 0.468185 0.222572
vt 0.321692 0.276549
vt 0.357331 0.276545
vt 0.373357 0.377033
vt 0.368469 0.368302
vt 0.392969 0.276542
vt 0.376965 0.377033
vt 0.428607 0.276538
vt 0.381850 0.368301
vt 0.283785 0.228365
vt 0.345904 0.228344
vt 0.404385 0.228338
vt 0.466505 0.228347
vt 0.565088 0.000427
vt 0.566296 0.000002
vt 0.595053 0.058444
vt 0.594178 0.058752
vt 0.594810 0.059758
vt 0.595832 0.059674
vt 0.601944 0.069130
vt 0.600557 0.069774
vt 0.559881 0.102387
vt 0.558639 0.102010
vt 0.640422 0.065837
vt 0.640233 0.066983
vt 0.640988 0.068411
vt 0.638684 0.075447
vt 0.637733 0.074656
vt 0.641485 0.066308
vt 0.642440 0.000007
vt 0.643562 0.000329
vt 0.629727 0.899434
vt 0.628686 0.900215
vt 0.629606 0.893172
vt 0.631482 0.893275
vt 0.628603 0.901298
vt 0.629390 0.900980
vt 0.641660 0.964143
vt 0.640377 0.964488
vt 0.583862 0.900173
vt 0.584937 0.899005
vt 0.583747 0.898475
vt 0.593235 0.890132
vt 0.594045 0.891035
vt 0.582866 0.899759
vt 0.567655 0.964482
vt 0.566577 0.964199
vt 0.910750 0.794577
vt 0.911849 0.794593
vt 0.906348 0.889184
vt 0.905163 0.889101
vt 0.910887 0.793514
vt 0.866538 0.797743
vt 0.865895 0.796721
vt 0.911617 0.793468
vt 0.947593 0.797766
vt 0.947262 0.798837
vt 0.948370 0.799006
vt 0.941275 0.889070
vt 0.940143 0.889130
vt 0.807533 0.001092
vt 0.808629 0.001219
vt 0.805219 0.092059
vt 0.804098 0.092241
vt 0.808022 0.000002
vt 0.771454 0.002205
vt 0.771335 0.001108
vt 0.770375 0.002255
vt 0.771549 0.095032
vt 0.770376 0.095075
vt 0.767701 0.934903
vt 0.767640 0.933473
vt 0.769913 0.933858
vt 0.769904 0.934660
vt 0.905396 0.890225
vt 0.869505 0.884071
vt 0.870679 0.883177
vt 0.905840 0.890245
vt 0.940934 0.890238
vt 0.756112 0.906243
vt 0.755000 0.905925
vt 0.756169 0.903349
vt 0.757277 0.903784
vt 0.103014 0.193575
vt 0.102062 0.192919
vt 0.103812 0.190894
vt 0.104721 0.191643
vt 0.804910 0.093256
vt 0.771109 0.096136
vt 0.107505 0.223327
vt 0.107927 0.222080
vt 0.110093 0.223109
vt 0.109758 0.223832
vt 0.771132 0.934584
vt 0.771166 0.933931
vt 0.804462 0.932389
vt 0.804430 0.933954
vt 0.756636 0.967134
vt 0.755980 0.965699
vt 0.758080 0.902624
vt 0.757273 0.901861
vt 0.784963 0.890212
vt 0.785767 0.891047
vt 0.105766 0.190817
vt 0.105272 0.189835
vt 0.139823 0.187494
vt 0.140283 0.188548
vt 0.111332 0.223569
vt 0.110964 0.224170
vt 0.140281 0.233927
vt 0.139810 0.235362
vt 0.113668 0.885567
vt 0.113611 0.883776
vt 0.117190 0.884181
vt 0.117151 0.884973
vt 0.805819 0.933671
vt 0.785442 0.981743
vt 0.784761 0.980363
vt 0.805839 0.932558
vt 0.786546 0.889868
vt 0.100879 0.850921
vt 0.099773 0.850536
vt 0.101775 0.846400
vt 0.102860 0.846845
vt 0.050842 0.965920
vt 0.051800 0.966582
vt 0.049174 0.970052
vt 0.048197 0.969364
vt 0.141470 0.187761
vt 0.141461 0.234602
vt 0.043758 0.928763
vt 0.043340 0.930319
vt 0.039721 0.928757
vt 0.040027 0.927958
vt 0.118316 0.884757
vt 0.118370 0.884110
vt 0.161829 0.877318
vt 0.161859 0.878927
vt 0.102582 0.933387
vt 0.101828 0.931949
vt 0.103685 0.845631
vt 0.102914 0.844868
vt 0.141202 0.827166
vt 0.141877 0.828097
vt 0.047152 0.970151
vt 0.047644 0.971200
vt 0.000381 0.967997
vt 0.000006 0.966852
vt 0.038451 0.928278
vt 0.038784 0.927618
vt 0.000000 0.912209
vt 0.000460 0.910828
vt 0.501153 0.059297
vt 0.572610 0.103898
vt 0.755009 0.963061
vt 0.099786 0.927670
vt 0.143764 0.948006
vt 0.948682 0.797988
vt 0.809071 0.000274
vt 0.770522 0.001150
vt 0.941943 0.889984
vt 0.805904 0.092945
vt 0.770647 0.096173
vt 0.785732 0.889169
vt 0.140963 0.186819
vt 0.141174 0.235591
vt 0.285352 0.312413
vt 0.227025 0.283322
vt 0.227330 0.282447
vt 0.285774 0.311206
vt 0.226018 0.282691
vt 0.216004 0.276946
vt 0.216645 0.275557
vt 0.226103 0.281667
vt 0.183769 0.318861
vt 0.183388 0.317619
vt 0.218795 0.237266
vt 0.219942 0.237078
vt 0.211120 0.239766
vt 0.210329 0.238816
vt 0.217365 0.236511
vt 0.219469 0.236013
vt 0.285449 0.233939
vt 0.285770 0.235059
vt 0.400682 0.897714
vt 0.406843 0.895957
vt 0.406946 0.897829
vt 0.399903 0.898753
vt 0.398817 0.898840
vt 0.335628 0.887066
vt 0.335975 0.885782
vt 0.399138 0.898050
vt 0.401111 0.942502
vt 0.399944 0.943576
vt 0.409084 0.933393
vt 0.409985 0.934203
vt 0.401641 0.943693
vt 0.400359 0.944573
vt 0.335923 0.960864
vt 0.335636 0.959780
vt 0.199530 0.852151
vt 0.205118 0.946673
vt 0.203932 0.946758
vt 0.198431 0.852168
vt 0.199394 0.851088
vt 0.244386 0.854291
vt 0.243743 0.855315
vt 0.163020 0.856409
vt 0.162688 0.855337
vt 0.198663 0.851039
vt 0.170137 0.946703
vt 0.169004 0.946640
vt 0.161910 0.856576
vt 0.950850 0.773614
vt 0.954285 0.864760
vt 0.953163 0.864580
vt 0.949753 0.773742
vt 0.950360 0.772521
vt 0.987048 0.773626
vt 0.986928 0.774723
vt 0.988006 0.774773
vt 0.988005 0.867594
vt 0.986832 0.867547
vt 0.529806 0.149407
vt 0.527603 0.149164
vt 0.527593 0.148359
vt 0.529864 0.147977
vt 0.239602 0.940750
vt 0.240777 0.941642
vt 0.204884 0.947795
vt 0.204440 0.947814
vt 0.169346 0.947812
vt 0.541395 0.120745
vt 0.540227 0.118290
vt 0.541338 0.117853
vt 0.542504 0.120422
vt 0.712625 0.038459
vt 0.714553 0.036753
vt 0.715303 0.037661
vt 0.713276 0.039412
vt 0.987274 0.868656
vt 0.953472 0.865775
vt 0.682872 0.033968
vt 0.682362 0.031715
vt 0.683085 0.031379
vt 0.684113 0.033548
vt 0.526376 0.149082
vt 0.493076 0.148457
vt 0.493044 0.146891
vt 0.526339 0.148434
vt 0.541527 0.180202
vt 0.540872 0.181635
vt 0.539427 0.117125
vt 0.511737 0.105548
vt 0.512543 0.104712
vt 0.540234 0.116365
vt 0.715381 0.035707
vt 0.717649 0.001188
vt 0.718701 0.001650
vt 0.716359 0.036203
vt 0.682626 0.030141
vt 0.682026 0.030509
vt 0.670833 0.001661
vt 0.672266 0.001191
vt 0.954648 0.087954
vt 0.951170 0.087361
vt 0.951129 0.086569
vt 0.954705 0.086164
vt 0.512745 0.194864
vt 0.512066 0.196246
vt 0.491687 0.148176
vt 0.491666 0.147057
vt 0.510960 0.104369
vt 0.967442 0.053308
vt 0.965459 0.049232
vt 0.966545 0.048788
vt 0.968546 0.052924
vt 0.849584 0.119588
vt 0.846141 0.122230
vt 0.845454 0.121253
vt 0.848922 0.118625
vt 0.671589 0.000012
vt 0.718434 0.000002
vt 0.886741 0.126671
vt 0.887549 0.130402
vt 0.886749 0.130708
vt 0.885186 0.127085
vt 0.950005 0.087144
vt 0.906458 0.081314
vt 0.906490 0.079706
vt 0.949948 0.086496
vt 0.966492 0.134336
vt 0.965736 0.135776
vt 0.964635 0.048019
vt 0.926442 0.030485
vt 0.927116 0.029553
vt 0.965405 0.047255
vt 0.845355 0.123275
vt 0.848654 0.170422
vt 0.847510 0.170049
vt 0.844305 0.122788
vt 0.887227 0.131979
vt 0.887887 0.131647
vt 0.904677 0.169969
vt 0.903297 0.170430
vt 0.226479 0.376347
vt 0.181880 0.304890
vt 0.542495 0.177563
vt 0.968531 0.130059
vt 0.924554 0.150394
vt 0.161599 0.855561
vt 0.949311 0.772792
vt 0.987860 0.773665
vt 0.168337 0.947555
vt 0.952478 0.865465
vt 0.987733 0.868690
vt 0.511773 0.103675
vt 0.719378 0.000508
vt 0.670603 0.000298
vt 0.374295 0.481936
vt 0.374295 0.433450
vt 0.417240 0.434200
vt 0.417240 0.482023
vt 0.374295 0.578102
vt 0.374295 0.530053
vt 0.417240 0.530057
vt 0.417240 0.578083
vt 0.417240 0.671903
vt 0.374295 0.674811
vt 0.374295 0.626218
vt 0.417240 0.626022
vt 0.374295 0.381555
vt 0.417240 0.383475
vt 0.373248 0.481931
vt 0.373248 0.433396
vt 0.418778 0.434946
vt 0.418778 0.482049
vt 0.373248 0.578101
vt 0.373248 0.530049
vt 0.418778 0.530059
vt 0.418778 0.578083
vt 0.418778 0.677288
vt 0.373248 0.678060
vt 0.373248 0.626250
vt 0.418778 0.626132
vt 0.373248 0.378342
vt 0.418778 0.380943
vt 0.898607 0.422474
vt 0.898701 0.392386
vt 0.932248 0.392210
vt 0.932421 0.422296
vt 0.899178 0.348234
vt 0.931992 0.348062
vt 0.901703 0.303973
vt 0.931738 0.303816
vt 0.907493 0.259758
vt 0.931483 0.259632
vt 0.919073 0.215487
vt 0.931228 0.215424
vt 0.922626 0.203047
vt 0.931492 0.202984
vt 0.932359 0.183497
vt 0.948777 0.662678
vt 0.914963 0.662502
vt 0.915136 0.632417
vt 0.948681 0.632591
vt 0.915386 0.588269
vt 0.948202 0.588440
vt 0.915639 0.544022
vt 0.945675 0.544179
vt 0.915893 0.499839
vt 0.939882 0.499964
vt 0.916145 0.455630
vt 0.928300 0.455694
vt 0.915881 0.443191
vt 0.924748 0.443252
vt 0.915012 0.423703
vt 0.989220 0.302565
vt 0.989229 0.301992
vt 0.995145 0.301992
vt 0.995150 0.302562
vt 0.715958 0.681276
vt 0.716019 0.680711
vt 0.768099 0.680351
vt 0.768181 0.680901
vt 0.715423 0.680717
vt 0.715418 0.638879
vt 0.716019 0.638875
vt 0.716317 0.594590
vt 0.716914 0.594620
vt 0.720166 0.550288
vt 0.720762 0.550345
vt 0.725669 0.506062
vt 0.726260 0.506160
vt 0.736355 0.461620
vt 0.736934 0.461757
vt 0.748591 0.417094
vt 0.749155 0.417292
vt 0.764603 0.386121
vt 0.764149 0.387859
vt 0.974218 0.287554
vt 0.974140 0.284682
vt 0.979457 0.294072
vt 0.979265 0.294192
vt 0.969563 0.294270
vt 0.969362 0.294157
vt 0.768693 0.680356
vt 0.768233 0.638402
vt 0.768831 0.638400
vt 0.767741 0.594067
vt 0.768339 0.594060
vt 0.767112 0.549699
vt 0.767715 0.549691
vt 0.766379 0.505428
vt 0.766976 0.505418
vt 0.765459 0.461221
vt 0.766059 0.461211
vt 0.765029 0.417462
vt 0.765624 0.416925
vt 0.872765 0.074473
vt 0.873394 0.074976
vt 0.873386 0.110503
vt 0.872771 0.110993
vt 0.962242 0.557784
vt 0.961704 0.558380
vt 0.959117 0.524880
vt 0.959713 0.524833
vt 0.955955 0.480807
vt 0.956553 0.480772
vt 0.952210 0.525340
vt 0.951611 0.525340
vt 0.951605 0.481193
vt 0.952203 0.481193
vt 0.952247 0.558917
vt 0.951676 0.558380
vt 0.954218 0.436457
vt 0.954817 0.436436
vt 0.951599 0.436946
vt 0.952197 0.436945
vt 0.954629 0.391768
vt 0.955228 0.391769
vt 0.951591 0.392762
vt 0.952191 0.392762
vt 0.957294 0.346283
vt 0.957898 0.346201
vt 0.951594 0.348555
vt 0.952190 0.348555
vt 0.958172 0.333303
vt 0.958770 0.333326
vt 0.951419 0.336114
vt 0.952019 0.335612
vt 0.962615 0.306862
vt 0.962902 0.308828
vt 0.951633 0.313782
vt 0.952199 0.311872
vt 0.757959 0.124678
vt 0.758554 0.124758
vt 0.758541 0.166689
vt 0.757944 0.166676
vt 0.913006 0.042722
vt 0.913001 0.042151
vt 0.918921 0.042146
vt 0.918930 0.042717
vt 0.758554 0.124189
vt 0.810723 0.124749
vt 0.810668 0.125314
vt 0.759229 0.210592
vt 0.758634 0.210622
vt 0.763484 0.254504
vt 0.762893 0.254564
vt 0.769391 0.298331
vt 0.768806 0.298433
vt 0.780373 0.342305
vt 0.779794 0.342442
vt 0.793190 0.386550
vt 0.792632 0.386756
vt 0.808231 0.415249
vt 0.808649 0.417163
vt 0.811290 0.125241
vt 0.811434 0.166872
vt 0.810839 0.166882
vt 0.808860 0.386232
vt 0.809448 0.386762
vt 0.811421 0.210854
vt 0.810825 0.210851
vt 0.810943 0.254874
vt 0.810347 0.254869
vt 0.810423 0.298832
vt 0.809827 0.298825
vt 0.809784 0.342766
vt 0.809189 0.342760
vt 0.112517 0.365952
vt 0.113042 0.366535
vt 0.110514 0.399489
vt 0.109919 0.399442
vt 0.505634 0.065958
vt 0.506252 0.065467
vt 0.506261 0.101976
vt 0.505631 0.101478
vt 0.107348 0.443549
vt 0.106750 0.443513
vt 0.983049 0.411555
vt 0.983650 0.411555
vt 0.983588 0.444591
vt 0.983005 0.445140
vt 0.983057 0.367404
vt 0.983656 0.367406
vt 0.105606 0.487881
vt 0.105007 0.487859
vt 0.983064 0.323155
vt 0.983662 0.323155
vt 0.106009 0.532547
vt 0.105409 0.532551
vt 0.983074 0.278970
vt 0.983672 0.278970
vt 0.108674 0.578115
vt 0.108070 0.578034
vt 0.983074 0.234760
vt 0.983669 0.234760
vt 0.109547 0.590985
vt 0.108943 0.591013
vt 0.983244 0.221817
vt 0.983843 0.222318
vt 0.113681 0.615485
vt 0.113391 0.617575
vt 0.983042 0.197957
vt 0.983629 0.199985
vt 0.989232 0.259844
vt 0.995152 0.259844
vt 0.989237 0.215678
vt 0.995156 0.215678
vt 0.989240 0.171228
vt 0.995160 0.171228
vt 0.989244 0.126648
vt 0.995162 0.126648
vt 0.989247 0.081063
vt 0.995167 0.081064
vt 0.989251 0.035097
vt 0.995169 0.035098
vt 0.976790 0.001947
vt 0.986848 0.000002
vt 0.986845 0.051791
vt 0.980934 0.052239
vt 0.989252 0.000002
vt 0.995179 0.000335
vt 0.980303 0.320954
vt 0.974323 0.321013
vt 0.981664 0.366315
vt 0.974332 0.366314
vt 0.981678 0.411759
vt 0.974328 0.411759
vt 0.981678 0.457136
vt 0.974328 0.457136
vt 0.981682 0.502540
vt 0.974328 0.502539
vt 0.981493 0.548043
vt 0.974328 0.547925
vt 0.980435 0.579965
vt 0.974328 0.579733
vt 0.722827 0.638799
vt 0.723063 0.672146
vt 0.760871 0.671852
vt 0.760891 0.638434
vt 0.723301 0.594522
vt 0.760409 0.594151
vt 0.725813 0.550199
vt 0.759788 0.549803
vt 0.731780 0.505918
vt 0.759051 0.505553
vt 0.742580 0.461547
vt 0.758141 0.461352
vt 0.745772 0.448924
vt 0.757686 0.448388
vt 0.757526 0.424598
vt 0.963276 0.524569
vt 0.965634 0.554571
vt 0.948025 0.555426
vt 0.948023 0.525340
vt 0.877870 0.076570
vt 0.877870 0.108907
vt 0.960081 0.480530
vt 0.948017 0.481193
vt 0.958222 0.436263
vt 0.948010 0.436946
vt 0.958425 0.391742
vt 0.948004 0.392763
vt 0.961116 0.346199
vt 0.948003 0.348552
vt 0.962069 0.333394
vt 0.948160 0.336116
vt 0.965657 0.312041
vt 0.948466 0.316619
vt 0.913001 0.000002
vt 0.918920 0.000002
vt 0.995143 0.563701
vt 0.989220 0.563701
vt 0.989222 0.519538
vt 0.995141 0.519537
vt 0.989222 0.475090
vt 0.995141 0.475090
vt 0.989221 0.430511
vt 0.995143 0.430511
vt 0.989221 0.384930
vt 0.995143 0.384930
vt 0.989221 0.338966
vt 0.995137 0.338966
vt 0.974500 0.103778
vt 0.978651 0.053490
vt 0.984557 0.053937
vt 0.984559 0.105721
vt 0.989221 0.304204
vt 0.995140 0.303871
vt 0.509401 0.000000
vt 0.509406 0.046181
vt 0.501153 0.046023
vt 0.502949 0.009250
vt 0.967001 0.366314
vt 0.968342 0.320915
vt 0.966980 0.411759
vt 0.966979 0.457136
vt 0.966976 0.502540
vt 0.967165 0.548042
vt 0.968230 0.579966
vt 0.765626 0.133335
vt 0.765310 0.166855
vt 0.803580 0.166958
vt 0.803458 0.133804
vt 0.765562 0.210675
vt 0.803541 0.210823
vt 0.768495 0.254617
vt 0.803064 0.254813
vt 0.774867 0.298533
vt 0.802547 0.298748
vt 0.785979 0.342487
vt 0.801909 0.342675
vt 0.789372 0.355042
vt 0.801513 0.355538
vt 0.801454 0.379218
vt 0.116440 0.369755
vt 0.114078 0.399756
vt 0.987237 0.411555
vt 0.987235 0.441642
vt 0.501154 0.099884
vt 0.501153 0.067555
vt 0.110877 0.443793
vt 0.987244 0.367406
vt 0.109011 0.488059
vt 0.987253 0.323155
vt 0.109207 0.532575
vt 0.987257 0.278971
vt 0.111892 0.578114
vt 0.987257 0.234758
vt 0.112843 0.590922
vt 0.987104 0.222322
vt 0.116436 0.612271
vt 0.986799 0.202824
vt 0.533470 0.767479
vt 0.532908 0.768452
vt 0.469386 0.746730
vt 0.469895 0.745770
vt 0.469004 0.744400
vt 0.468254 0.745581
vt 0.462879 0.734055
vt 0.463911 0.733481
vt 0.480583 0.696255
vt 0.481615 0.696598
vt 0.704701 0.652924
vt 0.703729 0.653811
vt 0.689321 0.606511
vt 0.690331 0.606222
vt 0.690925 0.605060
vt 0.699663 0.601140
vt 0.700279 0.603323
vt 0.689407 0.605661
vt 0.624805 0.606335
vt 0.624828 0.605134
vt 0.706617 0.559832
vt 0.707663 0.560439
vt 0.708907 0.559944
vt 0.713807 0.563880
vt 0.712806 0.564522
vt 0.707163 0.558867
vt 0.641381 0.542181
vt 0.641895 0.541174
vt 0.465800 0.650238
vt 0.466646 0.649035
vt 0.481507 0.695651
vt 0.480062 0.695070
vt 0.473834 0.694580
vt 0.474368 0.692441
vt 0.547515 0.704960
vt 0.547608 0.706156
vt 0.968878 0.695019
vt 0.969179 0.693997
vt 0.994150 0.700272
vt 0.993988 0.701360
vt 0.967770 0.694359
vt 0.966838 0.732284
vt 0.965677 0.732455
vt 0.896178 0.675779
vt 0.897251 0.675176
vt 0.901205 0.713722
vt 0.900042 0.713493
vt 0.900021 0.714537
vt 0.874777 0.716151
vt 0.874913 0.714920
vt 0.901236 0.714033
vt 0.896860 0.752145
vt 0.895757 0.751782
vt 0.966846 0.733293
vt 0.991911 0.733564
vt 0.992064 0.734824
vt 0.965668 0.732905
vt 0.970001 0.770170
vt 0.968890 0.770629
vt 0.895609 0.752850
vt 0.871619 0.748982
vt 0.871704 0.747885
vt 0.544928 0.111722
vt 0.544006 0.111125
vt 0.545686 0.108793
vt 0.546540 0.109521
vt 0.995187 0.700728
vt 0.992988 0.734282
vt 0.870475 0.682690
vt 0.871685 0.683306
vt 0.873867 0.715640
vt 0.803515 0.846816
vt 0.803472 0.849951
vt 0.801439 0.849075
vt 0.801467 0.847629
vt 0.645089 0.000002
vt 0.646230 0.000498
vt 0.646221 0.031937
vt 0.645087 0.032700
vt 0.549145 0.146799
vt 0.549256 0.143671
vt 0.551267 0.144492
vt 0.551216 0.145937
vt 0.993196 0.734230
vt 0.995182 0.767778
vt 0.994005 0.767016
vt 0.807750 0.881772
vt 0.808687 0.882379
vt 0.806941 0.884779
vt 0.806085 0.884049
vt 0.547551 0.108452
vt 0.547339 0.107431
vt 0.630212 0.100543
vt 0.630401 0.101601
vt 0.552440 0.144771
vt 0.806167 0.811027
vt 0.807160 0.812207
vt 0.800308 0.847882
vt 0.800256 0.848791
vt 0.719565 0.846438
vt 0.719598 0.845293
vt 0.805073 0.885121
vt 0.552384 0.145680
vt 0.633134 0.146978
vt 0.633104 0.148124
vt 0.546598 0.182543
vt 0.545602 0.181362
vt 0.805282 0.886142
vt 0.722393 0.892875
vt 0.722206 0.891818
vt 0.769771 0.434717
vt 0.768739 0.434230
vt 0.771133 0.430182
vt 0.772107 0.430784
vt 0.631511 0.100699
vt 0.634338 0.147572
vt 0.724930 0.799907
vt 0.725944 0.800918
vt 0.718372 0.845758
vt 0.449679 0.744899
vt 0.449540 0.747987
vt 0.445947 0.747044
vt 0.446019 0.745903
vt 0.718362 0.845841
vt 0.721094 0.892717
vt 0.780581 0.479786
vt 0.780720 0.476697
vt 0.784312 0.477640
vt 0.784241 0.478782
vt 0.634329 0.147656
vt 0.627856 0.193519
vt 0.626841 0.192510
vt 0.460478 0.789970
vt 0.461510 0.790457
vt 0.459115 0.794505
vt 0.458142 0.793903
vt 0.773004 0.429621
vt 0.772575 0.428667
vt 0.834118 0.411875
vt 0.834527 0.412907
vt 0.785569 0.477822
vt 0.458417 0.696402
vt 0.459294 0.697666
vt 0.444799 0.746082
vt 0.444689 0.746862
vt 0.384370 0.744616
vt 0.384379 0.743381
vt 0.457242 0.795066
vt 0.785460 0.478602
vt 0.845888 0.480053
vt 0.845881 0.481289
vt 0.771853 0.528285
vt 0.770976 0.527020
vt 0.457672 0.796019
vt 0.396126 0.812796
vt 0.395718 0.811765
vt 0.645660 0.687433
vt 0.527197 0.622570
vt 0.713796 0.642802
vt 0.462882 0.655560
vt 0.808701 0.814464
vt 0.544016 0.179028
vt 0.461528 0.701701
vt 0.768742 0.522987
vt 0.400445 0.678930
vt 0.829830 0.545743
vt 0.968193 0.693392
vt 0.896667 0.753144
vt 0.995098 0.699766
vt 0.502810 0.000007
vt 0.501913 0.001818
vt 0.501153 0.000002
vt 0.503160 0.000002
vt 0.870484 0.748544
vt 0.870653 0.749529
vt 0.631032 0.099770
vt 0.721573 0.893649
vt 0.647781 0.168276
vt 0.711354 0.146563
vt 0.711863 0.147522
vt 0.648343 0.169250
vt 0.712246 0.145193
vt 0.717338 0.134274
vt 0.718370 0.134848
vt 0.712995 0.146374
vt 0.699632 0.097391
vt 0.700663 0.097048
vt 0.543293 0.652954
vt 0.557667 0.606251
vt 0.558676 0.606542
vt 0.544265 0.653841
vt 0.547719 0.603352
vt 0.548334 0.601169
vt 0.557073 0.605093
vt 0.558589 0.605691
vt 0.623170 0.605168
vt 0.623193 0.606367
vt 0.540337 0.560469
vt 0.541382 0.559862
vt 0.535192 0.564553
vt 0.534192 0.563910
vt 0.539091 0.559974
vt 0.540835 0.558896
vt 0.606106 0.541208
vt 0.606619 0.542212
vt 0.715442 0.051032
vt 0.701186 0.095864
vt 0.699740 0.096444
vt 0.714597 0.049829
vt 0.706878 0.093235
vt 0.707413 0.095374
vt 0.633638 0.106954
vt 0.633731 0.105758
vt 0.713593 0.812070
vt 0.688486 0.818414
vt 0.688322 0.817329
vt 0.713293 0.811052
vt 0.714701 0.811415
vt 0.716797 0.849512
vt 0.715637 0.849339
vt 0.623625 0.682599
vt 0.620104 0.720307
vt 0.618945 0.720532
vt 0.622547 0.682004
vt 0.645286 0.721649
vt 0.645430 0.722864
vt 0.620128 0.721341
vt 0.624159 0.758405
vt 0.623052 0.758760
vt 0.618917 0.720843
vt 0.715629 0.850348
vt 0.690412 0.851882
vt 0.690563 0.850620
vt 0.716807 0.849961
vt 0.713587 0.887686
vt 0.712476 0.887226
vt 0.648163 0.754797
vt 0.648217 0.755898
vt 0.624290 0.759476
vt 0.581565 0.883597
vt 0.583178 0.885797
vt 0.582324 0.886524
vt 0.580644 0.884192
vt 0.689487 0.851341
vt 0.687286 0.817785
vt 0.649366 0.689312
vt 0.646338 0.722360
vt 0.648164 0.689956
vt 0.378101 0.852693
vt 0.380149 0.853509
vt 0.380179 0.854952
vt 0.378145 0.855826
vt 0.646533 0.722250
vt 0.649378 0.755472
vt 0.585782 0.848524
vt 0.587853 0.849384
vt 0.587904 0.850828
vt 0.585893 0.851652
vt 0.688472 0.884076
vt 0.687295 0.884833
vt 0.689280 0.851283
vt 0.373860 0.887645
vt 0.375523 0.889925
vt 0.374666 0.890652
vt 0.372920 0.888254
vt 0.584189 0.886867
vt 0.667045 0.893715
vt 0.666857 0.894772
vt 0.583977 0.887889
vt 0.589077 0.850551
vt 0.375457 0.816907
vt 0.381308 0.853758
vt 0.374462 0.818088
vt 0.462026 0.851185
vt 0.462058 0.852332
vt 0.381360 0.854670
vt 0.376535 0.890991
vt 0.589021 0.849641
vt 0.669747 0.847194
vt 0.669777 0.848341
vt 0.582237 0.813963
vt 0.583234 0.812782
vt 0.459406 0.897708
vt 0.459220 0.898764
vt 0.376325 0.892015
vt 0.144479 0.731466
vt 0.142142 0.727533
vt 0.143116 0.726929
vt 0.145510 0.730977
vt 0.670981 0.847749
vt 0.668156 0.894616
vt 0.456702 0.805804
vt 0.463251 0.851654
vt 0.455690 0.806812
vt 0.205650 0.789407
vt 0.201989 0.788402
vt 0.201917 0.787259
vt 0.205510 0.786317
vt 0.463262 0.851735
vt 0.460520 0.898609
vt 0.133678 0.776536
vt 0.130018 0.775533
vt 0.129945 0.774388
vt 0.133539 0.773448
vt 0.663482 0.802812
vt 0.664497 0.801804
vt 0.670972 0.847663
vt 0.216460 0.744342
vt 0.214123 0.740407
vt 0.215098 0.739804
vt 0.217490 0.743853
vt 0.141243 0.726370
vt 0.079718 0.709665
vt 0.080129 0.708635
vt 0.141671 0.725416
vt 0.128687 0.774574
vt 0.214378 0.837901
vt 0.200770 0.788222
vt 0.215255 0.836638
vt 0.140344 0.790909
vt 0.140336 0.789674
vt 0.200660 0.787443
vt 0.213224 0.739244
vt 0.128798 0.775352
vt 0.068377 0.778048
vt 0.068369 0.776814
vt 0.143291 0.823769
vt 0.142414 0.825033
vt 0.151699 0.722533
vt 0.152106 0.721502
vt 0.213652 0.738291
vt 0.602331 0.687465
vt 0.654045 0.023366
vt 0.534199 0.642832
vt 0.718362 0.056352
vt 0.372924 0.820346
vt 0.580650 0.816296
vt 0.217490 0.832603
vt 0.145525 0.819733
vt 0.156397 0.855358
vt 0.084441 0.842500
vt 0.714280 0.810446
vt 0.623232 0.759759
vt 0.687375 0.816824
vt 0.649190 0.756456
vt 0.667676 0.895544
vt 0.460042 0.899539
vt 0.001233 0.376268
vt 0.001233 0.319181
vt 0.051794 0.320065
vt 0.051794 0.376369
vt 0.001233 0.489488
vt 0.001233 0.432917
vt 0.051794 0.432921
vt 0.051794 0.489466
vt 0.051794 0.599925
vt 0.001233 0.603350
vt 0.001233 0.546137
vt 0.051794 0.545906
vt 0.001232 0.258083
vt 0.051794 0.260343
vt 0.000000 0.376261
vt 0.000000 0.319118
vt 0.053606 0.320943
vt 0.053606 0.376401
vt 0.000000 0.489487
vt 0.000000 0.432913
vt 0.053606 0.432924
vt 0.053606 0.489466
vt 0.053606 0.606265
vt 0.000000 0.607175
vt 0.000000 0.546176
vt 0.053606 0.546036
vt 0.000000 0.254299
vt 0.053606 0.257363
vt 0.544397 0.736107
vt 0.544333 0.734987
vt 0.610435 0.745930
vt 0.610527 0.747033
vt 0.725737 0.344376
vt 0.725677 0.339703
vt 0.731108 0.360429
vt 0.730085 0.361202
vt 0.724585 0.339626
vt 0.725724 0.398487
vt 0.724578 0.398730
vt 0.725410 0.338643
vt 0.773816 0.329811
vt 0.773634 0.330958
vt 0.774485 0.332651
vt 0.769601 0.354773
vt 0.768506 0.354225
vt 0.619440 0.697895
vt 0.618900 0.698827
vt 0.556313 0.668374
vt 0.556830 0.667399
vt 0.767911 0.136882
vt 0.767758 0.134687
vt 0.802042 0.184561
vt 0.801000 0.185076
vt 0.771142 0.222611
vt 0.770186 0.223222
vt 0.767765 0.219314
vt 0.768751 0.218734
vt 0.771873 0.223503
vt 0.799737 0.186725
vt 0.801939 0.185770
vt 0.733200 0.685733
vt 0.733002 0.686796
vt 0.670113 0.676338
vt 0.670310 0.675261
vt 0.791216 0.190447
vt 0.791233 0.189150
vt 0.724415 0.733808
vt 0.724307 0.734901
vt 0.657845 0.743992
vt 0.657943 0.742874
vt 0.863816 0.467335
vt 0.863965 0.466320
vt 0.898119 0.465308
vt 0.898163 0.466511
vt 0.862624 0.466932
vt 0.864827 0.499739
vt 0.863697 0.500102
vt 0.862857 0.466302
vt 0.862626 0.431380
vt 0.863755 0.431892
vt 0.863887 0.430827
vt 0.896757 0.438210
vt 0.896946 0.439388
vt 0.892485 0.005898
vt 0.893571 0.005132
vt 0.895984 0.040541
vt 0.894838 0.040558
vt 0.894808 0.041517
vt 0.859815 0.043493
vt 0.859857 0.042234
vt 0.895993 0.041234
vt 0.893153 0.073840
vt 0.892028 0.073544
vt 0.891923 0.074618
vt 0.860566 0.072020
vt 0.860402 0.070924
vt 0.050009 0.839348
vt 0.051775 0.839120
vt 0.051344 0.841332
vt 0.050274 0.841443
vt 0.899296 0.466151
vt 0.896521 0.500888
vt 0.895471 0.499872
vt 0.899277 0.465713
vt 0.898111 0.439014
vt 0.076365 0.828932
vt 0.077398 0.828211
vt 0.077552 0.828246
vt 0.077973 0.830303
vt 0.858707 0.009421
vt 0.859806 0.010840
vt 0.858789 0.043071
vt 0.535324 0.938950
vt 0.533784 0.940007
vt 0.533506 0.938308
vt 0.535283 0.938794
vt 0.858698 0.043452
vt 0.859254 0.071661
vt 0.508081 0.947734
vt 0.507563 0.948732
vt 0.504887 0.947402
vt 0.505522 0.946462
vt 0.050297 0.842603
vt 0.051227 0.842554
vt 0.053418 0.915870
vt 0.052083 0.915945
vt 0.016195 0.829869
vt 0.017661 0.829196
vt 0.078643 0.831219
vt 0.079607 0.830651
vt 0.090857 0.907609
vt 0.089797 0.908094
vt 0.568645 0.948318
vt 0.566027 0.948634
vt 0.534102 0.937292
vt 0.533172 0.937331
vt 0.528298 0.862925
vt 0.529643 0.862876
vt 0.504338 0.945616
vt 0.503366 0.946137
vt 0.492269 0.872193
vt 0.493309 0.871735
vt 0.304541 0.778831
vt 0.304301 0.777369
vt 0.308213 0.777594
vt 0.308298 0.778484
vt 0.052456 0.917108
vt 0.000000 0.909225
vt 0.001202 0.908278
vt 0.053093 0.917085
vt 0.090831 0.909035
vt 0.287372 0.751306
vt 0.286233 0.751018
vt 0.287502 0.746824
vt 0.288631 0.747176
vt 0.581851 0.868379
vt 0.580636 0.869337
vt 0.529202 0.861726
vt 0.828258 0.359394
vt 0.827992 0.357781
vt 0.831741 0.358220
vt 0.831841 0.359090
vt 0.528539 0.861715
vt 0.492265 0.870820
vt 0.813053 0.329311
vt 0.811920 0.328997
vt 0.813476 0.324617
vt 0.814583 0.325035
vt 0.309585 0.778433
vt 0.309550 0.777598
vt 0.360310 0.774443
vt 0.360424 0.775807
vt 0.288455 0.821853
vt 0.287793 0.820480
vt 0.289249 0.745973
vt 0.288462 0.745212
vt 0.340373 0.721638
vt 0.341057 0.722568
vt 0.814356 0.402228
vt 0.813650 0.400866
vt 0.833093 0.359028
vt 0.832993 0.358249
vt 0.884483 0.350007
vt 0.884617 0.351422
vt 0.815261 0.323754
vt 0.814481 0.323000
vt 0.861824 0.300202
vt 0.862496 0.301130
vt 0.733190 0.794188
vt 0.669656 0.822890
vt 0.619445 0.806262
vt 0.556264 0.814963
vt 0.770477 0.159129
vt 0.730078 0.396764
vt 0.565896 0.948719
vt 0.020432 0.828216
vt 0.811934 0.396752
vt 0.286233 0.816242
vt 0.869493 0.423899
vt 0.341837 0.846099
vt 0.774839 0.330390
vt 0.770922 0.224142
vt 0.862828 0.430280
vt 0.893006 0.074892
vt 0.898133 0.438030
vt 0.859546 0.072636
vt 0.091706 0.908481
vt 0.491339 0.871390
vt 0.822523 0.731259
vt 0.756394 0.742178
vt 0.756487 0.741078
vt 0.822589 0.730139
vt 0.974533 0.014563
vt 0.970185 0.031392
vt 0.969162 0.030621
vt 0.974593 0.009897
vt 0.975685 0.009814
vt 0.975691 0.068918
vt 0.974546 0.068674
vt 0.926636 0.001149
vt 0.926454 0.000002
vt 0.974859 0.008833
vt 0.931764 0.024417
vt 0.930670 0.024963
vt 0.925785 0.002840
vt 0.747482 0.693043
vt 0.810090 0.662551
vt 0.810609 0.663523
vt 0.748021 0.693978
vt 0.987691 0.109423
vt 0.954606 0.157616
vt 0.953564 0.157100
vt 0.987842 0.107230
vt 0.984461 0.195148
vt 0.986849 0.191269
vt 0.987836 0.191851
vt 0.985416 0.195756
vt 0.983731 0.196042
vt 0.953664 0.158310
vt 0.955865 0.159264
vt 0.000000 0.659757
vt 0.062891 0.649288
vt 0.063087 0.650363
vt 0.000198 0.660822
vt 0.964370 0.161690
vt 0.964389 0.162988
vt 0.008786 0.707834
vt 0.075256 0.716895
vt 0.075358 0.718015
vt 0.008893 0.708922
vt 0.986753 0.616735
vt 0.952406 0.615907
vt 0.952452 0.614708
vt 0.986603 0.615722
vt 0.987946 0.616331
vt 0.986876 0.649501
vt 0.985746 0.649137
vt 0.986816 0.581293
vt 0.987944 0.580780
vt 0.987712 0.615701
vt 0.953624 0.588791
vt 0.953811 0.587610
vt 0.986681 0.580229
vt 0.862859 0.185494
vt 0.860507 0.220156
vt 0.859362 0.220135
vt 0.861772 0.184732
vt 0.895487 0.221830
vt 0.895531 0.223087
vt 0.860537 0.221113
vt 0.863316 0.253138
vt 0.862192 0.253433
vt 0.859353 0.220828
vt 0.894942 0.250517
vt 0.894779 0.251620
vt 0.863420 0.254217
vt 0.284095 0.846770
vt 0.283831 0.848863
vt 0.282758 0.848756
vt 0.282327 0.846542
vt 0.955099 0.649274
vt 0.954049 0.650289
vt 0.951274 0.615550
vt 0.951292 0.615113
vt 0.952460 0.588416
vt 0.257738 0.836353
vt 0.256130 0.837721
vt 0.256548 0.835670
vt 0.256705 0.835635
vt 0.896638 0.189018
vt 0.896555 0.222671
vt 0.895539 0.190441
vt 0.846341 0.958912
vt 0.846381 0.958755
vt 0.848162 0.958271
vt 0.847880 0.959970
vt 0.896647 0.223044
vt 0.896092 0.251255
vt 0.873584 0.967694
vt 0.876142 0.966423
vt 0.876779 0.967364
vt 0.874103 0.968692
vt 0.283805 0.850021
vt 0.282020 0.923360
vt 0.280685 0.923292
vt 0.282878 0.849974
vt 0.316443 0.836615
vt 0.317908 0.837289
vt 0.255460 0.838638
vt 0.244305 0.915517
vt 0.243244 0.915035
vt 0.254494 0.838074
vt 0.813019 0.968281
vt 0.847564 0.957253
vt 0.815637 0.968596
vt 0.852022 0.882839
vt 0.853367 0.882888
vt 0.848494 0.957288
vt 0.877328 0.965575
vt 0.888354 0.891701
vt 0.889395 0.892158
vt 0.878298 0.966100
vt 0.266548 0.778753
vt 0.262795 0.778404
vt 0.262876 0.777514
vt 0.266791 0.777294
vt 0.332901 0.915701
vt 0.334101 0.916649
vt 0.281644 0.924525
vt 0.281010 0.924505
vt 0.243271 0.916455
vt 0.283719 0.751226
vt 0.282461 0.747097
vt 0.283590 0.746746
vt 0.284859 0.750941
vt 0.799816 0.888337
vt 0.852465 0.881688
vt 0.801029 0.889297
vt 0.514661 0.811777
vt 0.511076 0.811470
vt 0.511176 0.810600
vt 0.514925 0.810165
vt 0.853124 0.881680
vt 0.889401 0.890783
vt 0.529863 0.781691
vt 0.528334 0.777416
vt 0.529438 0.777000
vt 0.530996 0.781381
vt 0.261503 0.778355
vt 0.210667 0.775729
vt 0.210781 0.774366
vt 0.261539 0.777522
vt 0.283299 0.820404
vt 0.282634 0.821773
vt 0.281839 0.745892
vt 0.230032 0.722491
vt 0.230718 0.721559
vt 0.282627 0.745134
vt 0.528560 0.854610
vt 0.509823 0.811412
vt 0.529267 0.853249
vt 0.458300 0.803806
vt 0.458435 0.802393
vt 0.509925 0.810631
vt 0.527655 0.776134
vt 0.480420 0.753511
vt 0.481090 0.752584
vt 0.528434 0.775387
vt 0.000011 0.768214
vt 0.063546 0.796914
vt 0.747476 0.801410
vt 0.810656 0.810113
vt 0.985129 0.131671
vt 0.970193 0.066955
vt 0.815768 0.968677
vt 0.313671 0.835639
vt 0.530982 0.849135
vt 0.284859 0.816163
vt 0.473420 0.876285
vt 0.229252 0.846021
vt 0.925431 0.000581
vt 0.984680 0.196678
vt 0.987743 0.579685
vt 0.862339 0.254491
vt 0.952436 0.587432
vt 0.895797 0.252230
vt 0.242398 0.915903
vt 0.890325 0.891351
vt 0.000003 0.142970
vt 0.115863 0.143746
vt 0.111953 0.179646
vt 0.000000 0.178678
vt 0.133231 0.143747
vt 0.137136 0.179648
vt 0.249091 0.142986
vt 0.249088 0.178695
vt 0.017795 0.196860
vt 0.093985 0.197942
vt 0.091786 0.210866
vt 0.031500 0.210862
vt 0.155101 0.197946
vt 0.231291 0.196874
vt 0.217585 0.210874
vt 0.157298 0.210870
vt 0.071080 0.276537
vt 0.106720 0.241859
vt 0.122301 0.377743
vt 0.117840 0.368299
vt 0.142360 0.241862
vt 0.126759 0.377744
vt 0.177995 0.276543
vt 0.131221 0.368300
vt 0.033181 0.228346
vt 0.095299 0.228335
vt 0.153781 0.228339
vt 0.215901 0.228359
vt 0.000007 0.091875
vt 0.115928 0.092376
vt 0.133174 0.092377
vt 0.249094 0.091892
vt 0.000013 0.000002
vt 0.116044 0.000009
vt 0.115991 0.041556
vt 0.000010 0.041327
vt 0.133071 0.000011
vt 0.133117 0.041557
vt 0.249101 0.000018
vt 0.249097 0.041342
vt 0.474363 0.412325
vt 0.423806 0.412426
vt 0.423806 0.356111
vt 0.474363 0.355231
vt 0.474363 0.525539
vt 0.423806 0.525523
vt 0.423806 0.468974
vt 0.474363 0.468974
vt 0.423806 0.635979
vt 0.423806 0.581954
vt 0.474363 0.582196
vt 0.474363 0.639414
vt 0.423806 0.296393
vt 0.474363 0.294134
vt 0.475595 0.412325
vt 0.475595 0.355169
vt 0.421989 0.357007
vt 0.421989 0.412457
vt 0.475595 0.525539
vt 0.475595 0.468967
vt 0.421989 0.468974
vt 0.421989 0.525523
vt 0.421989 0.642327
vt 0.475595 0.643224
vt 0.475595 0.582227
vt 0.421989 0.582094
vt 0.475595 0.290356
vt 0.421989 0.293417
vt 0.128559 0.447952
vt 0.186270 0.469666
vt 0.128562 0.492065
vt 0.186436 0.644634
vt 0.128715 0.619333
vt 0.209621 0.484808
vt 0.250450 0.491814
vt 0.250486 0.619422
vt 0.209726 0.628106
vt 0.290688 0.495056
vt 0.319527 0.496724
vt 0.319543 0.619471
vt 0.290701 0.619451
vt 0.128835 0.669851
vt 0.186531 0.720219
vt 0.128872 0.720176
vt 0.209801 0.661196
vt 0.250673 0.669938
vt 0.250632 0.720265
vt 0.209837 0.720236
vt 0.290853 0.669968
vt 0.319616 0.669989
vt 0.319648 0.720316
vt 0.290812 0.720295
vt 0.128578 0.378006
vt 0.186314 0.378046
vt 0.209656 0.378063
vt 0.250511 0.378092
vt 0.250475 0.447368
vt 0.209630 0.453583
vt 0.290712 0.444469
vt 0.290753 0.378120
vt 0.319608 0.378139
vt 0.319571 0.443926
vt 0.371823 0.378177
vt 0.371793 0.444366
vt 0.371748 0.496562
vt 0.371759 0.619508
vt 0.371820 0.670026
vt 0.371843 0.720353
vt 0.720222 0.267569
vt 0.720222 0.311688
vt 0.662509 0.289284
vt 0.720066 0.438932
vt 0.662354 0.464255
vt 0.639149 0.304438
vt 0.639052 0.447726
vt 0.598312 0.439043
vt 0.598332 0.311446
vt 0.558115 0.314681
vt 0.558096 0.439080
vt 0.529239 0.439080
vt 0.529258 0.316373
vt 0.719951 0.489465
vt 0.719912 0.539794
vt 0.662257 0.539831
vt 0.638975 0.480839
vt 0.638955 0.539868
vt 0.598158 0.539905
vt 0.598119 0.489558
vt 0.557941 0.489558
vt 0.557980 0.539943
vt 0.529123 0.539943
vt 0.529162 0.489595
vt 0.720202 0.197644
vt 0.662490 0.197662
vt 0.639110 0.197662
vt 0.639149 0.273202
vt 0.598332 0.266992
vt 0.598293 0.197700
vt 0.558096 0.264092
vt 0.558038 0.197736
vt 0.529200 0.263534
vt 0.529162 0.197774
vt 0.477003 0.263981
vt 0.476965 0.197810
vt 0.477042 0.316187
vt 0.477023 0.439155
vt 0.476946 0.539962
vt 0.476965 0.489632
vn -0.862329 0.497865 -0.092297
vn -0.180870 0.104425 -0.977948
vn -0.208849 -0.000000 -0.977948
vn -0.995731 -0.000000 -0.092298
vn -0.497867 0.862328 -0.092296
vn -0.104426 0.180870 -0.977948
vn 0.000000 0.995732 -0.092296
vn 0.000001 0.208850 -0.977948
vn 0.497867 0.862328 -0.092296
vn 0.104428 0.180869 -0.977947
vn 0.862329 0.497865 -0.092297
vn 0.180871 0.104425 -0.977947
vn 0.995731 -0.000000 -0.092298
vn 0.208850 -0.000000 -0.977948
vn 0.862329 -0.497865 -0.092296
vn 0.180871 -0.104425 -0.977947
vn 0.497867 -0.862329 -0.092294
vn 0.104427 -0.180871 -0.977947
vn -0.000000 -0.995732 -0.092294
vn -0.000000 -0.208852 -0.977947
vn -0.497867 -0.862329 -0.092294
vn -0.104428 -0.180871 -0.977947
vn -0.862329 -0.497865 -0.092296
vn -0.180872 -0.104425 -0.977947
vn -0.866026 0.500000 0.000000
vn -0.500001 0.866025 0.000000
vn 0.000000 1.000000 0.000000
vn 0.500001 0.866025 0.000000
vn 0.866026 0.500000 0.000000
vn 1.000000 0.000000 0.000000
vn 0.866026 -0.500000 0.000000
vn 0.500001 -0.866025 0.000000
vn 0.000000 -1.000000 0.000000
vn -0.500001 -0.866025 0.000000
vn -0.866026 -0.500000 0.000000
vn -1.000000 0.000000 0.000000
vn 0.556487 -0.321287 -0.766223
vn 0.321288 -0.556487 -0.766222
vn 0.000000 0.000000 -1.000000
vn -0.000000 -0.642575 -0.766223
vn -0.321289 -0.556487 -0.766222
vn -0.556487 -0.321287 -0.766222
vn -0.642575 0.000000 -0.766223
vn -0.556487 0.321287 -0.766223
vn -0.321288 0.556487 -0.766222
vn 0.000000 0.642575 -0.766223
vn 0.321288 0.556486 -0.766223
vn 0.556487 0.321287 -0.766223
vn 0.642575 -0.000000 -0.766223
vn 0.034915 -0.060474 -0.997559
vn 0.494555 -0.856593 -0.147188
vn 0.856593 -0.494554 -0.147189
vn 0.060473 -0.034915 -0.997559
vn 0.000001 -0.069830 -0.997559
vn -0.000000 -0.989109 -0.147188
vn 0.989108 -0.000000 -0.147190
vn 0.069829 -0.000000 -0.997559
vn -0.034913 -0.060474 -0.997559
vn -0.494555 -0.856593 -0.147189
vn -0.060472 -0.034915 -0.997559
vn -0.856593 -0.494554 -0.147189
vn -0.069829 0.000000 -0.997559
vn -0.989108 0.000000 -0.147190
vn -0.060474 0.034915 -0.997559
vn -0.856593 0.494554 -0.147189
vn -0.034915 0.060475 -0.997559
vn -0.494555 0.856593 -0.147189
vn -0.000001 0.069830 -0.997559
vn 0.000000 0.989108 -0.147190
vn 0.034913 0.060474 -0.997559
vn 0.494555 0.856593 -0.147189
vn 0.060472 0.034915 -0.997559
vn 0.856593 0.494554 -0.147189
vn 0.917616 0.077134 0.389913
vn 0.919066 0.073442 0.387201
vn 0.996195 0.087155 0.000000
vn 0.996195 0.087156 0.000000
vn 0.914729 0.064171 0.398940
vn 0.996195 0.087156 0.000000
vn 0.904052 0.035826 0.425919
vn 0.996194 0.087159 0.000000
vn 0.879904 -0.012641 0.474983
vn 0.996195 0.087157 0.000000
vn 0.830188 -0.102709 0.547941
vn 0.995938 0.090038 0.000000
vn 0.679919 -0.367971 0.634277
vn 0.995422 0.095580 0.000000
vn 0.787699 0.513479 0.340395
vn 0.839785 0.542919 0.000000
vn 0.447231 -0.894419 0.000000
vn 0.917615 0.077134 -0.389914
vn 0.787699 0.513479 -0.340396
vn 0.919066 0.073442 -0.387201
vn 0.914728 0.064171 -0.398942
vn 0.904051 0.035827 -0.425920
vn 0.879903 -0.012640 -0.474985
vn 0.830187 -0.102709 -0.547942
vn 0.679918 -0.367971 -0.634279
vn 0.988182 0.147690 0.041028
vn 0.330528 0.798155 0.503686
vn 0.225051 0.974347 0.000084
vn 0.912358 0.409394 0.000279
vn 0.991314 0.086200 0.099330
vn 0.178932 0.010078 0.983810
vn 0.990490 0.084738 0.108390
vn 0.176797 -0.001998 0.984245
vn 0.989719 0.081992 0.117192
vn 0.178606 -0.022478 0.983664
vn 0.989215 0.073537 0.126671
vn 0.185345 -0.084342 0.979047
vn 0.987943 0.058802 0.143218
vn 0.196747 -0.169141 0.965755
vn 0.986567 0.032917 0.160008
vn 0.231458 -0.295889 0.926756
vn 0.989229 -0.015345 0.145571
vn 0.289714 -0.540717 0.789741
vn 0.999960 0.008900 0.000000
vn 0.490123 -0.871653 0.000001
vn 0.989229 -0.015346 -0.145571
vn 0.289713 -0.540715 -0.789743
vn 0.337749 0.796220 -0.501955
vn 0.988297 0.147037 -0.040619
vn 0.180639 0.010120 -0.983498
vn 0.991303 0.086102 -0.099522
vn 0.176796 -0.001998 -0.984245
vn 0.990490 0.084739 -0.108390
vn 0.178604 -0.022478 -0.983664
vn 0.989719 0.081992 -0.117193
vn 0.185343 -0.084342 -0.979048
vn 0.989215 0.073537 -0.126671
vn 0.196749 -0.169140 -0.965754
vn 0.987943 0.058802 -0.143219
vn 0.231460 -0.295889 -0.926756
vn 0.986567 0.032915 -0.160009
vn 0.128120 0.041929 -0.990872
vn 0.993845 0.088978 -0.065991
vn 0.972621 -0.218320 -0.079656
vn 0.181081 -0.944230 -0.275025
vn 0.128562 0.049810 -0.990450
vn 0.993513 0.089644 -0.069973
vn 0.126862 0.068881 -0.989526
vn 0.992943 0.091292 -0.075700
vn 0.123932 0.097359 -0.987503
vn 0.992011 0.094147 -0.083966
vn 0.119000 0.146148 -0.982079
vn 0.990566 0.099662 -0.094053
vn 0.108245 0.246798 -0.963002
vn 0.987491 0.113391 -0.109560
vn 0.093360 0.403499 -0.910205
vn 0.981609 0.141817 -0.127799
vn 0.072703 0.613875 -0.786048
vn 0.965120 0.207386 -0.159794
vn 0.031429 0.999506 -0.000000
vn 0.942272 0.334848 0.000000
vn 0.072708 0.613875 0.786048
vn 0.965120 0.207384 0.159795
vn 0.220981 -0.975278 0.000001
vn 0.984924 -0.172986 -0.000002
vn 0.978298 -0.207201 -0.000003
vn 0.216930 -0.976187 -0.000001
vn 0.984446 -0.175686 0.000004
vn 0.220964 -0.975282 -0.000002
vn 0.128124 0.041927 0.990872
vn 0.993845 0.088975 0.065992
vn 0.993509 0.089646 0.070019
vn 0.128562 0.049810 0.990450
vn 0.180733 -0.944248 0.275193
vn 0.971396 -0.223314 0.080749
vn 0.992943 0.091292 0.075700
vn 0.126863 0.068881 0.989526
vn 0.992011 0.094147 0.083966
vn 0.123931 0.097359 0.987503
vn 0.990566 0.099662 0.094054
vn 0.118994 0.146148 0.982080
vn 0.987491 0.113391 0.109561
vn 0.108241 0.246797 0.963003
vn 0.981609 0.141817 0.127799
vn 0.093359 0.403499 0.910205
vn -0.002695 0.030795 -0.999522
vn -0.003378 0.038610 -0.999249
vn -0.005063 0.057852 -0.998312
vn -0.007579 0.086616 -0.996213
vn -0.011890 0.135884 -0.990653
vn -0.020780 0.237526 -0.971159
vn -0.034609 0.395598 -0.917771
vn -0.053188 0.607902 -0.792228
vn -0.087163 0.996194 -0.000000
vn 0.087157 -0.996195 0.000000
vn 0.083721 -0.956934 -0.277972
vn 0.087157 -0.996195 0.000000
vn -0.002694 0.030793 0.999522
vn -0.003378 0.038610 0.999249
vn -0.005061 0.057852 0.998312
vn -0.007578 0.086617 0.996213
vn -0.011889 0.135883 0.990654
vn -0.020782 0.237524 0.971159
vn -0.034613 0.395598 0.917771
vn -0.053187 0.607902 0.792229
vn 0.087156 -0.996195 0.000000
vn 0.083717 -0.956887 0.278135
vn -0.917616 0.077134 0.389913
vn -0.996195 0.087155 0.000000
vn -0.996195 0.087155 0.000000
vn -0.919066 0.073442 0.387200
vn -0.996195 0.087155 0.000000
vn -0.914729 0.064171 0.398940
vn -0.996194 0.087159 0.000000
vn -0.904052 0.035826 0.425918
vn -0.996195 0.087157 0.000000
vn -0.879904 -0.012641 0.474983
vn -0.995938 0.090040 0.000000
vn -0.830189 -0.102707 0.547940
vn -0.995422 0.095579 0.000000
vn -0.679920 -0.367971 0.634276
vn -0.787699 0.513480 0.340395
vn -0.839785 0.542919 0.000000
vn -0.447231 -0.894419 -0.000000
vn -0.917615 0.077133 -0.389914
vn -0.787700 0.513479 -0.340395
vn -0.919066 0.073442 -0.387201
vn -0.914728 0.064171 -0.398942
vn -0.904052 0.035826 -0.425919
vn -0.879903 -0.012641 -0.474985
vn -0.830188 -0.102707 -0.547941
vn -0.679918 -0.367971 -0.634278
vn -0.988182 0.147691 0.041027
vn -0.912354 0.409403 0.000278
vn -0.225050 0.974347 0.000084
vn -0.330527 0.798156 0.503686
vn -0.178933 0.010078 0.983810
vn -0.991314 0.086200 0.099330
vn -0.176796 -0.001998 0.984245
vn -0.990490 0.084738 0.108392
vn -0.178605 -0.022479 0.983664
vn -0.989718 0.081992 0.117195
vn -0.185345 -0.084342 0.979047
vn -0.989215 0.073537 0.126673
vn -0.196748 -0.169141 0.965754
vn -0.987943 0.058802 0.143219
vn -0.231459 -0.295889 0.926756
vn -0.986567 0.032916 0.160009
vn -0.289713 -0.540717 0.789741
vn -0.989229 -0.015347 0.145572
vn -0.490119 -0.871655 -0.000000
vn -0.999960 0.008900 0.000000
vn -0.289713 -0.540715 -0.789743
vn -0.989228 -0.015348 -0.145573
vn -0.988296 0.147045 -0.040618
vn -0.337746 0.796222 -0.501954
vn -0.991303 0.086102 -0.099523
vn -0.180638 0.010120 -0.983498
vn -0.990490 0.084738 -0.108392
vn -0.176796 -0.001998 -0.984245
vn -0.989718 0.081992 -0.117196
vn -0.178604 -0.022478 -0.983664
vn -0.989215 0.073537 -0.126673
vn -0.185344 -0.084342 -0.979048
vn -0.987943 0.058802 -0.143218
vn -0.196751 -0.169140 -0.965754
vn -0.986567 0.032916 -0.160009
vn -0.231463 -0.295889 -0.926755
vn -0.128126 0.041929 -0.990871
vn -0.181086 -0.944229 -0.275028
vn -0.972622 -0.218318 -0.079653
vn -0.993845 0.088977 -0.065989
vn -0.993513 0.089644 -0.069971
vn -0.128562 0.049810 -0.990450
vn -0.992943 0.091291 -0.075698
vn -0.126860 0.068880 -0.989526
vn -0.992011 0.094146 -0.083965
vn -0.123932 0.097359 -0.987503
vn -0.990567 0.099662 -0.094050
vn -0.118997 0.146148 -0.982080
vn -0.987492 0.113390 -0.109554
vn -0.108241 0.246798 -0.963003
vn -0.981610 0.141816 -0.127794
vn -0.093358 0.403499 -0.910205
vn -0.965121 0.207383 -0.159793
vn -0.072704 0.613876 -0.786047
vn -0.942274 0.334844 0.000000
vn -0.031424 0.999506 -0.000000
vn -0.965121 0.207383 0.159794
vn -0.072703 0.613875 0.786048
vn -0.220985 -0.975277 0.000001
vn -0.216931 -0.976187 -0.000002
vn -0.978297 -0.207208 -0.000004
vn -0.984924 -0.172988 -0.000002
vn -0.220963 -0.975282 -0.000002
vn -0.984445 -0.175696 0.000004
vn -0.128123 0.041927 0.990872
vn -0.128559 0.049810 0.990450
vn -0.993509 0.089647 0.070017
vn -0.993845 0.088977 0.065991
vn -0.971392 -0.223331 0.080750
vn -0.180734 -0.944248 0.275194
vn -0.126862 0.068880 0.989526
vn -0.992943 0.091291 0.075698
vn -0.123931 0.097359 0.987503
vn -0.992011 0.094146 0.083965
vn -0.118994 0.146147 0.982080
vn -0.990566 0.099662 0.094051
vn -0.108241 0.246796 0.963004
vn -0.987492 0.113390 0.109555
vn -0.093359 0.403499 0.910205
vn -0.981609 0.141816 0.127794
vn 0.002691 0.030795 -0.999522
vn 0.003376 0.038610 -0.999249
vn 0.005062 0.057852 -0.998312
vn 0.007579 0.086616 -0.996213
vn 0.011890 0.135884 -0.990654
vn 0.020780 0.237526 -0.971159
vn 0.034609 0.395598 -0.917771
vn 0.053191 0.607902 -0.792229
vn 0.087170 0.996193 -0.000000
vn -0.087158 -0.996195 0.000000
vn -0.083725 -0.956933 -0.277972
vn -0.087157 -0.996195 -0.000000
vn 0.002694 0.030793 0.999522
vn 0.003379 0.038610 0.999249
vn 0.005061 0.057852 0.998312
vn 0.007578 0.086617 0.996213
vn 0.011889 0.135883 0.990654
vn 0.020782 0.237523 0.971160
vn 0.034613 0.395597 0.917772
vn 0.053191 0.607901 0.792229
vn -0.087157 -0.996195 -0.000000
vn -0.083719 -0.956887 0.278135
vn 0.917616 0.077134 0.389913
vn 0.919066 0.073443 0.387200
vn 0.996195 0.087156 0.000000
vn 0.996195 0.087156 0.000000
vn 0.914729 0.064171 0.398941
vn 0.996195 0.087156 0.000000
vn 0.904052 0.035826 0.425920
vn 0.996194 0.087159 0.000000
vn 0.879904 -0.012641 0.474983
vn 0.996195 0.087157 0.000000
vn 0.830188 -0.102708 0.547941
vn 0.995938 0.090039 0.000000
vn 0.679918 -0.367971 0.634278
vn 0.995422 0.095579 0.000000
vn 0.787700 0.513478 0.340395
vn 0.839785 0.542919 0.000000
vn 0.447231 -0.894419 0.000001
vn 0.917615 0.077134 -0.389913
vn 0.787700 0.513479 -0.340395
vn 0.919066 0.073442 -0.387201
vn 0.914729 0.064171 -0.398941
vn 0.904051 0.035826 -0.425920
vn 0.879904 -0.012641 -0.474984
vn 0.830187 -0.102708 -0.547942
vn 0.679918 -0.367971 -0.634278
vn 0.988182 0.147691 0.041027
vn 0.330525 0.798155 0.503688
vn 0.225052 0.974347 0.000084
vn 0.912357 0.409396 0.000279
vn 0.991314 0.086200 0.099330
vn 0.178931 0.010077 0.983810
vn 0.990490 0.084739 0.108390
vn 0.176797 -0.001998 0.984245
vn 0.989719 0.081992 0.117193
vn 0.178604 -0.022478 0.983664
vn 0.989215 0.073537 0.126671
vn 0.185343 -0.084342 0.979048
vn 0.987943 0.058802 0.143217
vn 0.196750 -0.169141 0.965754
vn 0.986567 0.032915 0.160007
vn 0.231460 -0.295889 0.926756
vn 0.989229 -0.015347 0.145570
vn 0.289711 -0.540717 0.789742
vn 0.999960 0.008899 -0.000000
vn 0.490120 -0.871655 0.000000
vn 0.989229 -0.015346 -0.145570
vn 0.289712 -0.540715 -0.789743
vn 0.337748 0.796221 -0.501954
vn 0.988297 0.147038 -0.040619
vn 0.180637 0.010120 -0.983498
vn 0.991303 0.086102 -0.099522
vn 0.176797 -0.001998 -0.984245
vn 0.990490 0.084739 -0.108390
vn 0.178604 -0.022478 -0.983664
vn 0.989719 0.081992 -0.117193
vn 0.185343 -0.084342 -0.979048
vn 0.989215 0.073537 -0.126672
vn 0.196750 -0.169141 -0.965754
vn 0.987943 0.058802 -0.143218
vn 0.231461 -0.295888 -0.926756
vn 0.986567 0.032916 -0.160008
vn 0.128123 0.041927 -0.990872
vn 0.993845 0.088977 -0.065990
vn 0.972622 -0.218315 -0.079657
vn 0.181084 -0.944230 -0.275024
vn 0.128561 0.049810 -0.990450
vn 0.993513 0.089644 -0.069973
vn 0.126863 0.068881 -0.989526
vn 0.992943 0.091292 -0.075700
vn 0.123933 0.097359 -0.987503
vn 0.992011 0.094147 -0.083965
vn 0.118995 0.146148 -0.982080
vn 0.990566 0.099662 -0.094053
vn 0.108239 0.246797 -0.963003
vn 0.987491 0.113390 -0.109560
vn 0.093353 0.403500 -0.910205
vn 0.981609 0.141817 -0.127799
vn 0.072699 0.613876 -0.786048
vn 0.965120 0.207384 -0.159795
vn 0.031426 0.999506 -0.000000
vn 0.942272 0.334849 0.000000
vn 0.072699 0.613875 0.786048
vn 0.965120 0.207385 0.159796
vn 0.220982 -0.975278 0.000001
vn 0.984926 -0.172980 -0.000002
vn 0.978299 -0.207200 -0.000003
vn 0.216930 -0.976187 -0.000001
vn 0.984445 -0.175691 0.000004
vn 0.220964 -0.975282 -0.000002
vn 0.128123 0.041927 0.990872
vn 0.993845 0.088975 0.065992
vn 0.993509 0.089646 0.070019
vn 0.128560 0.049810 0.990450
vn 0.180733 -0.944248 0.275193
vn 0.971394 -0.223324 0.080748
vn 0.992943 0.091292 0.075700
vn 0.126862 0.068880 0.989526
vn 0.992011 0.094147 0.083965
vn 0.123931 0.097359 0.987503
vn 0.990566 0.099662 0.094053
vn 0.118994 0.146148 0.982080
vn 0.987491 0.113391 0.109560
vn 0.108239 0.246797 0.963003
vn 0.981609 0.141817 0.127799
vn 0.093353 0.403500 0.910205
vn -0.002694 0.030794 -0.999522
vn -0.003378 0.038610 -0.999249
vn -0.005061 0.057852 -0.998312
vn -0.007578 0.086617 -0.996213
vn -0.011889 0.135884 -0.990653
vn -0.020781 0.237525 -0.971159
vn -0.034611 0.395600 -0.917771
vn -0.053187 0.607902 -0.792229
vn -0.087162 0.996194 -0.000000
vn 0.087157 -0.996195 0.000000
vn 0.083722 -0.956934 -0.277971
vn 0.087157 -0.996195 0.000000
vn -0.002694 0.030794 0.999522
vn -0.003378 0.038610 0.999249
vn -0.005061 0.057852 0.998312
vn -0.007578 0.086617 0.996213
vn -0.011889 0.135883 0.990654
vn -0.020782 0.237524 0.971159
vn -0.034611 0.395599 0.917771
vn -0.053187 0.607902 0.792229
vn 0.087156 -0.996195 0.000000
vn 0.083717 -0.956887 0.278135
vn -0.917616 0.077134 0.389913
vn -0.996195 0.087155 0.000000
vn -0.996195 0.087155 0.000000
vn -0.919066 0.073442 0.387200
vn -0.996195 0.087155 0.000000
vn -0.914729 0.064171 0.398940
vn -0.996194 0.087158 0.000000
vn -0.904052 0.035826 0.425918
vn -0.996195 0.087157 0.000000
vn -0.879904 -0.012641 0.474983
vn -0.995938 0.090040 0.000000
vn -0.830189 -0.102706 0.547940
vn -0.995422 0.095580 0.000000
vn -0.679919 -0.367971 0.634277
vn -0.787700 0.513479 0.340395
vn -0.839785 0.542919 0.000000
vn -0.447231 -0.894418 -0.000000
vn -0.917615 0.077133 -0.389914
vn -0.787700 0.513479 -0.340395
vn -0.919066 0.073442 -0.387200
vn -0.914729 0.064171 -0.398941
vn -0.904052 0.035826 -0.425919
vn -0.879904 -0.012641 -0.474984
vn -0.830188 -0.102707 -0.547941
vn -0.679919 -0.367970 -0.634278
vn -0.988182 0.147690 0.041026
vn -0.912354 0.409403 0.000278
vn -0.225050 0.974347 0.000084
vn -0.330523 0.798156 0.503688
vn -0.178931 0.010077 0.983810
vn -0.991314 0.086201 0.099331
vn -0.176796 -0.001998 0.984246
vn -0.990490 0.084738 0.108392
vn -0.178604 -0.022478 0.983664
vn -0.989718 0.081992 0.117196
vn -0.185344 -0.084342 0.979048
vn -0.989215 0.073537 0.126673
vn -0.196751 -0.169141 0.965754
vn -0.987943 0.058802 0.143219
vn -0.231462 -0.295889 0.926755
vn -0.986567 0.032916 0.160008
vn -0.289712 -0.540717 0.789742
vn -0.989229 -0.015347 0.145572
vn -0.490117 -0.871657 -0.000000
vn -0.999960 0.008899 -0.000000
vn -0.289712 -0.540716 -0.789742
vn -0.989229 -0.015348 -0.145572
vn -0.988296 0.147044 -0.040618
vn -0.337745 0.796223 -0.501954
vn -0.991303 0.086102 -0.099523
vn -0.180637 0.010120 -0.983498
vn -0.990490 0.084738 -0.108392
vn -0.176797 -0.001998 -0.984245
vn -0.989718 0.081992 -0.117196
vn -0.178604 -0.022478 -0.983664
vn -0.989215 0.073537 -0.126673
vn -0.185343 -0.084342 -0.979048
vn -0.987943 0.058802 -0.143218
vn -0.196751 -0.169141 -0.965754
vn -0.986567 0.032916 -0.160008
vn -0.231462 -0.295888 -0.926755
vn -0.128123 0.041927 -0.990872
vn -0.181086 -0.944229 -0.275028
vn -0.972620 -0.218323 -0.079655
vn -0.993845 0.088977 -0.065989
vn -0.993513 0.089644 -0.069971
vn -0.128561 0.049810 -0.990450
vn -0.992943 0.091292 -0.075698
vn -0.126863 0.068881 -0.989526
vn -0.992011 0.094146 -0.083965
vn -0.123932 0.097359 -0.987503
vn -0.990567 0.099662 -0.094050
vn -0.118995 0.146148 -0.982080
vn -0.987492 0.113390 -0.109555
vn -0.108239 0.246797 -0.963003
vn -0.981609 0.141816 -0.127793
vn -0.093353 0.403500 -0.910205
vn -0.965121 0.207383 -0.159794
vn -0.072697 0.613876 -0.786048
vn -0.942273 0.334847 0.000000
vn -0.031421 0.999506 -0.000000
vn -0.965121 0.207384 0.159795
vn -0.072697 0.613876 0.786048
vn -0.220986 -0.975277 0.000001
vn -0.216931 -0.976187 -0.000002
vn -0.978297 -0.207209 -0.000004
vn -0.984924 -0.172990 -0.000002
vn -0.220963 -0.975282 -0.000002
vn -0.984444 -0.175700 0.000004
vn -0.128123 0.041927 0.990872
vn -0.128560 0.049810 0.990450
vn -0.993510 0.089647 0.070017
vn -0.993845 0.088976 0.065992
vn -0.971391 -0.223335 0.080749
vn -0.180734 -0.944247 0.275195
vn -0.126862 0.068880 0.989526
vn -0.992943 0.091291 0.075698
vn -0.123931 0.097359 0.987503
vn -0.992011 0.094147 0.083965
vn -0.118994 0.146148 0.982080
vn -0.990567 0.099662 0.094051
vn -0.108238 0.246797 0.963004
vn -0.987492 0.113389 0.109555
vn -0.093353 0.403500 0.910205
vn -0.981609 0.141815 0.127794
vn 0.002694 0.030794 -0.999522
vn 0.003378 0.038610 -0.999249
vn 0.005061 0.057852 -0.998312
vn 0.007578 0.086617 -0.996213
vn 0.011889 0.135884 -0.990654
vn 0.020781 0.237525 -0.971159
vn 0.034612 0.395599 -0.917771
vn 0.053191 0.607901 -0.792229
vn 0.087169 0.996194 -0.000000
vn -0.087158 -0.996195 0.000000
vn -0.083723 -0.956933 -0.277973
vn -0.087157 -0.996195 -0.000000
vn 0.002694 0.030794 0.999522
vn 0.003378 0.038610 0.999249
vn 0.005061 0.057852 0.998312
vn 0.007578 0.086617 0.996213
vn 0.011889 0.135884 0.990654
vn 0.020782 0.237524 0.971159
vn 0.034612 0.395598 0.917771
vn 0.053191 0.607901 0.792229
vn -0.087157 -0.996195 -0.000000
vn -0.083719 -0.956887 0.278135
vn -0.970706 -0.021014 0.239350
vn 0.701064 0.028452 0.712530
vn 0.712443 0.040585 0.700555
vn -0.972754 -0.027275 0.230231
vn 0.738278 0.074756 0.670342
vn -0.974848 -0.064750 0.213260
vn 0.767797 0.123202 0.628736
vn -0.973900 -0.116765 0.194640
vn 0.794877 0.179807 0.579517
vn -0.965425 -0.186766 0.181859
vn 0.814614 0.248572 0.524037
vn -0.951403 -0.253522 0.174809
vn 0.820429 0.330073 0.466850
vn -0.923745 -0.340475 0.175420
vn 0.775686 0.463317 0.428543
vn -0.873991 -0.455135 0.170271
vn -0.000000 0.843916 0.536475
vn 0.000001 -0.929517 0.368780
vn -0.775712 0.463310 0.428503
vn 0.874112 -0.455110 0.169711
vn -0.701071 0.028451 0.712524
vn 0.970709 -0.021015 0.239337
vn 0.972770 -0.027280 0.230163
vn -0.712478 0.040584 0.700520
vn 0.974885 -0.064762 0.213083
vn -0.738364 0.074760 0.670246
vn 0.973981 -0.116799 0.194214
vn -0.767952 0.123214 0.628545
vn 0.965530 -0.186796 0.181273
vn -0.795053 0.179835 0.579266
vn 0.951530 -0.253586 0.174026
vn -0.814805 0.248614 0.523722
vn 0.923902 -0.340521 0.174503
vn -0.820453 0.330084 0.466799
vn -0.980687 -0.021239 0.194426
vn -0.982325 -0.027621 0.185132
vn -0.983904 -0.065913 0.166099
vn -0.982177 -0.118452 0.145935
vn -0.972963 -0.190052 0.131241
vn -0.958557 -0.256866 0.123243
vn -0.929420 -0.348654 0.120908
vn -0.000000 -0.964146 0.265373
vn 0.723624 0.029166 0.689578
vn 0.735041 0.041007 0.676781
vn 0.760043 0.074836 0.645550
vn 0.788959 0.123215 0.601965
vn 0.815164 0.179675 0.550658
vn 0.834269 0.247162 0.492856
vn 0.840796 0.327624 0.430957
vn 0.805947 0.446416 0.388797
vn -0.000000 0.849253 0.527986
vn 0.980687 -0.021239 0.194426
vn 0.982326 -0.027622 0.185131
vn 0.983904 -0.065917 0.166097
vn 0.982177 -0.118457 0.145933
vn 0.972962 -0.190058 0.131240
vn 0.958557 -0.256863 0.123247
vn 0.929425 -0.348639 0.120910
vn -0.735043 0.041006 0.676780
vn -0.723624 0.029166 0.689578
vn -0.760045 0.074835 0.645547
vn -0.788968 0.123211 0.601954
vn -0.815170 0.179662 0.550654
vn -0.834290 0.247154 0.492823
vn -0.840824 0.327598 0.430923
vn -0.805978 0.446360 0.388796
vn 0.000000 0.000001 1.000000
vn 0.000000 0.000001 1.000000
vn 0.000000 0.000000 1.000000
vn 0.000000 0.000000 1.000000
vn 0.000000 0.000001 1.000000
vn 0.000000 0.000000 1.000000
vn 0.000000 0.000001 1.000000
vn 0.000000 0.000000 1.000000
vn -0.000000 -0.000000 1.000000
vn -0.000000 -0.000000 1.000000
vn 0.000000 -0.000000 1.000000
vn 0.000000 -0.000000 1.000000
vn 0.000000 0.000000 1.000000
vn 0.000000 0.000000 1.000000
vn 0.000000 -0.000000 1.000000
vn 0.000000 -0.000000 1.000000
vn 0.000000 0.000000 1.000000
vn 0.000000 -0.000000 1.000000
vn 0.000000 0.000000 1.000000
vn 0.000000 -0.000000 1.000000
vn -0.000000 0.000001 1.000000
vn -0.000000 0.000001 1.000000
vn 0.000000 0.000001 1.000000
vn 0.000000 0.000001 1.000000
vn -0.950146 0.311618 0.010850
vn -0.016937 0.173579 0.984674
vn -0.010158 0.174244 0.984650
vn -0.948942 0.315287 0.010117
vn -0.483744 0.875161 0.009285
vn -0.017996 0.788840 0.614336
vn -0.006743 0.843722 0.536738
vn -0.436756 0.899559 0.006171
vn -0.482608 0.875790 -0.009035
vn -0.948952 0.315252 -0.010300
vn 0.014330 0.174082 0.984627
vn 0.011260 0.816507 0.577225
vn 0.560969 0.765871 0.314254
vn 0.583644 0.730864 0.353833
vn 0.016070 0.835009 0.550003
vn 0.708950 0.133284 0.692550
vn 0.012066 0.168220 0.985676
vn 0.706848 0.118251 0.697412
vn 0.560380 0.760781 -0.327393
vn 0.011698 0.802312 -0.596791
vn 0.015978 0.822748 -0.568182
vn 0.582539 0.725358 -0.366748
vn 0.014247 0.158502 -0.987256
vn 0.714513 0.120689 -0.689133
vn 0.712493 0.106397 -0.693566
vn 0.012256 0.152700 -0.988197
vn -0.010105 0.158689 -0.987277
vn -0.018874 0.773633 -0.633353
vn -0.437250 0.899318 -0.006332
vn -0.006861 0.832105 -0.554576
vn -0.016953 0.158093 -0.987279
vn -0.950202 0.311448 -0.010766
vn -0.998005 0.059530 0.021032
vn -0.022541 0.081622 0.996408
vn -0.022030 0.062029 0.997831
vn -0.999026 0.040000 0.018641
vn -0.998005 0.059479 -0.021181
vn 0.022079 0.079150 0.996618
vn 0.706537 0.051104 0.705828
vn 0.706495 0.032345 0.706978
vn 0.023579 0.060256 0.997904
vn -0.022371 0.081538 -0.996419
vn -0.999027 0.039994 -0.018586
vn -0.022081 0.062034 -0.997830
vn 0.022142 0.079032 -0.996626
vn 0.710154 0.050786 -0.702213
vn 0.023515 0.060254 -0.997906
vn 0.710111 0.032345 -0.703346
vn -0.136118 -0.990680 0.005099
vn -0.005156 -0.991045 0.133427
vn -0.006482 -0.900142 0.435548
vn -0.457209 -0.889340 0.005917
vn -0.136617 -0.990611 -0.005097
vn 0.005237 -0.991531 0.129767
vn 0.145237 -0.979745 0.137861
vn 0.126503 -0.985120 0.116343
vn 0.006711 -0.900015 0.435808
vn -0.005162 -0.991099 -0.133028
vn -0.456776 -0.889564 -0.005739
vn -0.006778 -0.900024 -0.435788
vn 0.005231 -0.991473 -0.130207
vn 0.144973 -0.979610 -0.139094
vn 0.006420 -0.900146 -0.435541
vn 0.128704 -0.983800 -0.124788
vn -0.999776 -0.013282 0.016488
vn -0.020150 -0.102320 0.994547
vn -0.018096 -0.120936 0.992495
vn -0.998992 -0.040482 0.019411
vn -0.999777 -0.013125 -0.016562
vn 0.019870 -0.102494 0.994535
vn 0.709047 -0.105428 0.697235
vn 0.708457 -0.098938 0.698784
vn 0.018288 -0.121196 0.992460
vn -0.020054 -0.102454 -0.994536
vn -0.998993 -0.040474 -0.019360
vn -0.018153 -0.120932 -0.992495
vn 0.019963 -0.102363 -0.994547
vn 0.712087 -0.104708 -0.694240
vn 0.018228 -0.121197 -0.992461
vn 0.711932 -0.097943 -0.695385
vn -0.082046 -0.996626 0.002370
vn -0.002458 -0.996513 0.083401
vn -0.004971 -0.936993 0.349314
vn -0.391697 -0.920089 0.003197
vn -0.082390 -0.996597 -0.002368
vn 0.002460 -0.996483 0.083755
vn 0.090317 -0.991465 0.094024
vn 0.085179 -0.992886 0.083204
vn 0.003881 -0.934887 0.354925
vn -0.002462 -0.996522 -0.083299
vn -0.391634 -0.920116 -0.003175
vn -0.005241 -0.937083 -0.349066
vn 0.002463 -0.996454 -0.084104
vn 0.090163 -0.991406 -0.094790
vn 0.003714 -0.935078 -0.354422
vn 0.086933 -0.992231 -0.088995
vn -0.986779 0.161719 0.010709
vn -0.020478 -0.135551 0.990559
vn -0.012837 -0.123895 0.992212
vn -0.985222 0.170557 0.015727
vn -0.986749 0.161902 -0.010711
vn 0.014720 -0.137695 0.990365
vn 0.692666 -0.202060 0.692377
vn 0.696038 -0.176241 0.696038
vn 0.017066 -0.128226 0.991598
vn -0.020487 -0.135675 -0.990542
vn -0.985222 0.170557 -0.015727
vn -0.012837 -0.123895 -0.992212
vn 0.014718 -0.137654 -0.990371
vn 0.692392 -0.201973 -0.692676
vn 0.017066 -0.128227 -0.991598
vn 0.696040 -0.176243 -0.696037
vn 0.950146 0.311617 0.010850
vn 0.948942 0.315287 0.010117
vn 0.010158 0.174244 0.984650
vn 0.016937 0.173579 0.984674
vn 0.483744 0.875161 0.009285
vn 0.436756 0.899559 0.006172
vn 0.006743 0.843722 0.536738
vn 0.017996 0.788839 0.614336
vn 0.948952 0.315251 -0.010300
vn 0.482608 0.875790 -0.009035
vn -0.011260 0.816507 0.577226
vn -0.014330 0.174082 0.984627
vn -0.016070 0.835008 0.550003
vn -0.583645 0.730864 0.353831
vn -0.560969 0.765871 0.314253
vn -0.708950 0.133284 0.692550
vn -0.706848 0.118251 0.697412
vn -0.012066 0.168220 0.985676
vn -0.560379 0.760783 -0.327391
vn -0.582538 0.725360 -0.366746
vn -0.015978 0.822748 -0.568181
vn -0.011698 0.802312 -0.596790
vn -0.014247 0.158502 -0.987256
vn -0.012256 0.152700 -0.988197
vn -0.712492 0.106397 -0.693567
vn -0.714512 0.120688 -0.689135
vn 0.018874 0.773633 -0.633353
vn 0.010105 0.158689 -0.987277
vn 0.006861 0.832105 -0.554575
vn 0.437250 0.899318 -0.006332
vn 0.950202 0.311448 -0.010766
vn 0.016953 0.158093 -0.987279
vn 0.998005 0.059530 0.021032
vn 0.999026 0.040000 0.018641
vn 0.022030 0.062029 0.997831
vn 0.022541 0.081622 0.996408
vn 0.998005 0.059479 -0.021181
vn -0.022079 0.079149 0.996618
vn -0.023579 0.060256 0.997904
vn -0.706495 0.032345 0.706979
vn -0.706537 0.051104 0.705829
vn 0.022371 0.081538 -0.996419
vn 0.022081 0.062034 -0.997830
vn 0.999027 0.039994 -0.018586
vn -0.022142 0.079032 -0.996626
vn -0.710154 0.050786 -0.702212
vn -0.710112 0.032345 -0.703346
vn -0.023515 0.060254 -0.997906
vn 0.136118 -0.990680 0.005099
vn 0.457214 -0.889337 0.005917
vn 0.006482 -0.900141 0.435549
vn 0.005156 -0.991045 0.133428
vn 0.136616 -0.990611 -0.005097
vn -0.005237 -0.991531 0.129768
vn -0.006711 -0.900014 0.435809
vn -0.126503 -0.985120 0.116343
vn -0.145238 -0.979745 0.137862
vn 0.005162 -0.991099 -0.133030
vn 0.006778 -0.900024 -0.435787
vn 0.456780 -0.889561 -0.005739
vn -0.005231 -0.991473 -0.130209
vn -0.144972 -0.979609 -0.139102
vn -0.128705 -0.983801 -0.124784
vn -0.006420 -0.900147 -0.435540
vn 0.999776 -0.013282 0.016488
vn 0.998992 -0.040482 0.019411
vn 0.018096 -0.120936 0.992495
vn 0.020150 -0.102320 0.994547
vn 0.999777 -0.013124 -0.016562
vn -0.019870 -0.102494 0.994535
vn -0.018288 -0.121196 0.992460
vn -0.708458 -0.098938 0.698784
vn -0.709048 -0.105428 0.697235
vn 0.020054 -0.102454 -0.994536
vn 0.018153 -0.120932 -0.992495
vn 0.998993 -0.040475 -0.019360
vn -0.019963 -0.102363 -0.994547
vn -0.712086 -0.104707 -0.694241
vn -0.711931 -0.097942 -0.695386
vn -0.018228 -0.121197 -0.992461
vn 0.082047 -0.996626 0.002370
vn 0.391697 -0.920089 0.003197
vn 0.004971 -0.936992 0.349317
vn 0.002458 -0.996513 0.083400
vn 0.082390 -0.996597 -0.002368
vn -0.002460 -0.996484 0.083754
vn -0.003881 -0.934886 0.354928
vn -0.085179 -0.992885 0.083207
vn -0.090317 -0.991465 0.094026
vn 0.002462 -0.996521 -0.083302
vn 0.005241 -0.937083 -0.349067
vn 0.391634 -0.920116 -0.003175
vn -0.002463 -0.996454 -0.084106
vn -0.090163 -0.991406 -0.094793
vn -0.086933 -0.992231 -0.088998
vn -0.003714 -0.935078 -0.354423
vn 0.986779 0.161719 0.010709
vn 0.985222 0.170557 0.015727
vn 0.012837 -0.123895 0.992212
vn 0.020478 -0.135551 0.990559
vn 0.986749 0.161902 -0.010711
vn -0.014720 -0.137695 0.990365
vn -0.017066 -0.128226 0.991598
vn -0.696039 -0.176241 0.696038
vn -0.692666 -0.202061 0.692376
vn 0.020486 -0.135675 -0.990542
vn 0.012837 -0.123895 -0.992212
vn 0.985222 0.170557 -0.015727
vn -0.014718 -0.137654 -0.990371
vn -0.692391 -0.201973 -0.692677
vn -0.696039 -0.176243 -0.696038
vn -0.017066 -0.128226 -0.991598
vn 0.000000 0.510256 -0.860023
vn 0.000000 0.510256 -0.860023
vn 0.000000 0.305772 -0.952105
vn 0.000000 0.305772 -0.952105
vn 0.000000 0.510256 -0.860023
vn 0.000000 0.510256 -0.860023
vn 0.000000 0.305772 -0.952105
vn 0.000000 0.305772 -0.952105
vn -0.213476 -0.221209 -0.951575
vn -0.276841 0.490313 -0.826409
vn 0.000000 0.510256 -0.860023
vn 0.000000 0.305772 -0.952105
vn 0.186566 0.501297 -0.844923
vn 0.145683 -0.090374 -0.985195
vn 0.000000 1.000000 0.000000
vn 0.000000 1.000000 0.000000
vn -0.000000 -1.000000 0.000000
vn 0.000000 -1.000000 0.000000
vn 0.000000 -1.000000 0.000000
vn -0.000000 -1.000000 0.000000
vn 0.000000 1.000000 0.000000
vn 0.000000 1.000000 0.000000
vn 0.000000 -1.000000 0.000000
vn 0.000000 -1.000000 0.000000
vn 0.000000 -1.000000 0.000000
vn 0.000000 -1.000000 0.000000
vn -0.459895 -0.887974 0.000000
vn -0.707695 0.706518 0.000000
vn 0.000000 1.000000 0.000000
vn 0.000000 -1.000000 0.000000
vn 0.000000 -1.000000 0.000000
vn 0.477425 0.878673 0.000000
vn 0.430913 -0.902394 0.000000
vn -0.119839 0.109069 0.986784
vn -0.093223 -0.001232 0.995645
vn 0.092733 0.000000 0.995691
vn 0.119127 0.109493 0.986823
vn -0.095479 -0.003821 0.995424
vn 0.093583 0.000000 0.995612
vn -0.105975 -0.010665 0.994312
vn 0.102833 0.000000 0.994699
vn -0.135699 -0.026771 0.990388
vn 0.130801 0.000000 0.991409
vn -0.159015 -0.041127 0.986419
vn 0.172762 0.000530 0.984963
vn -0.394029 -0.161363 0.904822
vn 0.375018 0.007918 0.926984
vn -0.007737 -0.491734 0.870711
vn 0.119932 0.109063 0.986773
vn -0.119035 0.109502 0.986833
vn -0.092703 -0.000000 0.995694
vn 0.093252 -0.001232 0.995642
vn -0.093583 0.000000 0.995612
vn 0.095473 -0.003820 0.995425
vn -0.102833 0.000000 0.994699
vn 0.105966 -0.010664 0.994313
vn -0.130801 0.000000 0.991409
vn 0.135690 -0.026769 0.990390
vn -0.172762 0.000530 0.984963
vn 0.159006 -0.041124 0.986421
vn -0.375017 0.007918 0.926984
vn 0.394021 -0.161362 0.904826
vn 0.007739 -0.491733 0.870712
vn 0.005530 -0.999985 -0.000001
vn 0.999966 0.008203 -0.000003
vn 0.997784 0.008661 0.065965
vn 0.005699 -0.998847 0.047674
vn 0.048527 -0.057121 0.997187
vn -0.044148 -0.057526 0.997367
vn -0.007860 -0.998979 0.044497
vn 0.997539 0.022296 0.066468
vn 0.062150 0.001390 0.998066
vn 0.995996 0.060648 0.065682
vn 0.066333 0.004039 0.997789
vn 0.991324 0.113628 0.066070
vn 0.072522 0.008313 0.997332
vn 0.979853 0.188804 0.065124
vn 0.076779 0.014794 0.996938
vn 0.964249 0.256592 0.066207
vn 0.083417 0.022198 0.996267
vn 0.934819 0.353088 0.037991
vn 0.052454 0.019473 0.998433
vn -0.087685 0.982637 0.163512
vn -0.030949 0.092015 0.995277
vn -0.013854 -0.171625 0.985065
vn 0.000012 -1.000000 0.000151
vn -0.986163 -0.010667 0.165432
vn 0.985946 -0.010869 0.166708
vn 0.007855 -0.998970 0.044693
vn -0.053803 -0.000000 0.998552
vn -0.986204 -0.000000 0.165538
vn -0.051238 -0.000000 0.998687
vn -0.986207 -0.000000 0.165516
vn -0.051237 0.000000 0.998687
vn -0.986207 0.000000 0.165516
vn -0.051237 0.000000 0.998687
vn -0.986207 0.000000 0.165516
vn -0.067501 -0.000070 0.997719
vn -0.987616 -0.000060 0.156889
vn -0.090360 -0.000089 0.995909
vn -0.988667 -0.000831 0.150123
vn -0.004815 0.005167 0.999975
vn -0.343755 0.480262 0.806958
vn 0.343379 0.481727 0.806245
vn 0.004694 0.005134 0.999976
vn -0.039274 -0.000532 0.999228
vn -0.855482 -0.011314 0.517709
vn -0.047086 -0.001973 0.998889
vn -0.867524 -0.034490 0.496198
vn 0.036260 0.000009 0.999342
vn 0.850520 0.000019 0.525943
vn 0.851993 0.000000 0.523553
vn 0.039782 -0.000000 0.999208
vn -0.054869 -0.005796 0.998477
vn -0.896551 -0.089361 0.433833
vn 0.851993 0.000000 0.523553
vn 0.039783 -0.000000 0.999208
vn -0.058627 -0.011674 0.998212
vn -0.918700 -0.179112 0.352009
vn 0.851993 0.000000 0.523553
vn 0.039783 0.000000 0.999208
vn -0.054988 -0.014044 0.998388
vn -0.918611 -0.237012 0.316195
vn 0.858395 0.002314 0.512985
vn 0.033246 -0.000026 0.999447
vn -0.032470 -0.013011 0.999388
vn -0.860905 -0.343177 0.375596
vn 0.925141 0.017495 0.379221
vn 0.039567 0.000186 0.999217
vn 0.000093 -0.000784 1.000000
vn 0.005400 -0.377195 0.926118
vn -0.997798 0.008682 0.065757
vn -0.048477 -0.057119 0.997190
vn -0.062007 0.001389 0.998075
vn -0.997539 0.022297 0.066469
vn -0.005702 -0.998777 0.049105
vn -0.999967 0.008169 -0.000002
vn -0.005510 -0.999985 -0.000002
vn 0.045205 -0.058871 0.997242
vn -0.066338 0.004039 0.997789
vn -0.995996 0.060648 0.065684
vn -0.072529 0.008313 0.997332
vn -0.991324 0.113628 0.066070
vn -0.076789 0.014796 0.996938
vn -0.979853 0.188804 0.065124
vn -0.083435 0.022203 0.996266
vn -0.964249 0.256592 0.066207
vn -0.052669 0.019579 0.998420
vn -0.934811 0.353082 0.038229
vn 0.030848 0.092515 0.995233
vn 0.087805 0.982544 0.164005
vn 0.986086 -0.000013 0.166238
vn 0.054534 -0.000014 0.998512
vn 0.090656 -0.000086 0.995882
vn 0.988627 -0.000824 0.150384
vn 0.986207 -0.000000 0.165516
vn 0.051238 -0.000000 0.998687
vn 0.986207 0.000000 0.165516
vn 0.051237 0.000000 0.998687
vn 0.986207 0.000000 0.165516
vn 0.051237 0.000000 0.998687
vn 0.987616 -0.000060 0.156890
vn 0.067501 -0.000070 0.997719
vn 0.004777 0.005174 0.999975
vn 0.343748 0.480750 0.806670
vn 0.855660 -0.011310 0.517415
vn 0.039133 -0.000528 0.999234
vn -0.004741 0.005139 0.999976
vn -0.343399 0.481257 0.806516
vn 0.867500 -0.034489 0.496240
vn 0.047117 -0.001975 0.998887
vn -0.036422 0.000006 0.999337
vn -0.850337 0.000013 0.526238
vn -0.039782 -0.000000 0.999208
vn -0.851993 0.000000 0.523553
vn 0.896499 -0.089356 0.433941
vn 0.054914 -0.005801 0.998474
vn -0.039783 -0.000000 0.999208
vn -0.851993 0.000000 0.523553
vn 0.918641 -0.179101 0.352167
vn 0.058660 -0.011680 0.998210
vn -0.039783 0.000000 0.999208
vn -0.851993 0.000000 0.523553
vn 0.918541 -0.236992 0.316413
vn 0.055030 -0.014054 0.998386
vn -0.033245 -0.000026 0.999447
vn -0.858394 0.002314 0.512985
vn 0.859748 -0.342686 0.378682
vn 0.032535 -0.013029 0.999386
vn -0.039624 0.000203 0.999215
vn -0.924673 0.017505 0.380360
vn -0.005312 -0.369529 0.929204
vn -0.000090 -0.000766 1.000000
vn 0.999750 0.022350 0.000000
vn 0.998151 0.060779 0.000000
vn 0.993495 0.113877 0.000000
vn 0.981937 0.189206 0.000000
vn 0.966370 0.257156 0.000000
vn 0.935044 0.353540 -0.026506
vn -0.000037 0.989467 0.144761
vn -0.003845 -0.000000 0.999993
vn -0.000000 -0.000000 1.000000
vn -0.000000 0.000000 1.000000
vn 0.000000 0.000000 1.000000
vn 0.000000 0.000000 1.000000
vn -0.000862 -0.008070 0.999967
vn -0.999750 0.022350 0.000001
vn -0.998151 0.060779 0.000000
vn -0.993495 0.113877 0.000000
vn -0.981937 0.189206 0.000000
vn -0.966370 0.257156 0.000000
vn -0.935054 0.353516 -0.026483
vn -0.950075 0.311745 0.013149
vn -0.660408 0.318701 0.679920
vn -0.659372 0.328607 0.676200
vn -0.949347 0.313982 0.012444
vn -0.647548 0.761780 0.019300
vn -0.344699 0.904343 0.251686
vn -0.322346 0.915796 0.239604
vn -0.585542 0.810619 0.006128
vn -0.620993 0.783735 -0.011275
vn -0.949179 0.314372 -0.015155
vn 0.000011 0.879996 0.474982
vn 0.000000 0.154488 0.987995
vn 0.010427 0.157214 0.987510
vn 0.008596 0.886919 0.461846
vn 0.745635 0.665981 0.022304
vn 0.678985 0.734122 0.006621
vn 0.009120 0.909666 0.415240
vn 0.984257 0.176344 0.011900
vn 0.012686 0.152739 0.988185
vn 0.984568 0.174412 0.014375
vn 0.984082 0.177123 -0.014473
vn 0.718587 0.695311 -0.013228
vn 0.023483 0.376104 -0.926280
vn 0.009854 0.435886 -0.899948
vn 0.693125 0.720677 -0.014224
vn 0.009622 0.003777 -0.999947
vn 0.984968 0.172299 -0.012304
vn 0.013902 0.002762 -0.999900
vn -0.008414 0.004461 -0.999955
vn -0.025614 0.374415 -0.926908
vn -0.598539 0.800969 -0.014133
vn -0.009050 0.439226 -0.898331
vn -0.016276 0.005636 -0.999852
vn -0.950685 0.309946 -0.011487
vn -0.968969 0.246133 0.022761
vn -0.670442 0.319405 0.669692
vn -0.684242 0.250310 0.684951
vn -0.983308 0.181004 0.018509
vn -0.971209 0.237263 -0.021450
vn 0.000001 0.244613 0.969621
vn 0.000001 0.909365 0.415998
vn 0.020956 0.242255 0.969986
vn 0.993639 0.109901 0.024550
vn 0.998982 0.041911 0.016671
vn 0.022355 0.172865 0.984692
vn 0.994711 0.100168 -0.022749
vn -0.024856 0.095236 -0.995144
vn -0.984377 0.174600 -0.022740
vn -0.016817 0.042035 -0.998975
vn 0.021760 0.089743 -0.995727
vn 0.020407 0.035908 -0.999147
vn 0.999145 0.035891 -0.020542
vn -0.160503 -0.987019 0.005774
vn -0.164473 -0.972497 0.164921
vn -0.129570 -0.982599 0.133084
vn -0.452113 -0.891937 0.006425
vn -0.150353 -0.988613 -0.006261
vn 0.000058 -0.987138 0.159870
vn 0.000014 0.176024 0.984386
vn 0.006140 -0.988737 0.149538
vn 0.144680 -0.989467 0.004838
vn 0.449183 -0.893418 0.006145
vn 0.006416 -0.892279 0.451439
vn 0.136430 -0.990636 -0.005222
vn -0.004915 -0.989446 -0.144821
vn -0.451129 -0.892437 -0.006172
vn -0.006389 -0.893240 -0.449535
vn 0.005233 -0.990497 -0.137437
vn 0.006136 -0.893747 -0.448529
vn 0.448850 -0.893584 -0.006379
vn -0.998978 -0.041661 0.017555
vn -0.707287 -0.065352 0.703900
vn -0.707398 -0.064551 0.703862
vn -0.998509 -0.051449 0.018238
vn -0.998978 -0.041605 -0.017643
vn -0.000001 -0.040698 0.999172
vn -0.000085 -0.884812 0.465949
vn 0.017555 -0.041661 0.998978
vn 0.998978 -0.041605 0.017643
vn 0.998510 -0.051444 0.018176
vn 0.018238 -0.051449 0.998509
vn 0.998978 -0.041661 -0.017555
vn -0.017555 -0.041661 -0.998978
vn -0.998511 -0.051444 -0.018176
vn -0.018238 -0.051449 -0.998509
vn 0.017643 -0.041605 -0.998978
vn 0.018176 -0.051445 -0.998511
vn 0.998509 -0.051449 -0.018238
vn -0.083858 -0.996475 0.002294
vn -0.093884 -0.991103 0.094348
vn -0.084830 -0.992595 0.086948
vn -0.360315 -0.932824 0.003631
vn -0.084122 -0.996453 -0.002292
vn -0.000007 -0.996478 0.083857
vn -0.000001 -0.050715 0.998713
vn 0.002294 -0.996475 0.083858
vn 0.084120 -0.996453 0.002292
vn 0.360264 -0.932844 0.003504
vn 0.003631 -0.932826 0.360310
vn 0.083857 -0.996475 -0.002294
vn -0.002294 -0.996475 -0.083857
vn -0.360265 -0.932844 -0.003504
vn -0.003631 -0.932824 -0.360314
vn 0.002292 -0.996453 -0.084121
vn 0.003504 -0.932843 -0.360267
vn 0.360310 -0.932826 -0.003632
vn -0.995200 -0.097108 0.012099
vn -0.699553 -0.144763 0.699764
vn -0.701503 -0.125696 0.701494
vn -0.995782 -0.090765 0.013435
vn -0.995207 -0.097042 -0.012098
vn -0.000001 -0.095722 0.995408
vn -0.000044 -0.928557 0.371191
vn 0.012099 -0.097108 0.995200
vn 0.995207 -0.097042 0.012098
vn 0.995782 -0.090764 0.013435
vn 0.013435 -0.090764 0.995782
vn 0.995200 -0.097108 -0.012099
vn -0.012099 -0.097108 -0.995200
vn -0.995782 -0.090765 -0.013435
vn -0.013435 -0.090765 -0.995782
vn 0.012098 -0.097042 -0.995207
vn 0.013435 -0.090765 -0.995782
vn 0.995782 -0.090764 -0.013435
vn 0.000000 0.150587 0.988597
vn 0.000000 -0.089583 0.995979
vn 0.950075 0.311745 0.013149
vn 0.949347 0.313982 0.012444
vn 0.009102 0.157484 0.987480
vn 0.015027 0.155353 0.987745
vn 0.647549 0.761780 0.019300
vn 0.585542 0.810619 0.006128
vn 0.007709 0.910954 0.412436
vn 0.009198 0.882585 0.470064
vn 0.949179 0.314371 -0.015155
vn 0.620993 0.783735 -0.011275
vn -0.008597 0.886918 0.461846
vn -0.010427 0.157214 0.987510
vn -0.009120 0.909666 0.415241
vn -0.678985 0.734123 0.006621
vn -0.745635 0.665981 0.022304
vn -0.984257 0.176344 0.011900
vn -0.984568 0.174412 0.014375
vn -0.012686 0.152739 0.988185
vn -0.718586 0.695312 -0.013228
vn -0.984082 0.177123 -0.014473
vn -0.693125 0.720677 -0.014224
vn -0.009854 0.435885 -0.899948
vn -0.023483 0.376105 -0.926280
vn -0.009622 0.003777 -0.999947
vn -0.013902 0.002762 -0.999900
vn -0.984968 0.172299 -0.012304
vn 0.025614 0.374415 -0.926907
vn 0.008414 0.004461 -0.999955
vn 0.009050 0.439226 -0.898331
vn 0.598539 0.800969 -0.014133
vn 0.950685 0.309946 -0.011487
vn 0.016276 0.005636 -0.999852
vn 0.968969 0.246133 0.022761
vn 0.983308 0.181004 0.018509
vn 0.018427 0.179331 0.983616
vn 0.023833 0.249569 0.968064
vn 0.971209 0.237262 -0.021450
vn -0.020956 0.242255 0.969986
vn -0.022355 0.172865 0.984692
vn -0.998982 0.041911 0.016671
vn -0.993639 0.109901 0.024550
vn -0.994711 0.100168 -0.022749
vn 0.024856 0.095236 -0.995144
vn 0.016817 0.042035 -0.998975
vn 0.984377 0.174600 -0.022740
vn -0.021760 0.089743 -0.995727
vn -0.999145 0.035891 -0.020542
vn -0.020407 0.035908 -0.999147
vn 0.160503 -0.987019 0.005774
vn 0.452114 -0.891937 0.006425
vn 0.006180 -0.892141 0.451715
vn 0.005748 -0.987080 0.160123
vn 0.150353 -0.988613 -0.006261
vn -0.006140 -0.988737 0.149539
vn -0.006416 -0.892280 0.451437
vn -0.449183 -0.893419 0.006145
vn -0.144680 -0.989467 0.004838
vn -0.136429 -0.990636 -0.005222
vn 0.004915 -0.989446 -0.144820
vn 0.006389 -0.893245 -0.449526
vn 0.451129 -0.892437 -0.006172
vn -0.005233 -0.990497 -0.137436
vn -0.448850 -0.893585 -0.006379
vn -0.006136 -0.893751 -0.448521
vn 0.998978 -0.041661 0.017555
vn 0.998509 -0.051449 0.018238
vn 0.018175 -0.051445 0.998510
vn 0.017642 -0.041605 0.998978
vn 0.998978 -0.041605 -0.017642
vn -0.017555 -0.041661 0.998978
vn -0.018238 -0.051449 0.998509
vn -0.998510 -0.051444 0.018176
vn -0.998978 -0.041605 0.017642
vn -0.998978 -0.041661 -0.017555
vn 0.017555 -0.041661 -0.998978
vn 0.018238 -0.051449 -0.998509
vn 0.998510 -0.051444 -0.018176
vn -0.017643 -0.041605 -0.998978
vn -0.998509 -0.051449 -0.018238
vn -0.018176 -0.051445 -0.998510
vn 0.083857 -0.996475 0.002294
vn 0.360314 -0.932824 0.003631
vn 0.003504 -0.932846 0.360258
vn 0.002292 -0.996453 0.084119
vn 0.084121 -0.996453 -0.002292
vn -0.002294 -0.996475 0.083856
vn -0.003631 -0.932827 0.360307
vn -0.360264 -0.932844 0.003504
vn -0.084120 -0.996453 0.002292
vn -0.083857 -0.996475 -0.002294
vn 0.002294 -0.996475 -0.083860
vn 0.003631 -0.932822 -0.360319
vn 0.360264 -0.932844 -0.003504
vn -0.002292 -0.996453 -0.084123
vn -0.360310 -0.932826 -0.003632
vn -0.003504 -0.932841 -0.360272
vn 0.995200 -0.097108 0.012099
vn 0.995782 -0.090765 0.013435
vn 0.013435 -0.090764 0.995782
vn 0.012098 -0.097042 0.995207
vn 0.995207 -0.097042 -0.012098
vn -0.012099 -0.097108 0.995200
vn -0.013435 -0.090764 0.995782
vn -0.995782 -0.090764 0.013435
vn -0.995207 -0.097042 0.012098
vn -0.995200 -0.097108 -0.012099
vn 0.012099 -0.097108 -0.995200
vn 0.013435 -0.090765 -0.995782
vn 0.995782 -0.090765 -0.013435
vn -0.012098 -0.097042 -0.995207
vn -0.995782 -0.090764 -0.013435
vn -0.013435 -0.090765 -0.995782
vn 0.860023 0.510256 0.000000
vn 0.860023 0.510256 0.000000
vn 0.952105 0.305773 0.000000
vn 0.952105 0.305773 0.000000
vn 0.860023 0.510256 0.000000
vn 0.860023 0.510256 0.000000
vn 0.952105 0.305772 0.000000
vn 0.952105 0.305772 0.000000
vn 0.941248 0.302286 -0.150583
vn 0.842427 0.499816 -0.201248
vn 0.860023 0.510256 0.000000
vn 0.952105 0.305773 0.000000
vn 0.852243 0.505641 0.134197
vn 0.990373 -0.090849 0.104436
vn 0.000000 1.000000 0.000000
vn 0.000000 1.000000 0.000000
vn -0.000000 -1.000000 0.000000
vn -0.000000 -1.000000 0.000000
vn -0.000000 -1.000000 0.000000
vn -0.000000 -1.000000 0.000000
vn 0.000000 1.000000 0.000000
vn 0.000000 1.000000 0.000000
vn -0.000000 -1.000000 0.000000
vn -0.000000 -1.000000 0.000000
vn -0.000000 -1.000000 0.000000
vn -0.000000 -1.000000 0.000000
vn -0.000001 0.000000 -1.000000
vn -0.000000 0.813724 -0.581252
vn 0.000000 1.000000 0.000000
vn -0.000000 -1.000000 0.000000
vn -0.000000 -1.000000 0.000000
vn -0.000000 -1.000000 0.000000
vn -0.000000 -1.000000 0.000000
vn 0.000000 0.932450 0.361300
vn -0.000000 -0.943516 0.331328
vn 0.999874 0.004171 -0.015332
vn 0.011290 0.308954 -0.951010
vn 0.015383 0.316000 -0.948635
vn 0.999967 0.002642 -0.007717
vn 0.906865 0.420433 -0.028845
vn 0.005383 0.972089 -0.234552
vn 0.015420 0.974084 -0.225660
vn 0.890524 0.454888 -0.006700
vn 0.923968 0.382074 0.017430
vn 0.999938 0.002150 0.010946
vn -0.010720 0.316797 -0.948433
vn -0.005119 0.969000 -0.247007
vn -0.523106 0.852122 -0.015762
vn -0.425613 0.904900 -0.003238
vn -0.006474 0.976091 -0.217267
vn -0.949318 0.314202 -0.008542
vn -0.015265 0.313442 -0.949485
vn -0.949454 0.313651 -0.012657
vn -0.948843 0.315506 0.012404
vn -0.466000 0.884749 0.007944
vn 0.020042 0.388504 0.921229
vn 0.902729 0.429995 0.013560
vn 0.014913 0.428230 0.903547
vn 0.013247 0.003246 0.999907
vn -0.029613 0.380984 0.924107
vn -0.009477 0.004603 0.999945
vn 0.013115 0.000320 0.999914
vn 0.999940 -0.000804 0.010924
vn -0.007795 0.442311 0.896828
vn -0.438289 0.898718 0.014458
vn -0.950707 0.309952 0.009256
vn -0.018608 0.006394 0.999806
vn 0.997371 0.069345 -0.021040
vn 0.027629 0.085697 -0.995938
vn 0.023697 0.028349 -0.999317
vn 0.999429 0.025950 -0.021619
vn 0.997433 0.067690 0.023360
vn -0.032033 0.100525 -0.994419
vn -0.967671 0.251414 -0.020078
vn -0.980105 0.196986 -0.024318
vn -0.018857 0.037096 -0.999134
vn -0.968415 0.248377 0.021958
vn -0.029385 0.076106 0.996667
vn -0.018523 0.037180 0.999137
vn -0.980115 0.196914 0.024494
vn 0.025374 0.068194 0.997349
vn 0.999426 0.025937 0.021770
vn 0.023981 0.028482 0.999307
vn 0.134560 -0.990892 -0.005128
vn 0.006439 -0.990501 -0.137358
vn 0.007512 -0.895704 -0.444587
vn 0.447756 -0.894133 -0.006362
vn 0.135017 -0.990830 0.005124
vn -0.004944 -0.981581 -0.190982
vn -0.606400 -0.794414 -0.034444
vn -0.655220 -0.755436 -0.001826
vn -0.022221 -0.931316 -0.363533
vn -0.597113 -0.801488 0.032770
vn -0.004785 -0.981672 0.190521
vn -0.021661 -0.931096 0.364129
vn -0.658085 -0.752941 0.001668
vn 0.006407 -0.990705 0.135880
vn 0.447422 -0.894302 0.006120
vn 0.007824 -0.895418 0.445158
vn 0.998946 -0.042407 -0.017547
vn 0.023084 -0.042934 -0.998811
vn 0.023816 -0.052013 -0.998362
vn 0.998461 -0.052377 -0.018241
vn 0.998947 -0.042351 0.017635
vn -0.024655 -0.044420 -0.998709
vn -0.999684 0.018241 -0.017283
vn -0.999809 0.005313 -0.018796
vn -0.022607 -0.049982 -0.998494
vn -0.999686 0.018211 0.017199
vn -0.024781 -0.044339 0.998709
vn -0.022532 -0.049986 0.998496
vn -0.999808 0.005309 0.018851
vn 0.022969 -0.042988 0.998812
vn 0.998462 -0.052372 0.018178
vn 0.023893 -0.052013 0.998361
vn 0.083720 -0.996487 -0.002290
vn 0.003044 -0.996620 -0.082091
vn 0.004505 -0.933182 -0.359377
vn 0.358515 -0.933517 -0.003604
vn 0.083982 -0.996465 0.002288
vn -0.003008 -0.996456 -0.084059
vn -0.084612 -0.996411 -0.002410
vn -0.372274 -0.928117 -0.003397
vn -0.005088 -0.933795 -0.357773
vn -0.084326 -0.996435 0.002412
vn -0.003005 -0.996438 0.084274
vn -0.004886 -0.933811 0.357733
vn -0.372333 -0.928093 0.003502
vn 0.003046 -0.996644 0.081804
vn 0.358463 -0.933537 0.003479
vn 0.004677 -0.933088 0.359618
vn 0.993948 -0.109195 -0.012007
vn 0.015749 -0.109668 -0.993844
vn 0.017713 -0.102595 -0.994566
vn 0.994674 -0.102183 -0.013508
vn 0.993956 -0.109123 0.012006
vn -0.016995 -0.109171 -0.993878
vn -0.999236 -0.037277 -0.011747
vn -0.999447 -0.030184 -0.013993
vn -0.016503 -0.101292 -0.994720
vn -0.999233 -0.037367 0.011747
vn -0.016992 -0.109091 0.993887
vn -0.016503 -0.101292 0.994720
vn -0.999446 -0.030184 0.013993
vn 0.015751 -0.109731 0.993837
vn 0.994674 -0.102183 0.013508
vn 0.017714 -0.102594 0.994566
vn -0.999874 0.004171 -0.015332
vn -0.999967 0.002642 -0.007717
vn -0.015383 0.316000 -0.948635
vn -0.011291 0.308954 -0.951010
vn -0.906865 0.420433 -0.028845
vn -0.890523 0.454888 -0.006700
vn -0.015420 0.974084 -0.225660
vn -0.005383 0.972089 -0.234552
vn -0.999938 0.002150 0.010946
vn -0.923968 0.382074 0.017430
vn 0.005119 0.969000 -0.247007
vn 0.010720 0.316797 -0.948433
vn 0.006474 0.976091 -0.217267
vn 0.425612 0.904900 -0.003238
vn 0.523106 0.852122 -0.015762
vn 0.949318 0.314202 -0.008542
vn 0.949454 0.313651 -0.012657
vn 0.015265 0.313442 -0.949485
vn 0.466000 0.884749 0.007944
vn 0.948843 0.315505 0.012404
vn -0.020042 0.388505 0.921229
vn -0.014913 0.428230 0.903547
vn -0.902729 0.429996 0.013560
vn -0.013247 0.003246 0.999907
vn 0.009477 0.004603 0.999945
vn 0.029613 0.380984 0.924107
vn -0.999940 -0.000804 0.010924
vn -0.013115 0.000320 0.999914
vn 0.438289 0.898718 0.014458
vn 0.007796 0.442311 0.896828
vn 0.018608 0.006394 0.999806
vn 0.950707 0.309952 0.009256
vn -0.997371 0.069345 -0.021040
vn -0.999429 0.025950 -0.021619
vn -0.023697 0.028349 -0.999317
vn -0.027629 0.085697 -0.995938
vn -0.997433 0.067690 0.023360
vn 0.032033 0.100525 -0.994419
vn 0.018857 0.037096 -0.999134
vn 0.980105 0.196986 -0.024318
vn 0.967671 0.251414 -0.020078
vn 0.968415 0.248377 0.021958
vn 0.980115 0.196914 0.024494
vn 0.018523 0.037180 0.999137
vn 0.029385 0.076106 0.996667
vn -0.025373 0.068194 0.997349
vn -0.023981 0.028482 0.999307
vn -0.999427 0.025937 0.021770
vn -0.134560 -0.990892 -0.005128
vn -0.447755 -0.894134 -0.006362
vn -0.007512 -0.895704 -0.444588
vn -0.006439 -0.990500 -0.137359
vn -0.135017 -0.990830 0.005124
vn 0.004944 -0.981581 -0.190983
vn 0.022221 -0.931316 -0.363534
vn 0.655221 -0.755435 -0.001827
vn 0.606400 -0.794413 -0.034445
vn 0.597113 -0.801487 0.032769
vn 0.658087 -0.752940 0.001668
vn 0.021661 -0.931096 0.364130
vn 0.004785 -0.981671 0.190523
vn -0.006407 -0.990704 0.135882
vn -0.007824 -0.895417 0.445159
vn -0.447421 -0.894303 0.006120
vn -0.998946 -0.042407 -0.017547
vn -0.998461 -0.052377 -0.018241
vn -0.023816 -0.052013 -0.998362
vn -0.023085 -0.042934 -0.998811
vn -0.998947 -0.042351 0.017635
vn 0.024655 -0.044420 -0.998709
vn 0.022607 -0.049982 -0.998494
vn 0.999809 0.005313 -0.018796
vn 0.999684 0.018241 -0.017283
vn 0.999686 0.018211 0.017199
vn 0.999808 0.005309 0.018851
vn 0.022532 -0.049986 0.998496
vn 0.024781 -0.044339 0.998709
vn -0.022969 -0.042988 0.998812
vn -0.023894 -0.052013 0.998361
vn -0.998462 -0.052372 0.018178
vn -0.083720 -0.996487 -0.002290
vn -0.358515 -0.933517 -0.003604
vn -0.004505 -0.933181 -0.359379
vn -0.003044 -0.996620 -0.082090
vn -0.083982 -0.996465 0.002288
vn 0.003008 -0.996456 -0.084058
vn 0.005088 -0.933794 -0.357774
vn 0.372275 -0.928116 -0.003396
vn 0.084613 -0.996411 -0.002410
vn 0.084327 -0.996435 0.002413
vn 0.372333 -0.928092 0.003502
vn 0.004886 -0.933811 0.357734
vn 0.003005 -0.996438 0.084274
vn -0.003046 -0.996644 0.081804
vn -0.004677 -0.933087 0.359619
vn -0.358463 -0.933537 0.003480
vn -0.993948 -0.109195 -0.012007
vn -0.994674 -0.102183 -0.013508
vn -0.017713 -0.102595 -0.994566
vn -0.015748 -0.109668 -0.993844
vn -0.993956 -0.109123 0.012006
vn 0.016995 -0.109171 -0.993878
vn 0.016503 -0.101292 -0.994720
vn 0.999446 -0.030184 -0.013994
vn 0.999236 -0.037277 -0.011747
vn 0.999233 -0.037367 0.011747
vn 0.999446 -0.030184 0.013993
vn 0.016504 -0.101292 0.994720
vn 0.016992 -0.109091 0.993887
vn -0.015751 -0.109731 0.993837
vn -0.017713 -0.102594 0.994566
vn -0.994674 -0.102183 0.013508
vn -0.000000 0.000000 -1.000000
vn -0.000000 0.000000 -1.000000
vn 0.000000 0.000000 -1.000000
vn 0.000000 0.000000 -1.000000
vn 0.000000 0.000000 -1.000000
vn 0.000000 0.000000 -1.000000
vn 0.000000 0.000000 -1.000000
vn 0.000000 0.000000 -1.000000
vn 0.000000 -0.000001 -1.000000
vn 0.000000 -0.000001 -1.000000
vn 0.000000 -0.000001 -1.000000
vn 0.000000 -0.000001 -1.000000
vn 0.000000 -0.000001 -1.000000
vn 0.000000 -0.000001 -1.000000
vn 0.000000 -0.000001 -1.000000
vn 0.000000 -0.000001 -1.000000
vn -0.000001 0.000000 -1.000000
vn -0.000000 0.000000 -1.000000
vn -0.000000 -0.000000 -1.000000
vn -0.000001 -0.000000 -1.000000
vn 0.000000 0.000000 -1.000000
vn 0.000000 -0.000000 -1.000000
vn 0.000000 0.000000 -1.000000
vn 0.000000 -0.000000 -1.000000
vn 0.000000 0.000000 -1.000000
vn 0.000000 0.000001 -1.000000
vn 0.000000 0.000001 -1.000000
vn 0.000000 0.000000 -1.000000
vn -0.000000 0.000000 -1.000000
vn -0.000000 0.000000 -1.000000
vn 0.000000 0.000000 -1.000000
vn 0.000000 0.000000 -1.000000
vn 0.000000 0.000000 -1.000000
vn 0.000000 0.000000 -1.000000
vn 0.000000 0.000000 -1.000000
vn 0.000000 0.000000 -1.000000
vn 0.000000 0.000000 -1.000000
vn 0.000000 0.000000 -1.000000
vn 0.000000 0.000000 -1.000000
vn 0.000000 0.000000 -1.000000
vn -0.860022 0.510257 0.000000
vn -0.952105 0.305773 0.000000
vn -0.952105 0.305773 0.000000
vn -0.860022 0.510257 0.000000
vn -0.860022 0.510257 0.000000
vn -0.952105 0.305773 0.000000
vn -0.952105 0.305773 0.000000
vn -0.860022 0.510257 0.000000
vn -0.941248 0.302286 -0.150583
vn -0.952105 0.305773 0.000000
vn -0.860022 0.510257 0.000000
vn -0.842426 0.499817 -0.201248
vn -0.990373 -0.090848 0.104436
vn -0.852243 0.505641 0.134197
vn 0.000000 1.000000 0.000000
vn 0.000000 1.000000 0.000000
vn 0.000000 -1.000000 0.000000
vn 0.000000 -1.000000 0.000000
vn 0.000000 -1.000000 0.000000
vn 0.000000 -1.000000 0.000000
vn 0.000000 1.000000 0.000000
vn 0.000000 1.000000 0.000000
vn 0.000000 -1.000000 0.000000
vn 0.000000 -1.000000 0.000000
vn 0.000000 -1.000000 0.000000
vn 0.000000 -1.000000 0.000000
vn 0.000000 0.000000 -1.000000
vn 0.000000 0.813724 -0.581251
vn 0.000000 1.000000 0.000000
vn 0.000000 -1.000000 0.000000
vn 0.000000 -1.000000 0.000000
vn 0.000000 -1.000000 0.000000
vn 0.000000 -1.000000 0.000000
vn 0.000000 0.932450 0.361299
vn 0.000000 -0.943515 0.331329
vn 0.996364 0.085195 0.000000
vn 0.996364 0.085196 0.000000
vn 0.996364 0.085195 0.000000
vn 0.996364 0.085196 0.000000
vn 0.996364 0.085195 0.000000
vn 0.996364 0.085196 0.000000
vn 0.996364 0.085195 0.000000
vn 0.996364 0.085195 0.000000
vn 0.996364 0.085196 0.000000
vn 0.996364 0.085197 0.000000
vn 0.996364 0.085195 0.000000
vn 0.996364 0.085195 0.000000
vn 0.996364 0.085197 0.000000
vn 0.996364 0.085194 0.000000
vn 0.996364 0.085196 0.000000
vn 0.996364 0.085194 0.000000
vn 0.996364 0.085197 0.000000
vn 0.996364 0.085195 0.000000
vn 0.996364 0.085195 0.000000
vn 0.996364 0.085196 0.000000
vn 0.996364 0.085197 0.000000
vn 0.996364 0.085196 0.000000
vn 0.996364 0.085196 0.000000
vn 0.996364 0.085197 0.000000
vn 0.996364 0.085195 0.000000
vn 0.996364 0.085196 0.000000
vn 0.996364 0.085196 0.000000
vn 0.996364 0.085195 0.000000
vn 0.996364 0.085195 0.000000
vn 0.996364 0.085196 0.000000
vn 0.996364 0.085196 0.000000
vn 0.996364 0.085196 0.000000
vn 0.996364 0.085195 0.000000
vn 0.996364 0.085195 0.000000
vn 0.996364 0.085195 0.000000
vn 0.996364 0.085195 0.000000
vn 0.996364 0.085195 0.000000
vn 0.996364 0.085195 0.000000
vn 0.996364 0.085195 0.000000
vn 0.996364 0.085195 0.000000
vn -0.996364 0.085195 0.000000
vn -0.996364 0.085195 0.000000
vn -0.996364 0.085196 0.000000
vn -0.996364 0.085195 0.000000
vn -0.996364 0.085196 0.000000
vn -0.996364 0.085196 0.000000
vn -0.996364 0.085196 0.000000
vn -0.996364 0.085195 0.000000
vn -0.996364 0.085195 0.000000
vn -0.996364 0.085197 0.000000
vn -0.996364 0.085197 0.000000
vn -0.996364 0.085196 0.000000
vn -0.996364 0.085196 -0.000000
vn -0.996364 0.085195 0.000000
vn -0.996364 0.085195 0.000000
vn -0.996364 0.085196 0.000000
vn -0.996364 0.085196 0.000000
vn -0.996364 0.085195 0.000000
vn -0.996364 0.085195 0.000000
vn -0.996364 0.085195 0.000000
vn -0.996364 0.085197 0.000000
vn -0.996364 0.085197 0.000000
vn -0.996364 0.085196 0.000000
vn -0.996364 0.085196 0.000000
vn -0.996364 0.085195 0.000000
vn -0.996364 0.085196 0.000000
vn -0.996364 0.085195 0.000000
vn -0.996364 0.085196 0.000000
vn -0.996364 0.085195 0.000000
vn -0.996364 0.085195 0.000000
vn -0.996364 0.085196 0.000000
vn -0.996364 0.085196 0.000000
vn -0.996364 0.085196 -0.000000
vn -0.996364 0.085196 0.000000
vn -0.996364 0.085196 -0.000000
vn -0.996364 0.085196 0.000000
vn -0.996364 0.085196 -0.000000
vn -0.996364 0.085196 0.000000
vn -0.996364 0.085196 0.000000
vn -0.996364 0.085196 0.000000
s 1
g polySurface218
usemtl blinn1SG
f 1692/2432/1920 1693/2433/1921 1715/2434/1922 1714/2435/1923
f 1693/2433/1921 1692/2432/1920 1694/2436/1924 1695/2437/1925
f 1695/2437/1925 1694/2436/1924 1696/2438/1926 1697/2439/1927
f 1697/2439/1927 1696/2438/1926 1698/2440/1928 1699/2441/1929
f 1699/2441/1929 1698/2440/1928 1700/2442/1930 1701/2443/1931
f 1701/2443/1931 1700/2442/1930 1702/2444/1932 1703/2445/1933
f 1703/2445/1933 1702/2444/1932 1704/2446/1934 1705/2447/1935
f 1705/2447/1935 1704/2446/1934 1706/2448/1936 1707/2449/1937
f 1707/2449/1937 1706/2448/1936 1708/2450/1938 1709/2451/1939
f 1709/2451/1939 1708/2450/1938 1710/2452/1940 1711/2453/1941
f 1711/2453/1941 1710/2452/1940 1712/2454/1942 1713/2455/1943
f 1713/2455/1943 1712/2454/1942 1714/2435/1923 1715/2434/1922
f 1680/2456/1944 1681/2457/1945 1694/2458/1924 1692/2459/1920
f 1681/2457/1945 1682/2460/1946 1696/2461/1926 1694/2458/1924
f 1682/2460/1946 1683/2462/1947 1698/2463/1928 1696/2461/1926
f 1683/2462/1947 1684/2464/1948 1700/2465/1930 1698/2463/1928
f 1684/2464/1948 1685/2466/1949 1702/2467/1932 1700/2465/1930
f 1685/2466/1949 1686/2468/1950 1704/2469/1934 1702/2467/1932
f 1686/2468/1950 1687/2470/1951 1706/2471/1936 1704/2469/1934
f 1687/2470/1951 1688/2472/1952 1708/2473/1938 1706/2471/1936
f 1688/2472/1952 1689/2474/1953 1710/2475/1940 1708/2473/1938
f 1689/2474/1953 1690/2476/1954 1712/2477/1942 1710/2475/1940
f 1690/2476/1954 1691/2478/1955 1714/2479/1923 1712/2477/1942
f 1691/2478/1955 1680/2456/1944 1692/2459/1920 1714/2479/1923
f 1717/2480/1956 1716/2481/1957 1718/2482/1958
f 1716/2481/1957 1719/2483/1959 1718/2482/1958
f 1719/2483/1959 1720/2484/1960 1718/2482/1958
f 1720/2484/1960 1721/2485/1961 1718/2482/1958
f 1721/2485/1961 1722/2486/1962 1718/2482/1958
f 1722/2486/1962 1723/2487/1963 1718/2482/1958
f 1723/2487/1963 1724/2488/1964 1718/2482/1958
f 1724/2488/1964 1725/2489/1965 1718/2482/1958
f 1725/2489/1965 1726/2490/1966 1718/2482/1958
f 1726/2490/1966 1727/2491/1967 1718/2482/1958
f 1727/2491/1967 1728/2492/1968 1718/2482/1958
f 1728/2492/1968 1717/2480/1956 1718/2482/1958
f 1729/2493/1969 1730/2494/1970 1732/2495/1971 1731/2496/1972
f 1730/2494/1970 1729/2493/1969 1733/2497/1973 1734/2498/1974
f 1731/2496/1972 1732/2495/1971 1752/2499/1975 1751/2500/1976
f 1734/2498/1974 1733/2497/1973 1735/2501/1977 1736/2502/1978
f 1736/2502/1978 1735/2501/1977 1737/2503/1979 1738/2504/1980
f 1738/2504/1980 1737/2503/1979 1739/2505/1981 1740/2506/1982
f 1740/2506/1982 1739/2505/1981 1741/2507/1983 1742/2508/1984
f 1742/2508/1984 1741/2507/1983 1743/2509/1985 1744/2510/1986
f 1744/2510/1986 1743/2509/1985 1745/2511/1987 1746/2512/1988
f 1746/2512/1988 1745/2511/1987 1747/2513/1989 1748/2514/1990
f 1748/2514/1990 1747/2513/1989 1749/2515/1991 1750/2516/1992
f 1750/2516/1992 1749/2515/1991 1751/2500/1976 1752/2499/1975
f 1693/2433/1921 1695/2437/1925 1729/2493/1969 1731/2496/1972
f 1695/2437/1925 1697/2439/1927 1733/2497/1973 1729/2493/1969
f 1697/2439/1927 1699/2441/1929 1735/2501/1977 1733/2497/1973
f 1699/2441/1929 1701/2443/1931 1737/2503/1979 1735/2501/1977
f 1701/2443/1931 1703/2445/1933 1739/2505/1981 1737/2503/1979
f 1703/2445/1933 1705/2447/1935 1741/2507/1983 1739/2505/1981
f 1705/2447/1935 1707/2449/1937 1743/2509/1985 1741/2507/1983
f 1707/2449/1937 1709/2451/1939 1745/2511/1987 1743/2509/1985
f 1709/2451/1939 1711/2453/1941 1747/2513/1989 1745/2511/1987
f 1711/2453/1941 1713/2455/1943 1749/2515/1991 1747/2513/1989
f 1713/2455/1943 1715/2434/1922 1751/2500/1976 1749/2515/1991
f 1715/2434/1922 1693/2433/1921 1731/2496/1972 1751/2500/1976
f 1732/2517/1971 1730/2518/1970 1716/2519/1957 1717/2520/1956
f 1730/2518/1970 1734/2521/1974 1719/2522/1959 1716/2519/1957
f 1734/2521/1974 1736/2523/1978 1720/2524/1960 1719/2522/1959
f 1736/2523/1978 1738/2525/1980 1721/2526/1961 1720/2524/1960
f 1738/2525/1980 1740/2527/1982 1722/2528/1962 1721/2526/1961
f 1740/2527/1982 1742/2529/1984 1723/2530/1963 1722/2528/1962
f 1742/2529/1984 1744/2531/1986 1724/2532/1964 1723/2530/1963
f 1744/2531/1986 1746/2533/1988 1725/2534/1965 1724/2532/1964
f 1746/2533/1988 1748/2535/1990 1726/2536/1966 1725/2534/1965
f 1748/2535/1990 1750/2537/1992 1727/2538/1967 1726/2536/1966
f 1750/2537/1992 1752/2539/1975 1728/2540/1968 1727/2538/1967
f 1752/2539/1975 1732/2517/1971 1717/2520/1956 1728/2540/1968
s 4
f 1755/2541/1993 1757/2542/1994 1794/2543/1995 1793/2544/1996
f 1757/2542/1994 1759/2545/1997 1795/2546/1998 1794/2543/1995
f 1759/2545/1997 1761/2547/1999 1796/2548/2000 1795/2546/1998
f 1761/2547/1999 1763/2549/2001 1797/2550/2002 1796/2548/2000
f 1763/2549/2001 1765/2551/2003 1798/2552/2004 1797/2550/2002
f 1765/2551/2003 1769/2553/2005 1799/2554/2006 1798/2552/2004
f 1770/2555/2007 1755/2541/1993 1793/2544/1996 1772/2556/2008
f 1769/2553/2005 1774/2557/2009 1799/2554/2006
f 1777/2558/2010 1791/2559/2011 1772/2556/2008 1793/2544/1996
f 1779/2560/2012 1777/2558/2010 1793/2544/1996 1794/2543/1995
f 1781/2561/2013 1779/2560/2012 1794/2543/1995 1795/2546/1998
f 1783/2562/2014 1781/2561/2013 1795/2546/1998 1796/2548/2000
f 1785/2563/2015 1783/2562/2014 1796/2548/2000 1797/2550/2002
f 1787/2564/2016 1785/2563/2015 1797/2550/2002 1798/2552/2004
f 1790/2565/2017 1787/2564/2016 1798/2552/2004 1799/2554/2006
f 1774/2557/2009 1790/2565/2017 1799/2554/2006
f 1800/2566/2018 1801/2567/2019 1819/2568/2020 1818/2569/2021
f 1801/2567/2019 1800/2566/2018 1803/2570/2022 1802/2571/2023
f 1802/2571/2023 1803/2570/2022 1805/2572/2024 1804/2573/2025
f 1804/2573/2025 1805/2572/2024 1807/2574/2026 1806/2575/2027
f 1806/2575/2027 1807/2574/2026 1809/2576/2028 1808/2577/2029
f 1808/2577/2029 1809/2576/2028 1811/2578/2030 1810/2579/2031
f 1810/2579/2031 1811/2578/2030 1813/2580/2032 1812/2581/2033
f 1812/2581/2033 1813/2580/2032 1815/2582/2034 1814/2583/2035
f 1814/2583/2035 1815/2582/2034 1816/2584/2036 1817/2585/2037
f 1817/2585/2037 1816/2584/2036 1834/2586/2038 1835/2587/2039
f 1818/2569/2021 1819/2568/2020 1821/2588/2040 1820/2589/2041
f 1820/2589/2041 1821/2588/2040 1823/2590/2042 1822/2591/2043
f 1822/2591/2043 1823/2590/2042 1825/2592/2044 1824/2593/2045
f 1824/2593/2045 1825/2592/2044 1827/2594/2046 1826/2595/2047
f 1826/2595/2047 1827/2594/2046 1829/2596/2048 1828/2597/2049
f 1828/2597/2049 1829/2596/2048 1831/2598/2050 1830/2599/2051
f 1830/2599/2051 1831/2598/2050 1833/2600/2052 1832/2601/2053
f 1832/2601/2053 1833/2600/2052 1835/2587/2039 1834/2586/2038
f 1755/2602/1993 1770/2603/2007 1801/2604/2019 1802/2605/2023
f 1757/2606/1994 1755/2602/1993 1802/2605/2023 1804/2607/2025
f 1759/2608/1997 1757/2606/1994 1804/2607/2025 1806/2609/2027
f 1761/2610/1999 1759/2608/1997 1806/2609/2027 1808/2611/2029
f 1763/2612/2001 1761/2610/1999 1808/2611/2029 1810/2613/2031
f 1765/2614/2003 1763/2612/2001 1810/2613/2031 1812/2615/2033
f 1769/2616/2005 1765/2614/2003 1812/2615/2033 1814/2617/2035
f 1770/2618/2007 1772/2619/2008 1819/2620/2020 1801/2621/2019
f 1777/2622/2010 1823/2623/2042 1821/2624/2040 1791/2625/2011
f 1779/2626/2012 1825/2627/2044 1823/2623/2042 1777/2622/2010
f 1781/2628/2013 1827/2629/2046 1825/2627/2044 1779/2626/2012
f 1783/2630/2014 1829/2631/2048 1827/2629/2046 1781/2628/2013
f 1785/2632/2015 1831/2633/2050 1829/2631/2048 1783/2630/2014
f 1787/2634/2016 1833/2635/2052 1831/2633/2050 1785/2632/2015
f 1790/2636/2017 1835/2637/2039 1833/2635/2052 1787/2634/2016
f 1791/2638/2011 1821/2639/2040 1819/2620/2020 1772/2619/2008
f 1817/2640/2037 1774/2641/2009 1769/2616/2005 1814/2617/2035
f 1817/2642/2037 1835/2637/2039 1790/2636/2017 1774/2643/2009
f 1836/2644/2054 1837/2645/2055 1856/2646/2056 1857/2647/2057
f 1837/2645/2055 1836/2644/2054 1838/2648/2058 1839/2649/2059
f 1839/2649/2059 1838/2648/2058 1840/2650/2060 1841/2651/2061
f 1841/2651/2061 1840/2650/2060 1842/2652/2062 1843/2653/2063
f 1843/2653/2063 1842/2652/2062 1844/2654/2064 1845/2655/2065
f 1845/2655/2065 1844/2654/2064 1846/2656/2066 1847/2657/2067
f 1847/2657/2067 1846/2656/2066 1848/2658/2068 1849/2659/2069
f 1849/2659/2069 1848/2658/2068 1850/2660/2070 1851/2661/2071
f 1851/2661/2071 1850/2660/2070 1852/2662/2072 1853/2663/2073
f 1853/2663/2073 1852/2662/2072 1874/2664/2074 1875/2665/2075
f 1854/2666/2076 1855/2667/2077 1859/2668/2078 1858/2669/2079
f 1855/2667/2077 1854/2666/2076 1857/2647/2057 1856/2646/2056
f 1858/2669/2079 1859/2668/2078 1877/2670/2080 1876/2671/2081
f 1860/2672/2082 1861/2673/2083 1863/2674/2084 1862/2675/2085
f 1861/2673/2083 1860/2672/2082 1879/2676/2086 1878/2677/2087
f 1862/2675/2085 1863/2674/2084 1865/2678/2088 1864/2679/2089
f 1864/2679/2089 1865/2678/2088 1867/2680/2090 1866/2681/2091
f 1866/2681/2091 1867/2680/2090 1869/2682/2092 1868/2683/2093
f 1868/2683/2093 1869/2682/2092 1871/2684/2094 1870/2685/2095
f 1870/2685/2095 1871/2684/2094 1873/2686/2096 1872/2687/2097
f 1872/2687/2097 1873/2686/2096 1875/2665/2075 1874/2664/2074
f 1876/2671/2081 1877/2670/2080 1878/2677/2087 1879/2676/2086
f 1771/2688/2098 1756/2689/2099 1838/2690/2058 1836/2691/2054
f 1756/2689/2099 1758/2692/2100 1840/2693/2060 1838/2690/2058
f 1758/2692/2100 1760/2694/2101 1842/2695/2062 1840/2693/2060
f 1760/2694/2101 1762/2696/2102 1844/2697/2064 1842/2695/2062
f 1762/2696/2102 1764/2698/2103 1846/2699/2066 1844/2697/2064
f 1764/2698/2103 1766/2700/2104 1848/2701/2068 1846/2699/2066
f 1766/2700/2104 1767/2702/2105 1850/2703/2070 1848/2701/2068
f 1767/2702/2105 1768/2704/2106 1852/2705/2072 1850/2703/2070
f 1753/2706/2107 1754/2707/2108 1857/2708/2057 1854/2709/2076
f 1754/2710/2108 1771/2688/2098 1836/2691/2054 1857/2711/2057
f 1858/2712/2079 1773/2713/2109 1753/2706/2107 1854/2709/2076
f 1792/2714/2110 1860/2715/2082 1862/2716/2085 1778/2717/2111
f 1778/2717/2111 1862/2716/2085 1864/2718/2089 1780/2719/2112
f 1780/2719/2112 1864/2718/2089 1866/2720/2091 1782/2721/2113
f 1782/2721/2113 1866/2720/2091 1868/2722/2093 1784/2723/2114
f 1784/2723/2114 1868/2722/2093 1870/2724/2095 1786/2725/2115
f 1786/2725/2115 1870/2724/2095 1872/2726/2097 1788/2727/2116
f 1788/2727/2116 1872/2726/2097 1874/2728/2074 1789/2729/2117
f 1789/2729/2117 1874/2728/2074 1852/2730/2072 1768/2731/2106
f 1775/2732/2118 1876/2733/2081 1879/2734/2086 1776/2735/2119
f 1776/2736/2119 1879/2737/2086 1860/2715/2082 1792/2714/2110
f 1858/2712/2079 1876/2733/2081 1775/2732/2118 1773/2713/2109
f 1803/2570/2022 1800/2566/2018 1837/2645/2055 1839/2649/2059
f 1805/2572/2024 1803/2570/2022 1839/2649/2059 1841/2651/2061
f 1807/2574/2026 1805/2572/2024 1841/2651/2061 1843/2653/2063
f 1809/2576/2028 1807/2574/2026 1843/2653/2063 1845/2655/2065
f 1811/2578/2030 1809/2576/2028 1845/2655/2065 1847/2657/2067
f 1813/2580/2032 1811/2578/2030 1847/2657/2067 1849/2659/2069
f 1851/2661/2071 1815/2582/2034 1813/2580/2032 1849/2659/2069
f 1837/2645/2055 1800/2566/2018 1855/2667/2077 1856/2646/2056
f 1855/2667/2077 1800/2566/2018 1818/2569/2021 1859/2668/2078
f 1816/2584/2036 1815/2582/2034 1851/2661/2071 1853/2663/2073
f 1822/2591/2043 1863/2674/2084 1861/2673/2083 1820/2589/2041
f 1824/2593/2045 1865/2678/2088 1863/2674/2084 1822/2591/2043
f 1826/2595/2047 1867/2680/2090 1865/2678/2088 1824/2593/2045
f 1828/2597/2049 1869/2682/2092 1867/2680/2090 1826/2595/2047
f 1830/2599/2051 1871/2684/2094 1869/2682/2092 1828/2597/2049
f 1832/2601/2053 1873/2686/2096 1871/2684/2094 1830/2599/2051
f 1875/2665/2075 1873/2686/2096 1832/2601/2053 1834/2586/2038
f 1861/2673/2083 1878/2677/2087 1877/2670/2080 1820/2589/2041
f 1877/2670/2080 1859/2668/2078 1818/2569/2021 1820/2589/2041
f 1816/2584/2036 1853/2663/2073 1875/2665/2075 1834/2586/2038
s 8
f 1882/2738/2120 1920/2739/2121 1921/2740/2122 1884/2741/2123
f 1884/2741/2123 1921/2740/2122 1922/2742/2124 1886/2743/2125
f 1886/2743/2125 1922/2742/2124 1923/2744/2126 1888/2745/2127
f 1888/2745/2127 1923/2744/2126 1924/2746/2128 1890/2747/2129
f 1890/2747/2129 1924/2746/2128 1925/2748/2130 1892/2749/2131
f 1892/2749/2131 1925/2748/2130 1926/2750/2132 1896/2751/2133
f 1897/2752/2134 1899/2753/2135 1920/2739/2121 1882/2738/2120
f 1896/2751/2133 1926/2750/2132 1901/2754/2136
f 1904/2755/2137 1920/2739/2121 1899/2753/2135 1918/2756/2138
f 1906/2757/2139 1921/2740/2122 1920/2739/2121 1904/2755/2137
f 1908/2758/2140 1922/2742/2124 1921/2740/2122 1906/2757/2139
f 1910/2759/2141 1923/2744/2126 1922/2742/2124 1908/2758/2140
f 1912/2760/2142 1924/2746/2128 1923/2744/2126 1910/2759/2141
f 1914/2761/2143 1925/2748/2130 1924/2746/2128 1912/2760/2142
f 1917/2762/2144 1926/2750/2132 1925/2748/2130 1914/2761/2143
f 1901/2754/2136 1926/2750/2132 1917/2762/2144
f 1927/2763/2145 1945/2764/2146 1946/2765/2147 1928/2766/2148
f 1928/2766/2148 1929/2767/2149 1930/2768/2150 1927/2763/2145
f 1929/2767/2149 1931/2769/2151 1932/2770/2152 1930/2768/2150
f 1931/2769/2151 1933/2771/2153 1934/2772/2154 1932/2770/2152
f 1933/2771/2153 1935/2773/2155 1936/2774/2156 1934/2772/2154
f 1935/2773/2155 1937/2775/2157 1938/2776/2158 1936/2774/2156
f 1937/2775/2157 1939/2777/2159 1940/2778/2160 1938/2776/2158
f 1939/2777/2159 1941/2779/2161 1942/2780/2162 1940/2778/2160
f 1941/2779/2161 1944/2781/2163 1943/2782/2164 1942/2780/2162
f 1944/2781/2163 1962/2783/2165 1961/2784/2166 1943/2782/2164
f 1945/2764/2146 1947/2785/2167 1948/2786/2168 1946/2765/2147
f 1947/2785/2167 1949/2787/2169 1950/2788/2170 1948/2786/2168
f 1949/2787/2169 1951/2789/2171 1952/2790/2172 1950/2788/2170
f 1951/2789/2171 1953/2791/2173 1954/2792/2174 1952/2790/2172
f 1953/2791/2173 1955/2793/2175 1956/2794/2176 1954/2792/2174
f 1955/2793/2175 1957/2795/2177 1958/2796/2178 1956/2794/2176
f 1957/2795/2177 1959/2797/2179 1960/2798/2180 1958/2796/2178
f 1959/2797/2179 1961/2784/2166 1962/2783/2165 1960/2798/2180
f 1882/2799/2120 1929/2800/2149 1928/2801/2148 1897/2802/2134
f 1884/2803/2123 1931/2804/2151 1929/2800/2149 1882/2799/2120
f 1886/2805/2125 1933/2806/2153 1931/2804/2151 1884/2803/2123
f 1888/2807/2127 1935/2808/2155 1933/2806/2153 1886/2805/2125
f 1890/2809/2129 1937/2810/2157 1935/2808/2155 1888/2807/2127
f 1892/2811/2131 1939/2812/2159 1937/2810/2157 1890/2809/2129
f 1896/2813/2133 1941/2814/2161 1939/2812/2159 1892/2811/2131
f 1897/2815/2134 1928/2816/2148 1946/2817/2147 1899/2818/2135
f 1904/2819/2137 1918/2820/2138 1948/2821/2168 1950/2822/2170
f 1906/2823/2139 1904/2819/2137 1950/2822/2170 1952/2824/2172
f 1908/2825/2140 1906/2823/2139 1952/2824/2172 1954/2826/2174
f 1910/2827/2141 1908/2825/2140 1954/2826/2174 1956/2828/2176
f 1912/2829/2142 1910/2827/2141 1956/2828/2176 1958/2830/2178
f 1914/2831/2143 1912/2829/2142 1958/2830/2178 1960/2832/2180
f 1917/2833/2144 1914/2831/2143 1960/2832/2180 1962/2834/2165
f 1918/2835/2138 1899/2818/2135 1946/2817/2147 1948/2836/2168
f 1944/2837/2163 1941/2814/2161 1896/2813/2133 1901/2838/2136
f 1944/2839/2163 1901/2840/2136 1917/2833/2144 1962/2834/2165
f 1963/2841/2181 1984/2842/2182 1983/2843/2183 1964/2844/2184
f 1964/2844/2184 1966/2845/2185 1965/2846/2186 1963/2841/2181
f 1966/2845/2185 1968/2847/2187 1967/2848/2188 1965/2846/2186
f 1968/2847/2187 1970/2849/2189 1969/2850/2190 1967/2848/2188
f 1970/2849/2189 1972/2851/2191 1971/2852/2192 1969/2850/2190
f 1972/2851/2191 1974/2853/2193 1973/2854/2194 1971/2852/2192
f 1974/2853/2193 1976/2855/2195 1975/2856/2196 1973/2854/2194
f 1976/2855/2195 1978/2857/2197 1977/2858/2198 1975/2856/2196
f 1978/2857/2197 1980/2859/2199 1979/2860/2200 1977/2858/2198
f 1980/2859/2199 2002/2861/2201 2001/2862/2202 1979/2860/2200
f 1981/2863/2203 1985/2864/2204 1986/2865/2205 1982/2866/2206
f 1982/2866/2206 1983/2843/2183 1984/2842/2182 1981/2863/2203
f 1985/2864/2204 2003/2867/2207 2004/2868/2208 1986/2865/2205
f 1987/2869/2209 1989/2870/2210 1990/2871/2211 1988/2872/2212
f 1988/2872/2212 2005/2873/2213 2006/2874/2214 1987/2869/2209
f 1989/2870/2210 1991/2875/2215 1992/2876/2216 1990/2871/2211
f 1991/2875/2215 1993/2877/2217 1994/2878/2218 1992/2876/2216
f 1993/2877/2217 1995/2879/2219 1996/2880/2220 1994/2878/2218
f 1995/2879/2219 1997/2881/2221 1998/2882/2222 1996/2880/2220
f 1997/2881/2221 1999/2883/2223 2000/2884/2224 1998/2882/2222
f 1999/2883/2223 2001/2862/2202 2002/2861/2201 2000/2884/2224
f 2003/2867/2207 2006/2874/2214 2005/2873/2213 2004/2868/2208
f 1898/2885/2225 1963/2886/2181 1965/2887/2186 1883/2888/2226
f 1883/2888/2226 1965/2887/2186 1967/2889/2188 1885/2890/2227
f 1885/2890/2227 1967/2889/2188 1969/2891/2190 1887/2892/2228
f 1887/2892/2228 1969/2891/2190 1971/2893/2192 1889/2894/2229
f 1889/2894/2229 1971/2893/2192 1973/2895/2194 1891/2896/2230
f 1891/2896/2230 1973/2895/2194 1975/2897/2196 1893/2898/2231
f 1893/2898/2231 1975/2897/2196 1977/2899/2198 1894/2900/2232
f 1894/2900/2232 1977/2899/2198 1979/2901/2200 1895/2902/2233
f 1880/2903/2234 1981/2904/2203 1984/2905/2182 1881/2906/2235
f 1881/2907/2235 1984/2908/2182 1963/2886/2181 1898/2885/2225
f 1985/2909/2204 1981/2904/2203 1880/2903/2234 1900/2910/2236
f 1919/2911/2237 1905/2912/2238 1989/2913/2210 1987/2914/2209
f 1905/2912/2238 1907/2915/2239 1991/2916/2215 1989/2913/2210
f 1907/2915/2239 1909/2917/2240 1993/2918/2217 1991/2916/2215
f 1909/2917/2240 1911/2919/2241 1995/2920/2219 1993/2918/2217
f 1911/2919/2241 1913/2921/2242 1997/2922/2221 1995/2920/2219
f 1913/2921/2242 1915/2923/2243 1999/2924/2223 1997/2922/2221
f 1915/2923/2243 1916/2925/2244 2001/2926/2202 1999/2924/2223
f 1916/2925/2244 1895/2927/2233 1979/2928/2200 2001/2926/2202
f 1902/2929/2245 1903/2930/2246 2006/2931/2214 2003/2932/2207
f 1903/2933/2246 1919/2911/2237 1987/2914/2209 2006/2934/2214
f 1985/2909/2204 1900/2910/2236 1902/2929/2245 2003/2932/2207
f 1930/2768/2150 1966/2845/2185 1964/2844/2184 1927/2763/2145
f 1932/2770/2152 1968/2847/2187 1966/2845/2185 1930/2768/2150
f 1934/2772/2154 1970/2849/2189 1968/2847/2187 1932/2770/2152
f 1936/2774/2156 1972/2851/2191 1970/2849/2189 1934/2772/2154
f 1938/2776/2158 1974/2853/2193 1972/2851/2191 1936/2774/2156
f 1940/2778/2160 1976/2855/2195 1974/2853/2193 1938/2776/2158
f 1978/2857/2197 1976/2855/2195 1940/2778/2160 1942/2780/2162
f 1964/2844/2184 1983/2843/2183 1982/2866/2206 1927/2763/2145
f 1982/2866/2206 1986/2865/2205 1945/2764/2146 1927/2763/2145
f 1943/2782/2164 1980/2859/2199 1978/2857/2197 1942/2780/2162
f 1949/2787/2169 1947/2785/2167 1988/2872/2212 1990/2871/2211
f 1951/2789/2171 1949/2787/2169 1990/2871/2211 1992/2876/2216
f 1953/2791/2173 1951/2789/2171 1992/2876/2216 1994/2878/2218
f 1955/2793/2175 1953/2791/2173 1994/2878/2218 1996/2880/2220
f 1957/2795/2177 1955/2793/2175 1996/2880/2220 1998/2882/2222
f 1959/2797/2179 1957/2795/2177 1998/2882/2222 2000/2884/2224
f 2002/2861/2201 1961/2784/2166 1959/2797/2179 2000/2884/2224
f 1988/2872/2212 1947/2785/2167 2004/2868/2208 2005/2873/2213
f 2004/2868/2208 1947/2785/2167 1945/2764/2146 1986/2865/2205
f 1943/2782/2164 1961/2784/2166 2002/2861/2201 1980/2859/2199
s 13
f 2009/2935/2247 2011/2936/2248 2048/2937/2249 2047/2938/2250
f 2011/2936/2248 2013/2939/2251 2049/2940/2252 2048/2937/2249
f 2013/2939/2251 2015/2941/2253 2050/2942/2254 2049/2940/2252
f 2015/2941/2253 2017/2943/2255 2051/2944/2256 2050/2942/2254
f 2017/2943/2255 2019/2945/2257 2052/2946/2258 2051/2944/2256
f 2019/2945/2257 2023/2947/2259 2053/2948/2260 2052/2946/2258
f 2024/2949/2261 2009/2935/2247 2047/2938/2250 2026/2950/2262
f 2023/2947/2259 2028/2951/2263 2053/2948/2260
f 2031/2952/2264 2045/2953/2265 2026/2950/2262 2047/2938/2250
f 2033/2954/2266 2031/2952/2264 2047/2938/2250 2048/2937/2249
f 2035/2955/2267 2033/2954/2266 2048/2937/2249 2049/2940/2252
f 2037/2956/2268 2035/2955/2267 2049/2940/2252 2050/2942/2254
f 2039/2957/2269 2037/2956/2268 2050/2942/2254 2051/2944/2256
f 2041/2958/2270 2039/2957/2269 2051/2944/2256 2052/2946/2258
f 2044/2959/2271 2041/2958/2270 2052/2946/2258 2053/2948/2260
f 2028/2951/2263 2044/2959/2271 2053/2948/2260
f 2054/2960/2272 2055/2961/2273 2073/2962/2274 2072/2963/2275
f 2055/2961/2273 2054/2960/2272 2057/2964/2276 2056/2965/2277
f 2056/2965/2277 2057/2964/2276 2059/2966/2278 2058/2967/2279
f 2058/2967/2279 2059/2966/2278 2061/2968/2280 2060/2969/2281
f 2060/2969/2281 2061/2968/2280 2063/2970/2282 2062/2971/2283
f 2062/2971/2283 2063/2970/2282 2065/2972/2284 2064/2973/2285
f 2064/2973/2285 2065/2972/2284 2067/2974/2286 2066/2975/2287
f 2066/2975/2287 2067/2974/2286 2069/2976/2288 2068/2977/2289
f 2068/2977/2289 2069/2976/2288 2070/2978/2290 2071/2979/2291
f 2071/2979/2291 2070/2978/2290 2088/2980/2292 2089/2981/2293
f 2072/2963/2275 2073/2962/2274 2075/2982/2294 2074/2983/2295
f 2074/2983/2295 2075/2982/2294 2077/2984/2296 2076/2985/2297
f 2076/2985/2297 2077/2984/2296 2079/2986/2298 2078/2987/2299
f 2078/2987/2299 2079/2986/2298 2081/2988/2300 2080/2989/2301
f 2080/2989/2301 2081/2988/2300 2083/2990/2302 2082/2991/2303
f 2082/2991/2303 2083/2990/2302 2085/2992/2304 2084/2993/2305
f 2084/2993/2305 2085/2992/2304 2087/2994/2306 2086/2995/2307
f 2086/2995/2307 2087/2994/2306 2089/2981/2293 2088/2980/2292
f 2009/2996/2247 2024/2997/2261 2055/2998/2273 2056/2999/2277
f 2011/3000/2248 2009/2996/2247 2056/2999/2277 2058/3001/2279
f 2013/3002/2251 2011/3000/2248 2058/3001/2279 2060/3003/2281
f 2015/3004/2253 2013/3002/2251 2060/3003/2281 2062/3005/2283
f 2017/3006/2255 2015/3004/2253 2062/3005/2283 2064/3007/2285
f 2019/3008/2257 2017/3006/2255 2064/3007/2285 2066/3009/2287
f 2023/3010/2259 2019/3008/2257 2066/3009/2287 2068/3011/2289
f 2024/3012/2261 2026/3013/2262 2073/3014/2274 2055/3015/2273
f 2031/3016/2264 2077/3017/2296 2075/3018/2294 2045/3019/2265
f 2033/3020/2266 2079/3021/2298 2077/3017/2296 2031/3016/2264
f 2035/3022/2267 2081/3023/2300 2079/3021/2298 2033/3020/2266
f 2037/3024/2268 2083/3025/2302 2081/3023/2300 2035/3022/2267
f 2039/3026/2269 2085/3027/2304 2083/3025/2302 2037/3024/2268
f 2041/3028/2270 2087/3029/2306 2085/3027/2304 2039/3026/2269
f 2044/3030/2271 2089/3031/2293 2087/3029/2306 2041/3028/2270
f 2045/3032/2265 2075/3033/2294 2073/3014/2274 2026/3013/2262
f 2071/3034/2291 2028/3035/2263 2023/3010/2259 2068/3011/2289
f 2071/3036/2291 2089/3031/2293 2044/3030/2271 2028/3037/2263
f 2090/3038/2308 2091/3039/2309 2110/3040/2310 2111/3041/2311
f 2091/3039/2309 2090/3038/2308 2092/3042/2312 2093/3043/2313
f 2093/3043/2313 2092/3042/2312 2094/3044/2314 2095/3045/2315
f 2095/3045/2315 2094/3044/2314 2096/3046/2316 2097/3047/2317
f 2097/3047/2317 2096/3046/2316 2098/3048/2318 2099/3049/2319
f 2099/3049/2319 2098/3048/2318 2100/3050/2320 2101/3051/2321
f 2101/3051/2321 2100/3050/2320 2102/3052/2322 2103/3053/2323
f 2103/3053/2323 2102/3052/2322 2104/3054/2324 2105/3055/2325
f 2105/3055/2325 2104/3054/2324 2106/3056/2326 2107/3057/2327
f 2107/3057/2327 2106/3056/2326 2128/3058/2328 2129/3059/2329
f 2108/3060/2330 2109/3061/2331 2113/3062/2332 2112/3063/2333
f 2109/3061/2331 2108/3060/2330 2111/3041/2311 2110/3040/2310
f 2112/3063/2333 2113/3062/2332 2131/3064/2334 2130/3065/2335
f 2114/3066/2336 2115/3067/2337 2117/3068/2338 2116/3069/2339
f 2115/3067/2337 2114/3066/2336 2133/3070/2340 2132/3071/2341
f 2116/3069/2339 2117/3068/2338 2119/3072/2342 2118/3073/2343
f 2118/3073/2343 2119/3072/2342 2121/3074/2344 2120/3075/2345
f 2120/3075/2345 2121/3074/2344 2123/3076/2346 2122/3077/2347
f 2122/3077/2347 2123/3076/2346 2125/3078/2348 2124/3079/2349
f 2124/3079/2349 2125/3078/2348 2127/3080/2350 2126/3081/2351
f 2126/3081/2351 2127/3080/2350 2129/3059/2329 2128/3058/2328
f 2130/3065/2335 2131/3064/2334 2132/3071/2341 2133/3070/2340
f 2025/3082/2352 2010/3083/2353 2092/3084/2312 2090/3085/2308
f 2010/3083/2353 2012/3086/2354 2094/3087/2314 2092/3084/2312
f 2012/3086/2354 2014/3088/2355 2096/3089/2316 2094/3087/2314
f 2014/3088/2355 2016/3090/2356 2098/3091/2318 2096/3089/2316
f 2016/3090/2356 2018/3092/2357 2100/3093/2320 2098/3091/2318
f 2018/3092/2357 2020/3094/2358 2102/3095/2322 2100/3093/2320
f 2020/3094/2358 2021/3096/2359 2104/3097/2324 2102/3095/2322
f 2021/3096/2359 2022/3098/2360 2106/3099/2326 2104/3097/2324
f 2007/3100/2361 2008/3101/2362 2111/3102/2311 2108/3103/2330
f 2008/3104/2362 2025/3082/2352 2090/3085/2308 2111/3105/2311
f 2112/3106/2333 2027/3107/2363 2007/3100/2361 2108/3103/2330
f 2046/3108/2364 2114/3109/2336 2116/3110/2339 2032/3111/2365
f 2032/3111/2365 2116/3110/2339 2118/3112/2343 2034/3113/2366
f 2034/3113/2366 2118/3112/2343 2120/3114/2345 2036/3115/2367
f 2036/3115/2367 2120/3114/2345 2122/3116/2347 2038/3117/2368
f 2038/3117/2368 2122/3116/2347 2124/3118/2349 2040/3119/2369
f 2040/3119/2369 2124/3118/2349 2126/3120/2351 2042/3121/2370
f 2042/3121/2370 2126/3120/2351 2128/3122/2328 2043/3123/2371
f 2043/3123/2371 2128/3122/2328 2106/3124/2326 2022/3125/2360
f 2029/3126/2372 2130/3127/2335 2133/3128/2340 2030/3129/2373
f 2030/3130/2373 2133/3131/2340 2114/3109/2336 2046/3108/2364
f 2112/3106/2333 2130/3127/2335 2029/3126/2372 2027/3107/2363
f 2057/2964/2276 2054/2960/2272 2091/3039/2309 2093/3043/2313
f 2059/2966/2278 2057/2964/2276 2093/3043/2313 2095/3045/2315
f 2061/2968/2280 2059/2966/2278 2095/3045/2315 2097/3047/2317
f 2063/2970/2282 2061/2968/2280 2097/3047/2317 2099/3049/2319
f 2065/2972/2284 2063/2970/2282 2099/3049/2319 2101/3051/2321
f 2067/2974/2286 2065/2972/2284 2101/3051/2321 2103/3053/2323
f 2105/3055/2325 2069/2976/2288 2067/2974/2286 2103/3053/2323
f 2091/3039/2309 2054/2960/2272 2109/3061/2331 2110/3040/2310
f 2109/3061/2331 2054/2960/2272 2072/2963/2275 2113/3062/2332
f 2070/2978/2290 2069/2976/2288 2105/3055/2325 2107/3057/2327
f 2076/2985/2297 2117/3068/2338 2115/3067/2337 2074/2983/2295
f 2078/2987/2299 2119/3072/2342 2117/3068/2338 2076/2985/2297
f 2080/2989/2301 2121/3074/2344 2119/3072/2342 2078/2987/2299
f 2082/2991/2303 2123/3076/2346 2121/3074/2344 2080/2989/2301
f 2084/2993/2305 2125/3078/2348 2123/3076/2346 2082/2991/2303
f 2086/2995/2307 2127/3080/2350 2125/3078/2348 2084/2993/2305
f 2129/3059/2329 2127/3080/2350 2086/2995/2307 2088/2980/2292
f 2115/3067/2337 2132/3071/2341 2131/3064/2334 2074/2983/2295
f 2131/3064/2334 2113/3062/2332 2072/2963/2275 2074/2983/2295
f 2070/2978/2290 2107/3057/2327 2129/3059/2329 2088/2980/2292
s 17
f 2136/3132/2374 2174/3133/2375 2175/3134/2376 2138/3135/2377
f 2138/3135/2377 2175/3134/2376 2176/3136/2378 2140/3137/2379
f 2140/3137/2379 2176/3136/2378 2177/3138/2380 2142/3139/2381
f 2142/3139/2381 2177/3138/2380 2178/3140/2382 2144/3141/2383
f 2144/3141/2383 2178/3140/2382 2179/3142/2384 2146/3143/2385
f 2146/3143/2385 2179/3142/2384 2180/3144/2386 2150/3145/2387
f 2151/3146/2388 2153/3147/2389 2174/3133/2375 2136/3132/2374
f 2150/3145/2387 2180/3144/2386 2155/3148/2390
f 2158/3149/2391 2174/3133/2375 2153/3147/2389 2172/3150/2392
f 2160/3151/2393 2175/3134/2376 2174/3133/2375 2158/3149/2391
f 2162/3152/2394 2176/3136/2378 2175/3134/2376 2160/3151/2393
f 2164/3153/2395 2177/3138/2380 2176/3136/2378 2162/3152/2394
f 2166/3154/2396 2178/3140/2382 2177/3138/2380 2164/3153/2395
f 2168/3155/2397 2179/3142/2384 2178/3140/2382 2166/3154/2396
f 2171/3156/2398 2180/3144/2386 2179/3142/2384 2168/3155/2397
f 2155/3148/2390 2180/3144/2386 2171/3156/2398
f 2181/3157/2399 2199/3158/2400 2200/3159/2401 2182/3160/2402
f 2182/3160/2402 2183/3161/2403 2184/3162/2404 2181/3157/2399
f 2183/3161/2403 2185/3163/2405 2186/3164/2406 2184/3162/2404
f 2185/3163/2405 2187/3165/2407 2188/3166/2408 2186/3164/2406
f 2187/3165/2407 2189/3167/2409 2190/3168/2410 2188/3166/2408
f 2189/3167/2409 2191/3169/2411 2192/3170/2412 2190/3168/2410
f 2191/3169/2411 2193/3171/2413 2194/3172/2414 2192/3170/2412
f 2193/3171/2413 2195/3173/2415 2196/3174/2416 2194/3172/2414
f 2195/3173/2415 2198/3175/2417 2197/3176/2418 2196/3174/2416
f 2198/3175/2417 2216/3177/2419 2215/3178/2420 2197/3176/2418
f 2199/3158/2400 2201/3179/2421 2202/3180/2422 2200/3159/2401
f 2201/3179/2421 2203/3181/2423 2204/3182/2424 2202/3180/2422
f 2203/3181/2423 2205/3183/2425 2206/3184/2426 2204/3182/2424
f 2205/3183/2425 2207/3185/2427 2208/3186/2428 2206/3184/2426
f 2207/3185/2427 2209/3187/2429 2210/3188/2430 2208/3186/2428
f 2209/3187/2429 2211/3189/2431 2212/3190/2432 2210/3188/2430
f 2211/3189/2431 2213/3191/2433 2214/3192/2434 2212/3190/2432
f 2213/3191/2433 2215/3178/2420 2216/3177/2419 2214/3192/2434
f 2136/3193/2374 2183/3194/2403 2182/3195/2402 2151/3196/2388
f 2138/3197/2377 2185/3198/2405 2183/3194/2403 2136/3193/2374
f 2140/3199/2379 2187/3200/2407 2185/3198/2405 2138/3197/2377
f 2142/3201/2381 2189/3202/2409 2187/3200/2407 2140/3199/2379
f 2144/3203/2383 2191/3204/2411 2189/3202/2409 2142/3201/2381
f 2146/3205/2385 2193/3206/2413 2191/3204/2411 2144/3203/2383
f 2150/3207/2387 2195/3208/2415 2193/3206/2413 2146/3205/2385
f 2151/3209/2388 2182/3210/2402 2200/3211/2401 2153/3212/2389
f 2158/3213/2391 2172/3214/2392 2202/3215/2422 2204/3216/2424
f 2160/3217/2393 2158/3213/2391 2204/3216/2424 2206/3218/2426
f 2162/3219/2394 2160/3217/2393 2206/3218/2426 2208/3220/2428
f 2164/3221/2395 2162/3219/2394 2208/3220/2428 2210/3222/2430
f 2166/3223/2396 2164/3221/2395 2210/3222/2430 2212/3224/2432
f 2168/3225/2397 2166/3223/2396 2212/3224/2432 2214/3226/2434
f 2171/3227/2398 2168/3225/2397 2214/3226/2434 2216/3228/2419
f 2172/3229/2392 2153/3212/2389 2200/3211/2401 2202/3230/2422
f 2198/3231/2417 2195/3208/2415 2150/3207/2387 2155/3232/2390
f 2198/3233/2417 2155/3234/2390 2171/3227/2398 2216/3228/2419
f 2217/3235/2435 2238/3236/2436 2237/3237/2437 2218/3238/2438
f 2218/3238/2438 2220/3239/2439 2219/3240/2440 2217/3235/2435
f 2220/3239/2439 2222/3241/2441 2221/3242/2442 2219/3240/2440
f 2222/3241/2441 2224/3243/2443 2223/3244/2444 2221/3242/2442
f 2224/3243/2443 2226/3245/2445 2225/3246/2446 2223/3244/2444
f 2226/3245/2445 2228/3247/2447 2227/3248/2448 2225/3246/2446
f 2228/3247/2447 2230/3249/2449 2229/3250/2450 2227/3248/2448
f 2230/3249/2449 2232/3251/2451 2231/3252/2452 2229/3250/2450
f 2232/3251/2451 2234/3253/2453 2233/3254/2454 2231/3252/2452
f 2234/3253/2453 2256/3255/2455 2255/3256/2456 2233/3254/2454
f 2235/3257/2457 2239/3258/2458 2240/3259/2459 2236/3260/2460
f 2236/3260/2460 2237/3237/2437 2238/3236/2436 2235/3257/2457
f 2239/3258/2458 2257/3261/2461 2258/3262/2462 2240/3259/2459
f 2241/3263/2463 2243/3264/2464 2244/3265/2465 2242/3266/2466
f 2242/3266/2466 2259/3267/2467 2260/3268/2468 2241/3263/2463
f 2243/3264/2464 2245/3269/2469 2246/3270/2470 2244/3265/2465
f 2245/3269/2469 2247/3271/2471 2248/3272/2472 2246/3270/2470
f 2247/3271/2471 2249/3273/2473 2250/3274/2474 2248/3272/2472
f 2249/3273/2473 2251/3275/2475 2252/3276/2476 2250/3274/2474
f 2251/3275/2475 2253/3277/2477 2254/3278/2478 2252/3276/2476
f 2253/3277/2477 2255/3256/2456 2256/3255/2455 2254/3278/2478
f 2257/3261/2461 2260/3268/2468 2259/3267/2467 2258/3262/2462
f 2152/3279/2479 2217/3280/2435 2219/3281/2440 2137/3282/2480
f 2137/3282/2480 2219/3281/2440 2221/3283/2442 2139/3284/2481
f 2139/3284/2481 2221/3283/2442 2223/3285/2444 2141/3286/2482
f 2141/3286/2482 2223/3285/2444 2225/3287/2446 2143/3288/2483
f 2143/3288/2483 2225/3287/2446 2227/3289/2448 2145/3290/2484
f 2145/3290/2484 2227/3289/2448 2229/3291/2450 2147/3292/2485
f 2147/3292/2485 2229/3291/2450 2231/3293/2452 2148/3294/2486
f 2148/3294/2486 2231/3293/2452 2233/3295/2454 2149/3296/2487
f 2134/3297/2488 2235/3298/2457 2238/3299/2436 2135/3300/2489
f 2135/3301/2489 2238/3302/2436 2217/3280/2435 2152/3279/2479
f 2239/3303/2458 2235/3298/2457 2134/3297/2488 2154/3304/2490
f 2173/3305/2491 2159/3306/2492 2243/3307/2464 2241/3308/2463
f 2159/3306/2492 2161/3309/2493 2245/3310/2469 2243/3307/2464
f 2161/3309/2493 2163/3311/2494 2247/3312/2471 2245/3310/2469
f 2163/3311/2494 2165/3313/2495 2249/3314/2473 2247/3312/2471
f 2165/3313/2495 2167/3315/2496 2251/3316/2475 2249/3314/2473
f 2167/3315/2496 2169/3317/2497 2253/3318/2477 2251/3316/2475
f 2169/3317/2497 2170/3319/2498 2255/3320/2456 2253/3318/2477
f 2170/3319/2498 2149/3321/2487 2233/3322/2454 2255/3320/2456
f 2156/3323/2499 2157/3324/2500 2260/3325/2468 2257/3326/2461
f 2157/3327/2500 2173/3305/2491 2241/3308/2463 2260/3328/2468
f 2239/3303/2458 2154/3304/2490 2156/3323/2499 2257/3326/2461
f 2184/3162/2404 2220/3239/2439 2218/3238/2438 2181/3157/2399
f 2186/3164/2406 2222/3241/2441 2220/3239/2439 2184/3162/2404
f 2188/3166/2408 2224/3243/2443 2222/3241/2441 2186/3164/2406
f 2190/3168/2410 2226/3245/2445 2224/3243/2443 2188/3166/2408
f 2192/3170/2412 2228/3247/2447 2226/3245/2445 2190/3168/2410
f 2194/3172/2414 2230/3249/2449 2228/3247/2447 2192/3170/2412
f 2232/3251/2451 2230/3249/2449 2194/3172/2414 2196/3174/2416
f 2218/3238/2438 2237/3237/2437 2236/3260/2460 2181/3157/2399
f 2236/3260/2460 2240/3259/2459 2199/3158/2400 2181/3157/2399
f 2197/3176/2418 2234/3253/2453 2232/3251/2451 2196/3174/2416
f 2203/3181/2423 2201/3179/2421 2242/3266/2466 2244/3265/2465
f 2205/3183/2425 2203/3181/2423 2244/3265/2465 2246/3270/2470
f 2207/3185/2427 2205/3183/2425 2246/3270/2470 2248/3272/2472
f 2209/3187/2429 2207/3185/2427 2248/3272/2472 2250/3274/2474
f 2211/3189/2431 2209/3187/2429 2250/3274/2474 2252/3276/2476
f 2213/3191/2433 2211/3189/2431 2252/3276/2476 2254/3278/2478
f 2256/3255/2455 2215/3178/2420 2213/3191/2433 2254/3278/2478
f 2242/3266/2466 2201/3179/2421 2258/3262/2462 2259/3267/2467
f 2258/3262/2462 2201/3179/2421 2199/3158/2400 2240/3259/2459
f 2197/3176/2418 2215/3178/2420 2256/3255/2455 2234/3253/2453
s 22
f 2294/3329/2501 2293/3330/2502 2296/3331/2503 2295/3332/2504
f 2295/3332/2504 2296/3331/2503 2298/3333/2505 2297/3334/2506
f 2297/3334/2506 2298/3333/2505 2300/3335/2507 2299/3336/2508
f 2299/3336/2508 2300/3335/2507 2302/3337/2509 2301/3338/2510
f 2301/3338/2510 2302/3337/2509 2304/3339/2511 2303/3340/2512
f 2303/3340/2512 2304/3339/2511 2306/3341/2513 2305/3342/2514
f 2305/3342/2514 2306/3341/2513 2307/3343/2515 2308/3344/2516
f 2308/3344/2516 2307/3343/2515 2309/3345/2517 2310/3346/2518
f 2310/3347/2518 2309/3348/2517 2325/3349/2519 2326/3350/2520
f 2312/3351/2521 2311/3352/2522 2313/3353/2523 2314/3354/2524
f 2314/3354/2524 2313/3353/2523 2315/3355/2525 2316/3356/2526
f 2316/3356/2526 2315/3355/2525 2317/3357/2527 2318/3358/2528
f 2318/3358/2528 2317/3357/2527 2319/3359/2529 2320/3360/2530
f 2320/3360/2530 2319/3359/2529 2321/3361/2531 2322/3362/2532
f 2322/3362/2532 2321/3361/2531 2323/3363/2533 2324/3364/2534
f 2324/3364/2534 2323/3363/2533 2326/3350/2520 2325/3349/2519
f 2261/3365/2535 2294/3366/2501 2295/3367/2504 2263/3368/2536
f 2263/3368/2536 2295/3367/2504 2297/3369/2506 2265/3370/2537
f 2265/3370/2537 2297/3369/2506 2299/3371/2508 2267/3372/2538
f 2267/3372/2538 2299/3371/2508 2301/3373/2510 2269/3374/2539
f 2269/3374/2539 2301/3373/2510 2303/3375/2512 2271/3376/2540
f 2271/3376/2540 2303/3375/2512 2305/3377/2514 2273/3378/2541
f 2305/3377/2514 2308/3379/2516 2292/3380/2542 2273/3378/2541
f 2308/3379/2516 2310/3381/2518 2292/3380/2542
f 2296/3331/2503 2293/3330/2502 2262/3382/2543 2264/3383/2544
f 2298/3333/2505 2296/3331/2503 2264/3383/2544 2266/3384/2545
f 2300/3335/2507 2298/3333/2505 2266/3384/2545 2268/3385/2546
f 2302/3337/2509 2300/3335/2507 2268/3385/2546 2270/3386/2547
f 2304/3339/2511 2302/3337/2509 2270/3386/2547 2272/3387/2548
f 2306/3341/2513 2304/3339/2511 2272/3387/2548 2274/3388/2549
f 2275/3389/2550 2307/3343/2515 2306/3341/2513 2274/3388/2549
f 2275/3389/2550 2276/3390/2551 2309/3345/2517 2307/3343/2515
f 2277/3391/2552 2279/3392/2553 2313/3393/2523 2311/3394/2522
f 2279/3392/2553 2281/3395/2554 2315/3396/2525 2313/3393/2523
f 2281/3395/2554 2283/3397/2555 2317/3398/2527 2315/3396/2525
f 2283/3397/2555 2285/3399/2556 2319/3400/2529 2317/3398/2527
f 2285/3399/2556 2287/3401/2557 2321/3402/2531 2319/3400/2529
f 2287/3401/2557 2289/3403/2558 2323/3404/2533 2321/3402/2531
f 2323/3404/2533 2289/3403/2558 2292/3405/2542 2326/3406/2520
f 2326/3406/2520 2292/3405/2542 2310/3407/2518
f 2314/3354/2524 2280/3408/2559 2278/3409/2560 2312/3351/2521
f 2316/3356/2526 2282/3410/2561 2280/3408/2559 2314/3354/2524
f 2318/3358/2528 2284/3411/2562 2282/3410/2561 2316/3356/2526
f 2320/3360/2530 2286/3412/2563 2284/3411/2562 2318/3358/2528
f 2322/3362/2532 2288/3413/2564 2286/3412/2563 2320/3360/2530
f 2324/3364/2534 2290/3414/2565 2288/3413/2564 2322/3362/2532
f 2291/3415/2566 2290/3414/2565 2324/3364/2534 2325/3349/2519
f 2291/3415/2566 2325/3349/2519 2309/3348/2517 2276/3416/2551
s 24
f 2327/3417/2567 2328/3418/2568 2332/3419/2569 2331/3420/2570
f 2328/3418/2568 2329/3421/2571 2333/3422/2572 2332/3419/2569
f 2329/3421/2571 2330/3423/2573 2334/3424/2574 2333/3422/2572
f 2331/3420/2570 2332/3419/2569 2336/3425/2575 2335/3426/2576
f 2332/3419/2569 2333/3422/2572 2337/3427/2577 2336/3425/2575
f 2333/3422/2572 2334/3424/2574 2338/3428/2578 2337/3427/2577
f 2343/3429/2579 2344/3430/2580 2340/3431/2581 2339/3432/2582
f 2344/3430/2580 2345/3433/2583 2341/3434/2584 2340/3431/2581
f 2345/3433/2583 2346/3435/2585 2342/3436/2586 2341/3434/2584
f 2347/3437/2587 2348/3438/2588 2344/3430/2580 2343/3429/2579
f 2348/3438/2588 2349/3439/2589 2345/3433/2583 2344/3430/2580
f 2349/3439/2589 2350/3440/2590 2346/3435/2585 2345/3433/2583
f 2335/3426/2576 2336/3425/2575 2348/3438/2588 2347/3437/2587
f 2336/3425/2575 2337/3427/2577 2349/3439/2589 2348/3438/2588
f 2337/3427/2577 2338/3428/2578 2350/3440/2590 2349/3439/2589
s 26
f 2351/3441/2591 2352/3442/2592 2355/3443/2593 2354/3444/2594
f 2353/3445/2595 2356/3446/2596 2377/3447/2597 2376/3448/2598
f 2354/3444/2594 2353/3445/2595 2370/3449/2599 2369/3450/2600
f 2356/3446/2596 2355/3443/2593 2358/3451/2601 2357/3452/2602
f 2357/3452/2602 2360/3453/2603 2381/3454/2604 2380/3455/2605
f 2359/3456/2606 2358/3451/2601 2362/3457/2607 2361/3458/2608
f 2363/3459/2609 2366/3460/2610 2389/3461/2611 2388/3462/2612
f 2365/3463/2613 2364/3464/2614 2373/3465/2615 2374/3466/2616
f 2366/3460/2610 2365/3463/2613 2368/3467/2617 2367/3468/2618
f 2367/3468/2618 2370/3469/2599 2385/3470/2619 2384/3471/2620
f 2369/3472/2600 2368/3467/2617 2372/3473/2621 2371/3474/2622
f 2375/3475/2623 2378/3476/2624 2393/3477/2625 2392/3478/2626
f 2376/3479/2598 2375/3475/2623 2386/3480/2627 2385/3481/2619
f 2378/3476/2624 2377/3482/2597 2380/3483/2605 2379/3484/2628
f 2379/3484/2628 2382/3485/2629 2397/3486/2630 2396/3487/2631
f 2383/3488/2632 2386/3489/2627 2401/3490/2633 2400/3491/2634
f 2384/3492/2620 2383/3488/2632 2390/3493/2635 2389/3494/2611
f 2387/3495/2636 2390/3493/2635 2405/3496/2637 2404/3497/2638
f 2391/3498/2639 2394/3499/2640 2409/3500/2641 2408/3501/2642
f 2392/3478/2626 2391/3502/2639 2402/3503/2643 2401/3504/2633
f 2394/3505/2640 2393/3477/2625 2396/3487/2631 2395/3506/2644
f 2395/3507/2644 2398/3508/2645 2413/3509/2646 2412/3510/2647
f 2399/3511/2648 2402/3512/2643 2417/3513/2649 2416/3514/2650
f 2400/3491/2634 2399/3515/2648 2406/3516/2651 2405/3496/2637
f 2403/3517/2652 2406/3518/2651 2421/3519/2653 2420/3520/2654
f 2407/3521/2655 2410/3522/2656 2425/3523/2657 2424/3524/2658
f 2408/3501/2642 2407/3521/2655 2418/3525/2659 2417/3526/2649
f 2410/3522/2656 2409/3500/2641 2412/3510/2647 2411/3527/2660
f 2411/3527/2660 2414/3528/2661 2429/3529/2662 2428/3530/2663
f 2415/3531/2664 2418/3532/2659 2433/3533/2665 2432/3534/2666
f 2416/3514/2650 2415/3531/2664 2422/3535/2667 2421/3519/2653
f 2419/3536/2668 2422/3535/2667 2437/3537/2669 2436/3538/2670
f 2423/3539/2671 2426/3540/2672 2441/3541/2673 2440/3542/2674
f 2424/3524/2658 2423/3543/2671 2434/3544/2675 2433/3545/2665
f 2426/3546/2672 2425/3523/2657 2428/3530/2663 2427/3547/2676
f 2427/3548/2676 2430/3549/2677 2445/3550/2678 2444/3551/2679
f 2431/3552/2680 2434/3553/2675 2449/3554/2681 2448/3555/2682
f 2432/3534/2666 2431/3556/2680 2438/3557/2683 2437/3537/2669
f 2435/3558/2684 2438/3559/2683 2453/3560/2685 2452/3561/2686
f 2439/3562/2687 2442/3563/2688 2455/3564/2689 2456/3565/2690
f 2440/3542/2674 2439/3562/2687 2450/3566/2691 2449/3567/2681
f 2442/3563/2688 2441/3541/2673 2444/3551/2679 2443/3568/2692
f 2443/3568/2692 2446/3569/2693 2457/3570/2694 2458/3571/2695
f 2447/3572/2696 2450/3573/2691 2459/3574/2697 2460/3575/2698
f 2448/3555/2682 2447/3572/2696 2454/3576/2699 2453/3560/2685
f 2451/3577/2700 2454/3576/2699 2461/3578/2701 2462/3579/2702
f 2362/3457/2607 2358/3451/2601 2355/3443/2593 2352/3442/2592
f 2365/3463/2613 2374/3466/2616 2372/3473/2621 2368/3467/2617
f 2351/3441/2591 2354/3444/2594 2369/3450/2600 2371/3580/2622
f 2357/3452/2602 2380/3455/2605 2377/3447/2597 2356/3446/2596
f 2353/3445/2595 2376/3448/2598 2385/3581/2619 2370/3449/2599
f 2367/3468/2618 2384/3471/2620 2389/3461/2611 2366/3460/2610
f 2379/3484/2628 2396/3487/2631 2393/3477/2625 2378/3476/2624
f 2375/3475/2623 2392/3478/2626 2401/3504/2633 2386/3480/2627
f 2383/3488/2632 2400/3491/2634 2405/3496/2637 2390/3493/2635
f 2395/3507/2644 2412/3510/2647 2409/3500/2641 2394/3499/2640
f 2391/3498/2639 2408/3501/2642 2417/3526/2649 2402/3582/2643
f 2399/3511/2648 2416/3514/2650 2421/3519/2653 2406/3518/2651
f 2411/3527/2660 2428/3530/2663 2425/3523/2657 2410/3522/2656
f 2407/3521/2655 2424/3524/2658 2433/3545/2665 2418/3525/2659
f 2415/3531/2664 2432/3534/2666 2437/3537/2669 2422/3535/2667
f 2427/3548/2676 2444/3551/2679 2441/3541/2673 2426/3540/2672
f 2423/3539/2671 2440/3542/2674 2449/3567/2681 2434/3583/2675
f 2431/3552/2680 2448/3555/2682 2453/3560/2685 2438/3559/2683
f 2443/3568/2692 2458/3571/2695 2455/3564/2689 2442/3563/2688
f 2439/3562/2687 2456/3565/2690 2459/3584/2697 2450/3566/2691
f 2447/3572/2696 2460/3575/2698 2461/3578/2701 2454/3576/2699
f 2353/3445/2595 2354/3444/2594 2355/3443/2593 2356/3446/2596
f 2357/3452/2602 2358/3451/2601 2359/3456/2606 2360/3453/2603
f 2363/3459/2609 2364/3464/2614 2365/3463/2613 2366/3460/2610
f 2367/3468/2618 2368/3467/2617 2369/3472/2600 2370/3469/2599
f 2375/3475/2623 2376/3479/2598 2377/3482/2597 2378/3476/2624
f 2379/3484/2628 2380/3483/2605 2381/3585/2604 2382/3485/2629
f 2383/3488/2632 2384/3492/2620 2385/3586/2619 2386/3489/2627
f 2387/3495/2636 2388/3587/2612 2389/3494/2611 2390/3493/2635
f 2391/3502/2639 2392/3478/2626 2393/3477/2625 2394/3505/2640
f 2395/3506/2644 2396/3487/2631 2397/3486/2630 2398/3588/2645
f 2399/3515/2648 2400/3491/2634 2401/3490/2633 2402/3589/2643
f 2403/3590/2652 2404/3497/2638 2405/3496/2637 2406/3516/2651
f 2407/3521/2655 2408/3501/2642 2409/3500/2641 2410/3522/2656
f 2411/3527/2660 2412/3510/2647 2413/3509/2646 2414/3528/2661
f 2415/3531/2664 2416/3514/2650 2417/3513/2649 2418/3532/2659
f 2419/3536/2668 2420/3520/2654 2421/3519/2653 2422/3535/2667
f 2423/3543/2671 2424/3524/2658 2425/3523/2657 2426/3546/2672
f 2427/3547/2676 2428/3530/2663 2429/3529/2662 2430/3591/2677
f 2431/3556/2680 2432/3534/2666 2433/3533/2665 2434/3592/2675
f 2435/3593/2684 2436/3538/2670 2437/3537/2669 2438/3557/2683
f 2439/3562/2687 2440/3542/2674 2441/3541/2673 2442/3563/2688
f 2443/3568/2692 2444/3551/2679 2445/3550/2678 2446/3569/2693
f 2447/3572/2696 2448/3555/2682 2449/3554/2681 2450/3573/2691
f 2451/3577/2700 2452/3561/2686 2453/3560/2685 2454/3576/2699
s 28
f 2463/3594/2703 2466/3595/2704 2467/3596/2705 2464/3597/2706
f 2465/3598/2707 2488/3599/2708 2489/3600/2709 2468/3601/2710
f 2466/3595/2704 2481/3602/2711 2482/3603/2712 2465/3598/2707
f 2468/3601/2710 2469/3604/2713 2470/3605/2714 2467/3596/2705
f 2469/3604/2713 2492/3606/2715 2493/3607/2716 2472/3608/2717
f 2471/3609/2718 2473/3610/2719 2474/3611/2720 2470/3605/2714
f 2475/3612/2721 2500/3613/2722 2501/3614/2723 2478/3615/2724
f 2477/3616/2725 2486/3617/2726 2485/3618/2727 2476/3619/2728
f 2478/3615/2724 2479/3620/2729 2480/3621/2730 2477/3616/2725
f 2479/3620/2729 2496/3622/2731 2497/3623/2732 2482/3624/2712
f 2481/3625/2711 2483/3626/2733 2484/3627/2734 2480/3621/2730
f 2487/3628/2735 2504/3629/2736 2505/3630/2737 2490/3631/2738
f 2488/3632/2708 2497/3633/2732 2498/3634/2739 2487/3628/2735
f 2490/3631/2738 2491/3635/2740 2492/3636/2715 2489/3637/2709
f 2491/3635/2740 2508/3638/2741 2509/3639/2742 2494/3640/2743
f 2495/3641/2744 2512/3642/2745 2513/3643/2746 2498/3644/2739
f 2496/3645/2731 2501/3646/2723 2502/3647/2747 2495/3641/2744
f 2499/3648/2748 2516/3649/2749 2517/3650/2750 2502/3647/2747
f 2503/3651/2751 2520/3652/2752 2521/3653/2753 2506/3654/2754
f 2504/3629/2736 2513/3655/2746 2514/3656/2755 2503/3657/2751
f 2506/3658/2754 2507/3659/2756 2508/3638/2741 2505/3630/2737
f 2507/3660/2756 2524/3661/2757 2525/3662/2758 2510/3663/2759
f 2511/3664/2760 2528/3665/2761 2529/3666/2762 2514/3667/2755
f 2512/3642/2745 2517/3650/2750 2518/3668/2763 2511/3669/2760
f 2515/3670/2764 2532/3671/2765 2533/3672/2766 2518/3673/2763
f 2519/3674/2767 2536/3675/2768 2537/3676/2769 2522/3677/2770
f 2520/3652/2752 2529/3678/2762 2530/3679/2771 2519/3674/2767
f 2522/3677/2770 2523/3680/2772 2524/3661/2757 2521/3653/2753
f 2523/3680/2772 2540/3681/2773 2541/3682/2774 2526/3683/2775
f 2527/3684/2776 2544/3685/2777 2545/3686/2778 2530/3687/2771
f 2528/3665/2761 2533/3672/2766 2534/3688/2779 2527/3684/2776
f 2531/3689/2780 2548/3690/2781 2549/3691/2782 2534/3688/2779
f 2535/3692/2783 2552/3693/2784 2553/3694/2785 2538/3695/2786
f 2536/3675/2768 2545/3696/2778 2546/3697/2787 2535/3698/2783
f 2538/3699/2786 2539/3700/2788 2540/3681/2773 2537/3676/2769
f 2539/3701/2788 2556/3702/2789 2557/3703/2790 2542/3704/2791
f 2543/3705/2792 2560/3706/2793 2561/3707/2794 2546/3708/2787
f 2544/3685/2777 2549/3691/2782 2550/3709/2795 2543/3710/2792
f 2547/3711/2796 2564/3712/2797 2565/3713/2798 2550/3714/2795
f 2551/3715/2799 2568/3716/2800 2567/3717/2801 2554/3718/2802
f 2552/3693/2784 2561/3719/2794 2562/3720/2803 2551/3715/2799
f 2554/3718/2802 2555/3721/2804 2556/3702/2789 2553/3694/2785
f 2555/3721/2804 2570/3722/2805 2569/3723/2806 2558/3724/2807
f 2559/3725/2808 2572/3726/2809 2571/3727/2810 2562/3728/2803
f 2560/3706/2793 2565/3713/2798 2566/3729/2811 2559/3725/2808
f 2563/3730/2812 2574/3731/2813 2573/3732/2814 2566/3729/2811
f 2474/3611/2720 2464/3597/2706 2467/3596/2705 2470/3605/2714
f 2477/3616/2725 2480/3621/2730 2484/3627/2734 2486/3617/2726
f 2463/3594/2703 2483/3733/2733 2481/3602/2711 2466/3595/2704
f 2469/3604/2713 2468/3601/2710 2489/3600/2709 2492/3606/2715
f 2465/3598/2707 2482/3603/2712 2497/3734/2732 2488/3599/2708
f 2479/3620/2729 2478/3615/2724 2501/3614/2723 2496/3622/2731
f 2491/3635/2740 2490/3631/2738 2505/3630/2737 2508/3638/2741
f 2487/3628/2735 2498/3634/2739 2513/3655/2746 2504/3629/2736
f 2495/3641/2744 2502/3647/2747 2517/3650/2750 2512/3642/2745
f 2507/3660/2756 2506/3654/2754 2521/3653/2753 2524/3661/2757
f 2503/3651/2751 2514/3735/2755 2529/3678/2762 2520/3652/2752
f 2511/3664/2760 2518/3673/2763 2533/3672/2766 2528/3665/2761
f 2523/3680/2772 2522/3677/2770 2537/3676/2769 2540/3681/2773
f 2519/3674/2767 2530/3679/2771 2545/3696/2778 2536/3675/2768
f 2527/3684/2776 2534/3688/2779 2549/3691/2782 2544/3685/2777
f 2539/3701/2788 2538/3695/2786 2553/3694/2785 2556/3702/2789
f 2535/3692/2783 2546/3736/2787 2561/3719/2794 2552/3693/2784
f 2543/3705/2792 2550/3714/2795 2565/3713/2798 2560/3706/2793
f 2555/3721/2804 2554/3718/2802 2567/3717/2801 2570/3722/2805
f 2551/3715/2799 2562/3720/2803 2571/3737/2810 2568/3716/2800
f 2559/3725/2808 2566/3729/2811 2573/3732/2814 2572/3726/2809
f 2465/3598/2707 2468/3601/2710 2467/3596/2705 2466/3595/2704
f 2469/3604/2713 2472/3608/2717 2471/3609/2718 2470/3605/2714
f 2475/3612/2721 2478/3615/2724 2477/3616/2725 2476/3619/2728
f 2479/3620/2729 2482/3624/2712 2481/3625/2711 2480/3621/2730
f 2487/3628/2735 2490/3631/2738 2489/3637/2709 2488/3632/2708
f 2491/3635/2740 2494/3640/2743 2493/3738/2716 2492/3636/2715
f 2495/3641/2744 2498/3644/2739 2497/3739/2732 2496/3645/2731
f 2499/3648/2748 2502/3647/2747 2501/3646/2723 2500/3740/2722
f 2503/3657/2751 2506/3658/2754 2505/3630/2737 2504/3629/2736
f 2507/3659/2756 2510/3741/2759 2509/3639/2742 2508/3638/2741
f 2511/3669/2760 2514/3742/2755 2513/3643/2746 2512/3642/2745
f 2515/3743/2764 2518/3668/2763 2517/3650/2750 2516/3649/2749
f 2519/3674/2767 2522/3677/2770 2521/3653/2753 2520/3652/2752
f 2523/3680/2772 2526/3683/2775 2525/3662/2758 2524/3661/2757
f 2527/3684/2776 2530/3687/2771 2529/3666/2762 2528/3665/2761
f 2531/3689/2780 2534/3688/2779 2533/3672/2766 2532/3671/2765
f 2535/3698/2783 2538/3699/2786 2537/3676/2769 2536/3675/2768
f 2539/3700/2788 2542/3744/2791 2541/3682/2774 2540/3681/2773
f 2543/3710/2792 2546/3745/2787 2545/3686/2778 2544/3685/2777
f 2547/3746/2796 2550/3709/2795 2549/3691/2782 2548/3690/2781
f 2551/3715/2799 2554/3718/2802 2553/3694/2785 2552/3693/2784
f 2555/3721/2804 2558/3724/2807 2557/3703/2790 2556/3702/2789
f 2559/3725/2808 2562/3728/2803 2561/3707/2794 2560/3706/2793
f 2563/3730/2812 2566/3729/2811 2565/3713/2798 2564/3712/2797
s 46
f 2590/3747/2815 2589/3748/2816 2591/3749/2817 2592/3750/2818
f 2594/3751/2819 2593/3752/2820 2595/3753/2821 2596/3754/2822
f 2598/3755/2823 2597/3756/2824 2599/3757/2825 2600/3758/2826
f 2591/3749/2817 2589/3748/2816 2601/3759/2827 2602/3760/2828
f 2595/3753/2821 2593/3752/2820 2590/3747/2815 2592/3750/2818
f 2600/3758/2826 2599/3757/2825 2594/3751/2819 2596/3754/2822
f 2577/3761/2829 2583/3762/2830 2589/3748/2816 2590/3747/2815
f 2584/3763/2831 2578/3764/2832 2592/3750/2833 2591/3749/2834
f 2579/3765/2835 2585/3766/2836 2593/3752/2820 2594/3751/2819
f 2586/3767/2837 2580/3768/2838 2596/3754/2839 2595/3753/2840
f 2582/3769/2841 2581/3770/2842 2597/3756/2824 2598/3755/2823
f 2581/3770/2842 2587/3771/2843 2599/3757/2825 2597/3756/2824
f 2588/3772/2844 2582/3769/2841 2598/3755/2823 2600/3758/2845
f 2583/3762/2830 2575/3773/2846 2601/3759/2827 2589/3748/2816
f 2575/3773/2846 2576/3774/2847 2602/3760/2828 2601/3759/2827
f 2576/3774/2847 2584/3763/2831 2591/3749/2834 2602/3760/2828
f 2585/3766/2836 2577/3761/2829 2590/3747/2815 2593/3752/2820
f 2578/3764/2832 2586/3767/2837 2595/3753/2840 2592/3750/2833
f 2587/3771/2843 2579/3765/2835 2594/3751/2819 2599/3757/2825
f 2580/3768/2838 2588/3772/2844 2600/3758/2845 2596/3754/2839
s 51
f 2616/3775/2848 2617/3776/2849 2618/3777/2850 2619/3778/2851
f 2617/3776/2849 2620/3779/2852 2621/3780/2853 2618/3777/2850
f 2620/3779/2852 2622/3781/2854 2623/3782/2855 2621/3780/2853
f 2622/3781/2854 2624/3783/2856 2625/3784/2857 2623/3782/2855
f 2624/3783/2856 2626/3785/2858 2627/3786/2859 2625/3784/2857
f 2626/3785/2858 2628/3787/2860 2629/3788/2861 2627/3786/2859
f 2628/3787/2860 2630/3789/2862 2629/3788/2861
f 2637/3790/2863 2640/3791/2864 2639/3792/2865 2638/3793/2866
f 2638/3793/2866 2639/3792/2865 2642/3794/2867 2641/3795/2868
f 2641/3795/2868 2642/3794/2867 2644/3796/2869 2643/3797/2870
f 2643/3797/2870 2644/3796/2869 2646/3798/2871 2645/3799/2872
f 2645/3799/2872 2646/3798/2871 2648/3800/2873 2647/3801/2874
f 2647/3801/2874 2648/3800/2873 2650/3802/2875 2649/3803/2876
f 2649/3803/2876 2650/3802/2875 2651/3804/2877
f 2653/3805/2878 2652/3806/2879 2655/3807/2880 2654/3808/2881
f 2654/3809/2881 2656/3810/2882 2673/3811/2883 2672/3812/2884
f 2656/3810/2882 2655/3813/2880 2657/3814/2885 2658/3815/2886
f 2658/3815/2886 2657/3814/2885 2659/3816/2887 2660/3817/2888
f 2660/3817/2888 2659/3816/2887 2661/3818/2889 2662/3819/2890
f 2662/3819/2890 2661/3818/2889 2663/3820/2891 2664/3821/2892
f 2664/3821/2892 2663/3820/2891 2665/3822/2893 2666/3823/2894
f 2666/3823/2894 2665/3822/2893 2667/3824/2895 2668/3825/2896
f 2668/3825/2896 2667/3824/2895 2686/3826/2897 2687/3827/2898
f 2669/3828/2899 2670/3829/2900 2672/3830/2884 2671/3831/2901
f 2670/3829/2900 2669/3828/2899 2736/3832/2902 2735/3833/2903
f 2671/3834/2901 2673/3811/2883 2675/3835/2904 2674/3836/2905
f 2674/3836/2905 2675/3835/2904 2677/3837/2906 2676/3838/2907
f 2676/3838/2907 2677/3837/2906 2679/3839/2908 2678/3840/2909
f 2678/3840/2909 2679/3839/2908 2681/3841/2910 2680/3842/2911
f 2680/3842/2911 2681/3841/2910 2683/3843/2912 2682/3844/2913
f 2682/3844/2913 2683/3843/2912 2685/3845/2914 2684/3846/2915
f 2684/3846/2915 2685/3845/2914 2687/3827/2898 2686/3826/2897
f 2688/3847/2916 2689/3848/2917 2695/3849/2918 2694/3850/2919
f 2689/3851/2917 2688/3852/2916 2690/3853/2920 2691/3854/2921
f 2691/3854/2921 2690/3853/2920 2696/3855/2922 2697/3856/2923
f 2692/3857/2924 2693/3858/2925 2699/3859/2926 2698/3860/2927
f 2693/3858/2925 2692/3857/2924 2694/3861/2919 2695/3862/2918
f 2697/3856/2923 2696/3855/2922 2700/3863/2928 2701/3864/2929
f 2698/3860/2927 2699/3859/2926 2703/3865/2930 2702/3866/2931
f 2701/3864/2929 2700/3863/2928 2704/3867/2932 2705/3868/2933
f 2702/3866/2931 2703/3865/2930 2707/3869/2934 2706/3870/2935
f 2705/3868/2933 2704/3867/2932 2708/3871/2936 2709/3872/2937
f 2706/3870/2935 2707/3869/2934 2711/3873/2938 2710/3874/2939
f 2709/3872/2937 2708/3871/2936 2712/3875/2940 2713/3876/2941
f 2710/3874/2939 2711/3873/2938 2715/3877/2942 2714/3878/2943
f 2713/3876/2941 2712/3875/2940 2716/3879/2944 2717/3880/2945
f 2714/3878/2943 2715/3877/2942 2717/3881/2945 2716/3882/2944
f 2718/3883/2946 2720/3884/2947 2722/3885/2948 2721/3886/2949
f 2719/3887/2950 2718/3888/2946 2724/3889/2951 2723/3890/2952
f 2720/3884/2947 2719/3891/2950 2735/3892/2903 2737/3893/2953
f 2721/3886/2949 2722/3885/2948 2726/3894/2954 2725/3895/2955
f 2725/3895/2955 2726/3894/2954 2728/3896/2956 2727/3897/2957
f 2727/3897/2957 2728/3896/2956 2730/3898/2958 2729/3899/2959
f 2729/3899/2959 2730/3898/2958 2732/3900/2960 2731/3901/2961
f 2731/3901/2961 2732/3900/2960 2734/3902/2962 2733/3903/2963
f 2733/3903/2963 2734/3902/2962 2739/3904/2964 2738/3905/2965
f 2737/3893/2953 2736/3906/2902 2740/3907/2966 2741/3908/2967
f 2738/3905/2965 2739/3904/2964 2751/3909/2968 2750/3910/2969
f 2741/3908/2967 2740/3907/2966 2742/3911/2970 2743/3912/2971
f 2743/3912/2971 2742/3911/2970 2744/3913/2972 2745/3914/2973
f 2745/3914/2973 2744/3913/2972 2746/3915/2974 2747/3916/2975
f 2747/3916/2975 2746/3915/2974 2748/3917/2976 2749/3918/2977
f 2749/3918/2977 2748/3917/2976 2750/3910/2969 2751/3909/2968
f 2752/3919/2978 2753/3920/2979 2755/3921/2980 2754/3922/2981
f 2753/3923/2979 2752/3924/2978 2758/3925/2982 2759/3926/2983
f 2754/3922/2981 2755/3921/2980 2761/3927/2984 2760/3928/2985
f 2756/3929/2986 2757/3930/2987 2759/3931/2983 2758/3932/2982
f 2757/3930/2987 2756/3929/2986 2762/3933/2988 2763/3934/2989
f 2760/3928/2985 2761/3927/2984 2765/3935/2990 2764/3936/2991
f 2763/3934/2989 2762/3933/2988 2766/3937/2992 2767/3938/2993
f 2764/3936/2991 2765/3935/2990 2769/3939/2994 2768/3940/2995
f 2767/3938/2993 2766/3937/2992 2770/3941/2996 2771/3942/2997
f 2768/3940/2995 2769/3939/2994 2773/3943/2998 2772/3944/2999
f 2771/3942/2997 2770/3941/2996 2774/3945/3000 2775/3946/3001
f 2772/3944/2999 2773/3943/2998 2777/3947/3002 2776/3948/3003
f 2775/3946/3001 2774/3945/3000 2778/3949/3004 2779/3950/3005
f 2776/3948/3003 2777/3947/3002 2781/3951/3006 2780/3952/3007
f 2779/3950/3005 2778/3949/3004 2780/3953/3007 2781/3954/3006
f 2655/3807/2880 2652/3806/2879 2603/3955/3008 2657/3956/2885
f 2603/3955/3008 2604/3957/3009 2659/3958/2887 2657/3956/2885
f 2604/3957/3009 2605/3959/3010 2661/3960/2889 2659/3958/2887
f 2605/3959/3010 2606/3961/3011 2663/3962/2891 2661/3960/2889
f 2606/3961/3011 2607/3963/3012 2665/3964/2893 2663/3962/2891
f 2607/3963/3012 2608/3965/3013 2667/3966/2895 2665/3964/2893
f 2672/3967/2884 2670/3968/2900 2653/3969/2878 2654/3970/2881
f 2608/3965/3013 2615/3971/3014 2686/3972/2897 2667/3966/2895
f 2669/3828/2899 2671/3831/2901 2674/3973/2905 2609/3974/3015
f 2609/3974/3015 2674/3973/2905 2676/3975/2907 2610/3976/3016
f 2610/3976/3016 2676/3975/2907 2678/3977/2909 2611/3978/3017
f 2611/3978/3017 2678/3977/2909 2680/3979/2911 2612/3980/3018
f 2612/3980/3018 2680/3979/2911 2682/3981/2913 2613/3982/3019
f 2613/3982/3019 2682/3981/2913 2684/3983/2915 2614/3984/3020
f 2614/3984/3020 2684/3983/2915 2686/3985/2897 2615/3986/3014
f 2656/3810/2882 2658/3815/2886 2690/3987/2920 2688/3988/2916
f 2675/3835/2904 2673/3811/2883 2694/3989/2919 2692/3990/2924
f 2673/3811/2883 2656/3810/2882 2688/3988/2916 2694/3989/2919
f 2658/3815/2886 2660/3817/2888 2696/3991/2922 2690/3987/2920
f 2677/3837/2906 2675/3835/2904 2692/3990/2924 2698/3992/2927
f 2660/3817/2888 2662/3819/2890 2700/3993/2928 2696/3991/2922
f 2679/3839/2908 2677/3837/2906 2698/3992/2927 2702/3994/2931
f 2662/3819/2890 2664/3821/2892 2704/3995/2932 2700/3993/2928
f 2681/3841/2910 2679/3839/2908 2702/3994/2931 2706/3996/2935
f 2664/3821/2892 2666/3823/2894 2708/3997/2936 2704/3995/2932
f 2683/3843/2912 2681/3841/2910 2706/3996/2935 2710/3998/2939
f 2666/3823/2894 2668/3825/2896 2712/3999/2940 2708/3997/2936
f 2685/3845/2914 2683/3843/2912 2710/3998/2939 2714/4000/2943
f 2668/3825/2896 2687/3827/2898 2716/4001/2944 2712/3999/2940
f 2687/3827/2898 2685/3845/2914 2714/4000/2943 2716/4001/2944
f 2689/3851/2917 2691/3854/2921 2617/4002/2849 2616/4003/2848
f 2693/3858/2925 2695/3862/2918 2619/4004/2851 2618/4005/2850
f 2695/3849/2918 2689/3848/2917 2616/4006/2848 2619/4007/2851
f 2691/3854/2921 2697/3856/2923 2620/4008/2852 2617/4002/2849
f 2699/3859/2926 2693/3858/2925 2618/4005/2850 2621/4009/2853
f 2697/3856/2923 2701/3864/2929 2622/4010/2854 2620/4008/2852
f 2703/3865/2930 2699/3859/2926 2621/4009/2853 2623/4011/2855
f 2701/3864/2929 2705/3868/2933 2624/4012/2856 2622/4010/2854
f 2707/3869/2934 2703/3865/2930 2623/4011/2855 2625/4013/2857
f 2705/3868/2933 2709/3872/2937 2626/4014/2858 2624/4012/2856
f 2711/3873/2938 2707/3869/2934 2625/4013/2857 2627/4015/2859
f 2709/3872/2937 2713/3876/2941 2628/4016/2860 2626/4014/2858
f 2715/3877/2942 2711/3873/2938 2627/4015/2859 2629/4017/2861
f 2713/3876/2941 2717/3880/2945 2630/4018/2862 2628/4016/2860
f 2717/3881/2945 2715/3877/2942 2629/4017/2861 2630/4019/2862
f 2724/3889/2951 2718/3888/2946 2721/4020/2949 2631/4021/3021
f 2631/4022/3021 2721/4023/2949 2725/4024/2955 2632/4025/3022
f 2632/4025/3022 2725/4024/2955 2727/4026/2957 2633/4027/3023
f 2633/4027/3023 2727/4026/2957 2729/4028/2959 2634/4029/3024
f 2634/4029/3024 2729/4028/2959 2731/4030/2961 2635/4031/3025
f 2635/4031/3025 2731/4030/2961 2733/4032/2963 2636/4033/3026
f 2735/4034/2903 2719/4035/2950 2723/4036/2952 2670/4037/2900
f 2636/4033/3026 2733/4032/2963 2738/4038/2965 2615/4039/3014
f 2669/4040/2899 2609/4041/3015 2740/4042/2966 2736/4043/2902
f 2609/3974/3015 2610/3976/3016 2742/4044/2970 2740/4045/2966
f 2610/3976/3016 2611/3978/3017 2744/4046/2972 2742/4044/2970
f 2611/3978/3017 2612/3980/3018 2746/4047/2974 2744/4046/2972
f 2612/3980/3018 2613/3982/3019 2748/4048/2976 2746/4047/2974
f 2613/3982/3019 2614/3984/3020 2750/4049/2969 2748/4048/2976
f 2614/3984/3020 2615/3986/3014 2738/4050/2965 2750/4049/2969
f 2720/3884/2947 2752/4051/2978 2754/4052/2981 2722/3885/2948
f 2741/3908/2967 2756/4053/2986 2758/4054/2982 2737/3893/2953
f 2737/3893/2953 2758/4054/2982 2752/4051/2978 2720/3884/2947
f 2722/3885/2948 2754/4052/2981 2760/4055/2985 2726/3894/2954
f 2743/3912/2971 2762/4056/2988 2756/4053/2986 2741/3908/2967
f 2726/3894/2954 2760/4055/2985 2764/4057/2991 2728/3896/2956
f 2745/3914/2973 2766/4058/2992 2762/4056/2988 2743/3912/2971
f 2728/3896/2956 2764/4057/2991 2768/4059/2995 2730/3898/2958
f 2747/3916/2975 2770/4060/2996 2766/4058/2992 2745/3914/2973
f 2730/3898/2958 2768/4059/2995 2772/4061/2999 2732/3900/2960
f 2749/3918/2977 2774/4062/3000 2770/4060/2996 2747/3916/2975
f 2732/3900/2960 2772/4061/2999 2776/4063/3003 2734/3902/2962
f 2751/3909/2968 2778/4064/3004 2774/4062/3000 2749/3918/2977
f 2734/3902/2962 2776/4063/3003 2780/4065/3007 2739/3904/2964
f 2739/3904/2964 2780/4065/3007 2778/4064/3004 2751/3909/2968
f 2753/3920/2979 2637/4066/2863 2638/4067/2866 2755/3921/2980
f 2757/3930/2987 2639/4068/2865 2640/4069/2864 2759/3931/2983
f 2759/3926/2983 2640/4070/2864 2637/4071/2863 2753/3923/2979
f 2755/3921/2980 2638/4067/2866 2641/4072/2868 2761/3927/2984
f 2763/3934/2989 2642/4073/2867 2639/4068/2865 2757/3930/2987
f 2761/3927/2984 2641/4072/2868 2643/4074/2870 2765/3935/2990
f 2767/3938/2993 2644/4075/2869 2642/4073/2867 2763/3934/2989
f 2765/3935/2990 2643/4074/2870 2645/4076/2872 2769/3939/2994
f 2771/3942/2997 2646/4077/2871 2644/4075/2869 2767/3938/2993
f 2769/3939/2994 2645/4076/2872 2647/4078/2874 2773/3943/2998
f 2775/3946/3001 2648/4079/2873 2646/4077/2871 2771/3942/2997
f 2773/3943/2998 2647/4078/2874 2649/4080/2876 2777/3947/3002
f 2779/3950/3005 2650/4081/2875 2648/4079/2873 2775/3946/3001
f 2777/3947/3002 2649/4080/2876 2651/4082/2877 2781/3951/3006
f 2781/3954/3006 2651/4083/2877 2650/4081/2875 2779/3950/3005
f 2654/3809/2881 2655/3813/2880 2656/3810/2882
f 2671/3834/2901 2672/3812/2884 2673/3811/2883
f 2718/3883/2946 2719/3891/2950 2720/3884/2947
f 2735/3892/2903 2736/3906/2902 2737/3893/2953
s 58
f 2782/4084/3027 2783/4085/3028 2786/4086/3029 2785/4087/3030
f 2784/4088/3031 2787/4089/3032 2808/4090/3033 2807/4091/3034
f 2785/4087/3030 2784/4088/3031 2801/4092/3035 2800/4093/3036
f 2787/4094/3037 2786/4095/3038 2789/4096/3039 2788/4097/3040
f 2788/4097/3040 2791/4098/3041 2812/4099/3042 2811/4100/3043
f 2790/4101/3044 2789/4096/3039 2793/4102/3045 2792/4103/3046
f 2791/4098/3041 2790/4101/3044 2795/4104/3047 2794/4105/3048
f 2794/4105/3048 2797/4106/3049 2820/4107/3050 2819/4108/3051
f 2796/4109/3052 2795/4104/3047 2804/4110/3053 2805/4111/3054
f 2797/4112/3049 2796/4113/3052 2799/4114/3055 2798/4115/3056
f 2798/4115/3056 2801/4092/3035 2816/4116/3057 2815/4117/3058
f 2800/4093/3036 2799/4114/3055 2803/4118/3059 2802/4119/3060
f 2806/4120/3061 2809/4121/3062 2824/4122/3063 2823/4123/3064
f 2807/4124/3034 2806/4120/3061 2817/4125/3065 2816/4126/3057
f 2809/4127/3066 2808/4128/3067 2811/4129/3043 2810/4130/3068
f 2810/4130/3068 2813/4131/3069 2828/4132/3070 2827/4133/3071
f 2813/4131/3069 2812/4134/3042 2819/4135/3051 2818/4136/3072
f 2814/4137/3073 2817/4125/3065 2832/4138/3074 2831/4139/3075
f 2815/4140/3058 2814/4137/3073 2821/4141/3076 2820/4142/3050
f 2818/4136/3072 2821/4143/3076 2836/4144/3077 2835/4145/3078
f 2822/4146/3079 2825/4147/3080 2840/4148/3081 2839/4149/3082
f 2823/4123/3064 2822/4150/3079 2833/4151/3083 2832/4138/3074
f 2825/4152/3084 2824/4153/3085 2827/4133/3071 2826/4154/3086
f 2826/4155/3086 2829/4156/3087 2844/4157/3088 2843/4158/3089
f 2829/4159/3087 2828/4160/3070 2835/4161/3078 2834/4162/3090
f 2830/4163/3091 2833/4164/3083 2848/4165/3092 2847/4166/3093
f 2831/4139/3075 2830/4167/3091 2837/4168/3094 2836/4169/3077
f 2834/4170/3090 2837/4171/3094 2852/4172/3095 2851/4173/3096
f 2838/4174/3097 2841/4175/3098 2856/4176/3099 2855/4177/3100
f 2839/4149/3082 2838/4174/3097 2849/4178/3101 2848/4165/3092
f 2841/4179/3102 2840/4180/3103 2843/4158/3089 2842/4181/3104
f 2842/4181/3104 2845/4182/3105 2860/4183/3106 2859/4184/3107
f 2845/4182/3105 2844/4157/3088 2851/4173/3096 2850/4185/3108
f 2846/4186/3109 2849/4178/3101 2864/4187/3110 2863/4188/3111
f 2847/4166/3093 2846/4186/3109 2853/4189/3112 2852/4190/3095
f 2850/4185/3108 2853/4191/3112 2868/4192/3113 2867/4193/3114
f 2854/4194/3115 2857/4195/3116 2872/4196/3117 2871/4197/3118
f 2855/4177/3100 2854/4198/3115 2865/4199/3119 2864/4187/3110
f 2857/4200/3120 2856/4201/3121 2859/4184/3107 2858/4202/3122
f 2858/4203/3122 2861/4204/3123 2876/4205/3124 2875/4206/3125
f 2861/4207/3123 2860/4183/3106 2867/4193/3114 2866/4208/3126
f 2862/4209/3127 2865/4210/3119 2880/4211/3128 2879/4212/3129
f 2863/4188/3111 2862/4213/3127 2869/4214/3130 2868/4215/3113
f 2866/4216/3126 2869/4217/3130 2884/4218/3131 2883/4219/3132
f 2870/4220/3133 2873/4221/3134 2886/4222/3135 2887/4223/3136
f 2871/4197/3118 2870/4220/3133 2881/4224/3137 2880/4211/3128
f 2873/4225/3138 2872/4226/3139 2875/4206/3125 2874/4227/3140
f 2874/4227/3140 2877/4228/3141 2888/4229/3142 2889/4230/3143
f 2877/4228/3141 2876/4205/3124 2883/4219/3132 2882/4231/3144
f 2878/4232/3145 2881/4224/3137 2890/4233/3146 2891/4234/3147
f 2879/4212/3129 2878/4232/3145 2885/4235/3148 2884/4236/3131
f 2882/4231/3144 2885/4237/3148 2892/4238/3149 2893/4239/3150
f 2793/4102/3045 2789/4096/3039 2786/4095/3038 2783/4240/3151
f 2796/4113/3052 2805/4241/3054 2803/4118/3059 2799/4114/3055
f 2782/4084/3027 2785/4087/3030 2800/4093/3036 2802/4119/3060
f 2804/4110/3053 2795/4104/3047 2790/4101/3044 2792/4103/3046
f 2788/4097/3040 2811/4100/3043 2808/4242/3067 2787/4094/3037
f 2784/4088/3031 2807/4091/3034 2816/4116/3057 2801/4092/3035
f 2798/4115/3056 2815/4117/3058 2820/4243/3050 2797/4112/3049
f 2794/4105/3048 2819/4108/3051 2812/4099/3042 2791/4098/3041
f 2810/4130/3068 2827/4133/3071 2824/4153/3085 2809/4127/3066
f 2806/4120/3061 2823/4123/3064 2832/4138/3074 2817/4125/3065
f 2814/4137/3073 2831/4139/3075 2836/4169/3077 2821/4141/3076
f 2818/4136/3072 2835/4145/3078 2828/4132/3070 2813/4131/3069
f 2826/4155/3086 2843/4158/3089 2840/4180/3103 2825/4244/3084
f 2822/4146/3079 2839/4149/3082 2848/4165/3092 2833/4164/3083
f 2830/4163/3091 2847/4166/3093 2852/4190/3095 2837/4245/3094
f 2834/4170/3090 2851/4173/3096 2844/4157/3088 2829/4156/3087
f 2842/4181/3104 2859/4184/3107 2856/4201/3121 2841/4179/3102
f 2838/4174/3097 2855/4177/3100 2864/4187/3110 2849/4178/3101
f 2846/4186/3109 2863/4188/3111 2868/4215/3113 2853/4189/3112
f 2850/4185/3108 2867/4193/3114 2860/4183/3106 2845/4182/3105
f 2858/4203/3122 2875/4206/3125 2872/4226/3139 2857/4246/3120
f 2854/4194/3115 2871/4197/3118 2880/4211/3128 2865/4210/3119
f 2862/4209/3127 2879/4212/3129 2884/4236/3131 2869/4247/3130
f 2866/4216/3126 2883/4219/3132 2876/4205/3124 2861/4204/3123
f 2874/4227/3140 2889/4230/3143 2886/4248/3152 2873/4225/3138
f 2870/4220/3133 2887/4223/3136 2890/4233/3146 2881/4224/3137
f 2878/4232/3145 2891/4234/3147 2892/4249/3149 2885/4235/3148
f 2882/4231/3144 2893/4239/3150 2888/4229/3142 2877/4228/3141
f 2784/4088/3031 2785/4087/3030 2786/4086/3029 2787/4089/3032
f 2788/4097/3040 2789/4096/3039 2790/4101/3044 2791/4098/3041
f 2794/4105/3048 2795/4104/3047 2796/4109/3052 2797/4106/3049
f 2798/4115/3056 2799/4114/3055 2800/4093/3036 2801/4092/3035
f 2806/4120/3061 2807/4124/3034 2808/4250/3033 2809/4121/3062
f 2810/4130/3068 2811/4129/3043 2812/4134/3042 2813/4131/3069
f 2814/4137/3073 2815/4140/3058 2816/4126/3057 2817/4125/3065
f 2818/4136/3072 2819/4135/3051 2820/4251/3050 2821/4143/3076
f 2822/4150/3079 2823/4123/3064 2824/4122/3063 2825/4252/3080
f 2826/4253/3086 2827/4254/3071 2828/4255/3070 2829/4256/3087
f 2830/4167/3091 2831/4139/3075 2832/4138/3074 2833/4151/3083
f 2834/4257/3090 2835/4145/3078 2836/4144/3077 2837/4258/3094
f 2838/4174/3097 2839/4149/3082 2840/4148/3081 2841/4175/3098
f 2842/4181/3104 2843/4158/3089 2844/4157/3088 2845/4182/3105
f 2846/4186/3109 2847/4166/3093 2848/4165/3092 2849/4178/3101
f 2850/4185/3108 2851/4173/3096 2852/4172/3095 2853/4191/3112
f 2854/4198/3115 2855/4177/3100 2856/4176/3099 2857/4259/3116
f 2858/4202/3122 2859/4184/3107 2860/4183/3106 2861/4207/3123
f 2862/4213/3127 2863/4188/3111 2864/4187/3110 2865/4199/3119
f 2866/4208/3126 2867/4193/3114 2868/4192/3113 2869/4260/3130
f 2870/4220/3133 2871/4197/3118 2872/4196/3117 2873/4221/3134
f 2874/4227/3140 2875/4206/3125 2876/4205/3124 2877/4228/3141
f 2878/4232/3145 2879/4212/3129 2880/4211/3128 2881/4224/3137
f 2882/4231/3144 2883/4219/3132 2884/4218/3131 2885/4237/3148
s 60
f 2894/4261/3153 2897/4262/3154 2898/4263/3155 2895/4264/3156
f 2896/4265/3157 2919/4266/3158 2920/4267/3159 2899/4268/3160
f 2897/4262/3154 2912/4269/3161 2913/4270/3162 2896/4265/3157
f 2899/4271/3160 2900/4272/3163 2901/4273/3164 2898/4274/3155
f 2900/4272/3163 2923/4275/3165 2924/4276/3166 2903/4277/3167
f 2902/4278/3168 2904/4279/3169 2905/4280/3170 2901/4273/3164
f 2903/4277/3167 2906/4281/3171 2907/4282/3172 2902/4278/3168
f 2906/4281/3171 2931/4283/3173 2932/4284/3174 2909/4285/3175
f 2908/4286/3176 2917/4287/3177 2916/4288/3178 2907/4282/3172
f 2909/4289/3175 2910/4290/3179 2911/4291/3180 2908/4292/3176
f 2910/4290/3179 2927/4293/3181 2928/4294/3182 2913/4270/3162
f 2912/4269/3161 2914/4295/3183 2915/4296/3184 2911/4291/3180
f 2918/4297/3185 2935/4298/3186 2936/4299/3187 2921/4300/3188
f 2919/4301/3158 2928/4302/3182 2929/4303/3189 2918/4297/3185
f 2921/4304/3188 2922/4305/3190 2923/4306/3165 2920/4307/3159
f 2922/4305/3190 2939/4308/3191 2940/4309/3192 2925/4310/3193
f 2925/4310/3193 2930/4311/3194 2931/4312/3173 2924/4313/3166
f 2926/4314/3195 2943/4315/3196 2944/4316/3197 2929/4303/3189
f 2927/4317/3181 2932/4318/3174 2933/4319/3198 2926/4314/3195
f 2930/4311/3194 2947/4320/3199 2948/4321/3200 2933/4322/3198
f 2934/4323/3201 2951/4324/3202 2952/4325/3203 2937/4326/3204
f 2935/4298/3186 2944/4316/3197 2945/4327/3205 2934/4328/3201
f 2937/4329/3204 2938/4330/3206 2939/4308/3191 2936/4331/3187
f 2938/4332/3206 2955/4333/3207 2956/4334/3208 2941/4335/3209
f 2941/4336/3209 2946/4337/3210 2947/4320/3199 2940/4309/3192
f 2942/4338/3211 2959/4339/3212 2960/4340/3213 2945/4341/3205
f 2943/4315/3196 2948/4342/3200 2949/4343/3214 2942/4344/3211
f 2946/4345/3210 2963/4346/3215 2964/4347/3216 2949/4348/3214
f 2950/4349/3217 2967/4350/3218 2968/4351/3219 2953/4352/3220
f 2951/4324/3202 2960/4340/3213 2961/4353/3221 2950/4349/3217
f 2953/4354/3220 2954/4355/3222 2955/4333/3207 2952/4356/3203
f 2954/4355/3222 2971/4357/3223 2972/4358/3224 2957/4359/3225
f 2957/4359/3225 2962/4360/3226 2963/4346/3215 2956/4334/3208
f 2958/4361/3227 2975/4362/3228 2976/4363/3229 2961/4353/3221
f 2959/4339/3212 2964/4364/3216 2965/4365/3230 2958/4361/3227
f 2962/4360/3226 2979/4366/3231 2980/4367/3232 2965/4368/3230
f 2966/4369/3233 2983/4370/3234 2984/4371/3235 2969/4372/3236
f 2967/4350/3218 2976/4363/3229 2977/4373/3237 2966/4374/3233
f 2969/4375/3236 2970/4376/3238 2971/4357/3223 2968/4377/3219
f 2970/4378/3238 2987/4379/3239 2988/4380/3240 2973/4381/3241
f 2973/4382/3241 2978/4383/3242 2979/4366/3231 2972/4358/3224
f 2974/4384/3243 2991/4385/3244 2992/4386/3245 2977/4387/3237
f 2975/4362/3228 2980/4388/3232 2981/4389/3246 2974/4390/3243
f 2978/4391/3242 2995/4392/3247 2996/4393/3248 2981/4394/3246
f 2982/4395/3249 2999/4396/3250 2998/4397/3251 2985/4398/3252
f 2983/4370/3234 2992/4386/3245 2993/4399/3253 2982/4395/3249
f 2985/4400/3252 2986/4401/3254 2987/4379/3239 2984/4402/3235
f 2986/4401/3254 3001/4403/3255 3000/4404/3256 2989/4405/3257
f 2989/4405/3257 2994/4406/3258 2995/4392/3247 2988/4380/3240
f 2990/4407/3259 3003/4408/3260 3002/4409/3261 2993/4399/3253
f 2991/4385/3244 2996/4410/3248 2997/4411/3262 2990/4407/3259
f 2994/4406/3258 3005/4412/3263 3004/4413/3264 2997/4414/3262
f 2905/4280/3170 2895/4415/3156 2898/4274/3155 2901/4273/3164
f 2908/4292/3176 2911/4291/3180 2915/4296/3184 2917/4416/3177
f 2894/4261/3153 2914/4295/3183 2912/4269/3161 2897/4262/3154
f 2916/4288/3178 2904/4279/3169 2902/4278/3168 2907/4282/3172
f 2900/4272/3163 2899/4271/3160 2920/4417/3159 2923/4275/3165
f 2896/4265/3157 2913/4270/3162 2928/4294/3182 2919/4266/3158
f 2910/4290/3179 2909/4289/3175 2932/4418/3174 2927/4293/3181
f 2906/4281/3171 2903/4277/3167 2924/4276/3166 2931/4283/3173
f 2922/4305/3190 2921/4304/3188 2936/4331/3187 2939/4308/3191
f 2918/4297/3185 2929/4303/3189 2944/4316/3197 2935/4298/3186
f 2926/4314/3195 2933/4319/3198 2948/4342/3200 2943/4315/3196
f 2930/4311/3194 2925/4310/3193 2940/4309/3192 2947/4320/3199
f 2938/4332/3206 2937/4419/3204 2952/4356/3203 2955/4333/3207
f 2934/4323/3201 2945/4341/3205 2960/4340/3213 2951/4324/3202
f 2942/4338/3211 2949/4420/3214 2964/4364/3216 2959/4339/3212
f 2946/4345/3210 2941/4335/3209 2956/4334/3208 2963/4346/3215
f 2954/4355/3222 2953/4354/3220 2968/4377/3219 2971/4357/3223
f 2950/4349/3217 2961/4353/3221 2976/4363/3229 2967/4350/3218
f 2958/4361/3227 2965/4365/3230 2980/4388/3232 2975/4362/3228
f 2962/4360/3226 2957/4359/3225 2972/4358/3224 2979/4366/3231
f 2970/4378/3238 2969/4421/3236 2984/4402/3235 2987/4379/3239
f 2966/4369/3233 2977/4387/3237 2992/4386/3245 2983/4370/3234
f 2974/4384/3243 2981/4422/3246 2996/4410/3248 2991/4385/3244
f 2978/4391/3242 2973/4381/3241 2988/4380/3240 2995/4392/3247
f 2986/4401/3254 2985/4400/3252 2998/4423/3251 3001/4403/3255
f 2982/4395/3249 2993/4399/3253 3002/4409/3261 2999/4396/3250
f 2990/4407/3259 2997/4411/3262 3004/4424/3264 3003/4408/3260
f 2994/4406/3258 2989/4405/3257 3000/4404/3256 3005/4412/3263
f 2896/4265/3157 2899/4268/3160 2898/4263/3155 2897/4262/3154
f 2900/4272/3163 2903/4277/3167 2902/4278/3168 2901/4273/3164
f 2906/4281/3171 2909/4285/3175 2908/4286/3176 2907/4282/3172
f 2910/4290/3179 2913/4270/3162 2912/4269/3161 2911/4291/3180
f 2918/4297/3185 2921/4300/3188 2920/4425/3159 2919/4301/3158
f 2922/4305/3190 2925/4310/3193 2924/4313/3166 2923/4306/3165
f 2926/4314/3195 2929/4303/3189 2928/4302/3182 2927/4317/3181
f 2930/4311/3194 2933/4322/3198 2932/4426/3174 2931/4312/3173
f 2934/4328/3201 2937/4427/3204 2936/4299/3187 2935/4298/3186
f 2938/4330/3206 2941/4336/3209 2940/4309/3192 2939/4308/3191
f 2942/4344/3211 2945/4327/3205 2944/4316/3197 2943/4315/3196
f 2946/4337/3210 2949/4428/3214 2948/4321/3200 2947/4320/3199
f 2950/4349/3217 2953/4352/3220 2952/4325/3203 2951/4324/3202
f 2954/4355/3222 2957/4359/3225 2956/4334/3208 2955/4333/3207
f 2958/4361/3227 2961/4353/3221 2960/4340/3213 2959/4339/3212
f 2962/4360/3226 2965/4368/3230 2964/4347/3216 2963/4346/3215
f 2966/4374/3233 2969/4429/3236 2968/4351/3219 2967/4350/3218
f 2970/4376/3238 2973/4382/3241 2972/4358/3224 2971/4357/3223
f 2974/4390/3243 2977/4373/3237 2976/4363/3229 2975/4362/3228
f 2978/4383/3242 2981/4430/3246 2980/4367/3232 2979/4366/3231
f 2982/4395/3249 2985/4398/3252 2984/4371/3235 2983/4370/3234
f 2986/4401/3254 2989/4405/3257 2988/4380/3240 2987/4379/3239
f 2990/4407/3259 2993/4399/3253 2992/4386/3245 2991/4385/3244
f 2994/4406/3258 2997/4414/3262 2996/4393/3248 2995/4392/3247
s 74
f 3021/4431/3265 3020/4432/3266 3022/4433/3267 3023/4434/3268
f 3025/4435/3269 3024/4436/3270 3026/4437/3271 3027/4438/3272
f 3029/4439/3273 3028/4440/3274 3030/4441/3275 3031/4442/3276
f 3022/4433/3267 3020/4432/3266 3032/4443/3277 3033/4444/3278
f 3026/4437/3271 3024/4436/3270 3021/4431/3265 3023/4434/3268
f 3031/4442/3276 3030/4441/3275 3025/4435/3269 3027/4438/3272
f 3008/4445/3279 3014/4446/3280 3020/4432/3266 3021/4431/3265
f 3015/4447/3281 3009/4448/3282 3023/4434/3283 3022/4433/3284
f 3010/4449/3285 3016/4450/3286 3024/4436/3270 3025/4435/3269
f 3017/4451/3287 3011/4452/3288 3027/4438/3289 3026/4437/3290
f 3013/4453/3291 3012/4454/3292 3028/4440/3274 3029/4439/3273
f 3012/4454/3292 3018/4455/3293 3030/4441/3275 3028/4440/3274
f 3019/4456/3294 3013/4453/3295 3029/4439/3296 3031/4442/3297
f 3014/4446/3280 3006/4457/3298 3032/4443/3277 3020/4432/3266
f 3006/4457/3298 3007/4458/3299 3033/4444/3278 3032/4443/3277
f 3007/4458/3299 3015/4447/3281 3022/4433/3284 3033/4444/3278
f 3016/4450/3286 3008/4445/3279 3021/4431/3265 3024/4436/3270
f 3009/4448/3282 3017/4451/3287 3026/4437/3290 3023/4434/3283
f 3018/4455/3293 3010/4449/3285 3025/4435/3269 3030/4441/3275
f 3011/4452/3288 3019/4456/3294 3031/4442/3297 3027/4438/3289
s 79
f 3034/4459/3300 3035/4460/3301 3038/4461/3302 3037/4462/3303
f 3036/4463/3304 3039/4464/3305 3060/4465/3306 3059/4466/3307
f 3037/4467/3303 3036/4463/3304 3049/4468/3308 3048/4469/3309
f 3039/4464/3305 3038/4470/3302 3041/4471/3310 3040/4472/3311
f 3040/4472/3311 3043/4473/3312 3064/4474/3313 3063/4475/3314
f 3042/4476/3315 3041/4477/3310 3045/4478/3316 3044/4479/3317
f 3043/4480/3312 3042/4481/3315 3053/4482/3318 3052/4483/3319
f 3046/4484/3320 3049/4485/3308 3072/4486/3321 3071/4487/3322
f 3047/4488/3323 3046/4484/3320 3055/4489/3324 3054/4490/3325
f 3048/4491/3309 3047/4492/3323 3051/4493/3326 3050/4494/3327
f 3052/4483/3319 3055/4489/3324 3068/4495/3328 3067/4496/3329
f 3054/4497/3325 3053/4498/3318 3056/4499/3330 3057/4500/3331
f 3058/4501/3332 3061/4502/3333 3076/4503/3334 3075/4504/3335
f 3059/4505/3307 3058/4501/3332 3073/4506/3336 3072/4507/3321
f 3061/4502/3333 3060/4508/3306 3063/4509/3314 3062/4510/3337
f 3062/4510/3337 3065/4511/3338 3080/4512/3339 3079/4513/3340
f 3065/4514/3338 3064/4515/3313 3067/4516/3329 3066/4517/3341
f 3066/4517/3341 3069/4518/3342 3084/4519/3343 3083/4520/3344
f 3069/4518/3342 3068/4521/3328 3071/4522/3322 3070/4523/3345
f 3070/4523/3345 3073/4524/3336 3088/4525/3346 3087/4526/3347
f 3074/4527/3348 3077/4528/3349 3092/4529/3350 3091/4530/3351
f 3075/4504/3335 3074/4531/3348 3089/4532/3352 3088/4533/3346
f 3077/4534/3349 3076/4503/3334 3079/4513/3340 3078/4535/3353
f 3078/4536/3353 3081/4537/3354 3096/4538/3355 3095/4539/3356
f 3081/4540/3354 3080/4541/3339 3083/4520/3344 3082/4542/3357
f 3082/4543/3357 3085/4544/3358 3100/4545/3359 3099/4546/3360
f 3085/4547/3358 3084/4519/3343 3087/4526/3347 3086/4548/3361
f 3086/4549/3361 3089/4550/3352 3104/4551/3362 3103/4552/3363
f 3090/4553/3364 3093/4554/3365 3108/4555/3366 3107/4556/3367
f 3091/4530/3351 3090/4553/3364 3105/4557/3368 3104/4558/3362
f 3093/4554/3365 3092/4529/3350 3095/4539/3356 3094/4559/3369
f 3094/4559/3369 3097/4560/3370 3112/4561/3371 3111/4562/3372
f 3097/4563/3370 3096/4564/3355 3099/4546/3360 3098/4565/3373
f 3098/4565/3373 3101/4566/3374 3116/4567/3375 3115/4568/3376
f 3101/4566/3374 3100/4545/3359 3103/4552/3363 3102/4569/3377
f 3102/4569/3377 3105/4570/3368 3120/4571/3378 3119/4572/3379
f 3106/4573/3380 3109/4574/3381 3124/4575/3382 3123/4576/3383
f 3107/4556/3367 3106/4577/3380 3121/4578/3384 3120/4579/3378
f 3109/4580/3381 3108/4555/3366 3111/4562/3372 3110/4581/3385
f 3110/4582/3385 3113/4583/3386 3128/4584/3387 3127/4585/3388
f 3113/4586/3386 3112/4587/3371 3115/4568/3376 3114/4588/3389
f 3114/4589/3389 3117/4590/3390 3132/4591/3391 3131/4592/3392
f 3117/4593/3390 3116/4567/3375 3119/4572/3379 3118/4594/3393
f 3118/4595/3393 3121/4596/3384 3136/4597/3394 3135/4598/3395
f 3122/4599/3396 3125/4600/3397 3138/4601/3398 3139/4602/3399
f 3123/4576/3383 3122/4599/3396 3137/4603/3400 3136/4604/3394
f 3125/4600/3397 3124/4575/3382 3127/4585/3388 3126/4605/3401
f 3126/4605/3401 3129/4606/3402 3140/4607/3403 3141/4608/3404
f 3129/4609/3402 3128/4610/3387 3131/4592/3392 3130/4611/3405
f 3130/4611/3405 3133/4612/3406 3142/4613/3407 3143/4614/3408
f 3133/4612/3406 3132/4591/3391 3135/4598/3395 3134/4615/3409
f 3134/4615/3409 3137/4616/3400 3144/4617/3410 3145/4618/3411
f 3038/4461/3302 3035/4460/3301 3045/4478/3316 3041/4477/3310
f 3047/4492/3323 3054/4497/3325 3057/4500/3331 3051/4493/3326
f 3042/4619/3315 3044/4620/3317 3056/4499/3330 3053/4498/3318
f 3048/4621/3309 3050/4622/3327 3034/4459/3300 3037/4462/3303
f 3039/4464/3305 3040/4472/3311 3063/4475/3314 3060/4465/3306
f 3043/4480/3312 3052/4483/3319 3067/4496/3329 3064/4623/3313
f 3055/4489/3324 3046/4484/3320 3071/4487/3322 3068/4495/3328
f 3049/4468/3308 3036/4463/3304 3059/4466/3307 3072/4624/3321
f 3061/4502/3333 3062/4510/3337 3079/4513/3340 3076/4503/3334
f 3065/4514/3338 3066/4517/3341 3083/4520/3344 3080/4541/3339
f 3069/4518/3342 3070/4523/3345 3087/4526/3347 3084/4519/3343
f 3073/4506/3336 3058/4501/3332 3075/4504/3335 3088/4533/3346
f 3077/4528/3349 3078/4536/3353 3095/4539/3356 3092/4529/3350
f 3081/4625/3354 3082/4543/3357 3099/4546/3360 3096/4564/3355
f 3085/4544/3358 3086/4549/3361 3103/4552/3363 3100/4545/3359
f 3089/4626/3352 3074/4527/3348 3091/4530/3351 3104/4558/3362
f 3093/4554/3365 3094/4559/3369 3111/4562/3372 3108/4555/3366
f 3097/4563/3370 3098/4565/3373 3115/4568/3376 3112/4587/3371
f 3101/4566/3374 3102/4569/3377 3119/4572/3379 3116/4567/3375
f 3105/4557/3368 3090/4553/3364 3107/4556/3367 3120/4579/3378
f 3109/4574/3381 3110/4582/3385 3127/4585/3388 3124/4575/3382
f 3113/4627/3386 3114/4589/3389 3131/4592/3392 3128/4610/3387
f 3117/4590/3390 3118/4595/3393 3135/4598/3395 3132/4591/3391
f 3121/4628/3384 3106/4573/3380 3123/4576/3383 3136/4604/3394
f 3125/4600/3397 3126/4605/3401 3141/4608/3404 3138/4601/3398
f 3129/4609/3402 3130/4611/3405 3143/4614/3408 3140/4629/3403
f 3133/4612/3406 3134/4615/3409 3145/4618/3411 3142/4613/3407
f 3137/4603/3400 3122/4599/3396 3139/4602/3399 3144/4630/3410
f 3036/4463/3304 3037/4467/3303 3038/4470/3302 3039/4464/3305
f 3040/4472/3311 3041/4471/3310 3042/4631/3315 3043/4473/3312
f 3046/4484/3320 3047/4488/3323 3048/4632/3309 3049/4485/3308
f 3052/4483/3319 3053/4482/3318 3054/4490/3325 3055/4489/3324
f 3058/4501/3332 3059/4505/3307 3060/4508/3306 3061/4502/3333
f 3062/4510/3337 3063/4509/3314 3064/4633/3313 3065/4511/3338
f 3066/4517/3341 3067/4516/3329 3068/4521/3328 3069/4518/3342
f 3070/4523/3345 3071/4522/3322 3072/4634/3321 3073/4524/3336
f 3074/4531/3348 3075/4504/3335 3076/4503/3334 3077/4534/3349
f 3078/4535/3353 3079/4513/3340 3080/4512/3339 3081/4635/3354
f 3082/4542/3357 3083/4520/3344 3084/4519/3343 3085/4547/3358
f 3086/4548/3361 3087/4526/3347 3088/4525/3346 3089/4636/3352
f 3090/4553/3364 3091/4530/3351 3092/4529/3350 3093/4554/3365
f 3094/4559/3369 3095/4539/3356 3096/4538/3355 3097/4560/3370
f 3098/4565/3373 3099/4546/3360 3100/4545/3359 3101/4566/3374
f 3102/4569/3377 3103/4552/3363 3104/4551/3362 3105/4570/3368
f 3106/4577/3380 3107/4556/3367 3108/4555/3366 3109/4580/3381
f 3110/4581/3385 3111/4562/3372 3112/4561/3371 3113/4637/3386
f 3114/4588/3389 3115/4568/3376 3116/4567/3375 3117/4593/3390
f 3118/4594/3393 3119/4572/3379 3120/4571/3378 3121/4638/3384
f 3122/4599/3396 3123/4576/3383 3124/4575/3382 3125/4600/3397
f 3126/4605/3401 3127/4585/3388 3128/4584/3387 3129/4606/3402
f 3130/4611/3405 3131/4592/3392 3132/4591/3391 3133/4612/3406
f 3134/4615/3409 3135/4598/3395 3136/4597/3394 3137/4616/3400
s 80
f 3146/4639/3412 3149/4640/3413 3150/4641/3414 3147/4642/3415
f 3148/4643/3416 3171/4644/3417 3172/4645/3418 3151/4646/3419
f 3149/4647/3413 3160/4648/3420 3161/4649/3421 3148/4643/3416
f 3151/4646/3419 3152/4650/3422 3153/4651/3423 3150/4652/3414
f 3152/4650/3422 3175/4653/3424 3176/4654/3425 3155/4655/3426
f 3154/4656/3427 3156/4657/3428 3157/4658/3429 3153/4659/3423
f 3155/4660/3426 3164/4661/3430 3165/4662/3431 3154/4663/3427
f 3158/4664/3432 3183/4665/3433 3184/4666/3434 3161/4667/3421
f 3159/4668/3435 3166/4669/3436 3167/4670/3437 3158/4664/3432
f 3160/4671/3420 3162/4672/3438 3163/4673/3439 3159/4674/3435
f 3164/4661/3430 3179/4675/3440 3180/4676/3441 3167/4670/3437
f 3166/4677/3436 3169/4678/3442 3168/4679/3443 3165/4680/3431
f 3170/4681/3444 3187/4682/3445 3188/4683/3446 3173/4684/3447
f 3171/4685/3417 3184/4686/3434 3185/4687/3448 3170/4681/3444
f 3173/4684/3447 3174/4688/3449 3175/4689/3424 3172/4690/3418
f 3174/4688/3449 3191/4691/3450 3192/4692/3451 3177/4693/3452
f 3177/4694/3452 3178/4695/3453 3179/4696/3440 3176/4697/3425
f 3178/4695/3453 3195/4698/3454 3196/4699/3455 3181/4700/3456
f 3181/4700/3456 3182/4701/3457 3183/4702/3433 3180/4703/3441
f 3182/4701/3457 3199/4704/3458 3200/4705/3459 3185/4706/3448
f 3186/4707/3460 3203/4708/3461 3204/4709/3462 3189/4710/3463
f 3187/4682/3445 3200/4711/3459 3201/4712/3464 3186/4713/3460
f 3189/4714/3463 3190/4715/3465 3191/4691/3450 3188/4683/3446
f 3190/4716/3465 3207/4717/3466 3208/4718/3467 3193/4719/3468
f 3193/4720/3468 3194/4721/3469 3195/4698/3454 3192/4722/3451
f 3194/4723/3469 3211/4724/3470 3212/4725/3471 3197/4726/3472
f 3197/4727/3472 3198/4728/3473 3199/4704/3458 3196/4699/3455
f 3198/4729/3473 3215/4730/3474 3216/4731/3475 3201/4732/3464
f 3202/4733/3476 3219/4734/3477 3220/4735/3478 3205/4736/3479
f 3203/4708/3461 3216/4737/3475 3217/4738/3480 3202/4733/3476
f 3205/4736/3479 3206/4739/3481 3207/4717/3466 3204/4709/3462
f 3206/4739/3481 3223/4740/3482 3224/4741/3483 3209/4742/3484
f 3209/4743/3484 3210/4744/3485 3211/4724/3470 3208/4745/3467
f 3210/4744/3485 3227/4746/3486 3228/4747/3487 3213/4748/3488
f 3213/4748/3488 3214/4749/3489 3215/4730/3474 3212/4725/3471
f 3214/4749/3489 3231/4750/3490 3232/4751/3491 3217/4752/3480
f 3218/4753/3492 3235/4754/3493 3236/4755/3494 3221/4756/3495
f 3219/4734/3477 3232/4757/3491 3233/4758/3496 3218/4759/3492
f 3221/4760/3495 3222/4761/3497 3223/4740/3482 3220/4735/3478
f 3222/4762/3497 3239/4763/3498 3240/4764/3499 3225/4765/3500
f 3225/4766/3500 3226/4767/3501 3227/4746/3486 3224/4768/3483
f 3226/4769/3501 3243/4770/3502 3244/4771/3503 3229/4772/3504
f 3229/4773/3504 3230/4774/3505 3231/4750/3490 3228/4747/3487
f 3230/4775/3505 3247/4776/3506 3248/4777/3507 3233/4778/3496
f 3234/4779/3508 3251/4780/3509 3250/4781/3510 3237/4782/3511
f 3235/4754/3493 3248/4783/3507 3249/4784/3512 3234/4779/3508
f 3237/4782/3511 3238/4785/3513 3239/4763/3498 3236/4755/3494
f 3238/4785/3513 3253/4786/3514 3252/4787/3515 3241/4788/3516
f 3241/4789/3516 3242/4790/3517 3243/4770/3502 3240/4791/3499
f 3242/4790/3517 3255/4792/3518 3254/4793/3519 3245/4794/3520
f 3245/4794/3520 3246/4795/3521 3247/4776/3506 3244/4771/3503
f 3246/4795/3521 3257/4796/3522 3256/4797/3523 3249/4798/3512
f 3150/4641/3414 3153/4659/3423 3157/4658/3429 3147/4642/3415
f 3159/4674/3435 3163/4673/3439 3169/4678/3442 3166/4677/3436
f 3154/4799/3427 3165/4680/3431 3168/4679/3443 3156/4800/3428
f 3160/4801/3420 3149/4640/3413 3146/4639/3412 3162/4802/3438
f 3151/4646/3419 3172/4645/3418 3175/4653/3424 3152/4650/3422
f 3155/4660/3426 3176/4803/3425 3179/4675/3440 3164/4661/3430
f 3167/4670/3437 3180/4676/3441 3183/4665/3433 3158/4664/3432
f 3161/4649/3421 3184/4804/3434 3171/4644/3417 3148/4643/3416
f 3173/4684/3447 3188/4683/3446 3191/4691/3450 3174/4688/3449
f 3177/4694/3452 3192/4722/3451 3195/4698/3454 3178/4695/3453
f 3181/4700/3456 3196/4699/3455 3199/4704/3458 3182/4701/3457
f 3185/4687/3448 3200/4711/3459 3187/4682/3445 3170/4681/3444
f 3189/4710/3463 3204/4709/3462 3207/4717/3466 3190/4716/3465
f 3193/4805/3468 3208/4745/3467 3211/4724/3470 3194/4723/3469
f 3197/4726/3472 3212/4725/3471 3215/4730/3474 3198/4729/3473
f 3201/4806/3464 3216/4737/3475 3203/4708/3461 3186/4707/3460
f 3205/4736/3479 3220/4735/3478 3223/4740/3482 3206/4739/3481
f 3209/4743/3484 3224/4768/3483 3227/4746/3486 3210/4744/3485
f 3213/4748/3488 3228/4747/3487 3231/4750/3490 3214/4749/3489
f 3217/4738/3480 3232/4757/3491 3219/4734/3477 3202/4733/3476
f 3221/4756/3495 3236/4755/3494 3239/4763/3498 3222/4762/3497
f 3225/4807/3500 3240/4791/3499 3243/4770/3502 3226/4769/3501
f 3229/4772/3504 3244/4771/3503 3247/4776/3506 3230/4775/3505
f 3233/4808/3496 3248/4783/3507 3235/4754/3493 3218/4753/3492
f 3237/4782/3511 3250/4781/3510 3253/4786/3514 3238/4785/3513
f 3241/4789/3516 3252/4809/3515 3255/4792/3518 3242/4790/3517
f 3245/4794/3520 3254/4793/3519 3257/4796/3522 3246/4795/3521
f 3249/4784/3512 3256/4810/3523 3251/4780/3509 3234/4779/3508
f 3148/4643/3416 3151/4646/3419 3150/4652/3414 3149/4647/3413
f 3152/4650/3422 3155/4655/3426 3154/4811/3427 3153/4651/3423
f 3158/4664/3432 3161/4667/3421 3160/4812/3420 3159/4668/3435
f 3164/4661/3430 3167/4670/3437 3166/4669/3436 3165/4662/3431
f 3170/4681/3444 3173/4684/3447 3172/4690/3418 3171/4685/3417
f 3174/4688/3449 3177/4693/3452 3176/4813/3425 3175/4689/3424
f 3178/4695/3453 3181/4700/3456 3180/4703/3441 3179/4696/3440
f 3182/4701/3457 3185/4706/3448 3184/4814/3434 3183/4702/3433
f 3186/4713/3460 3189/4714/3463 3188/4683/3446 3187/4682/3445
f 3190/4715/3465 3193/4815/3468 3192/4692/3451 3191/4691/3450
f 3194/4721/3469 3197/4727/3472 3196/4699/3455 3195/4698/3454
f 3198/4728/3473 3201/4816/3464 3200/4705/3459 3199/4704/3458
f 3202/4733/3476 3205/4736/3479 3204/4709/3462 3203/4708/3461
f 3206/4739/3481 3209/4742/3484 3208/4718/3467 3207/4717/3466
f 3210/4744/3485 3213/4748/3488 3212/4725/3471 3211/4724/3470
f 3214/4749/3489 3217/4752/3480 3216/4731/3475 3215/4730/3474
f 3218/4759/3492 3221/4760/3495 3220/4735/3478 3219/4734/3477
f 3222/4761/3497 3225/4817/3500 3224/4741/3483 3223/4740/3482
f 3226/4767/3501 3229/4773/3504 3228/4747/3487 3227/4746/3486
f 3230/4774/3505 3233/4818/3496 3232/4751/3491 3231/4750/3490
f 3234/4779/3508 3237/4782/3511 3236/4755/3494 3235/4754/3493
f 3238/4785/3513 3241/4788/3516 3240/4764/3499 3239/4763/3498
f 3242/4790/3517 3245/4794/3520 3244/4771/3503 3243/4770/3502
f 3246/4795/3521 3249/4798/3512 3248/4777/3507 3247/4776/3506
s 90
f 3286/4819/3524 3287/4820/3525 3263/4821/3526 3262/4822/3527
f 3287/4820/3525 3288/4823/3528 3264/4824/3529 3263/4821/3526
f 3288/4823/3528 3289/4825/3530 3265/4826/3531 3264/4824/3529
f 3282/4827/3532 3283/4828/3533 3267/4829/3534 3266/4830/3535
f 3284/4831/3536 3285/4832/3537 3269/4833/3538 3268/4834/3539
f 3274/4835/3540 3275/4836/3541 3271/4837/3542 3270/4838/3543
f 3275/4836/3541 3276/4839/3544 3272/4840/3545 3271/4837/3542
f 3276/4839/3544 3277/4841/3546 3273/4842/3547 3272/4840/3545
f 3278/4843/3548 3279/4844/3549 3275/4836/3541 3274/4835/3540
f 3280/4845/3550 3281/4846/3551 3277/4841/3546 3276/4839/3544
f 3266/4830/3535 3267/4829/3534 3279/4844/3549 3278/4843/3548
f 3268/4834/3539 3269/4833/3538 3281/4846/3551 3280/4845/3550
f 3262/4822/3527 3263/4821/3526 3283/4828/3533 3282/4827/3532
f 3264/4824/3529 3265/4826/3531 3285/4832/3537 3284/4831/3536
f 3294/4847/3552 3295/4848/3553 3287/4820/3525 3286/4819/3524
f 3295/4848/3553 3296/4849/3554 3288/4823/3528 3287/4820/3525
f 3296/4849/3554 3297/4850/3555 3289/4825/3530 3288/4823/3528
f 3258/4851/3556 3259/4852/3557 3291/4853/3558 3290/4854/3559
f 3259/4852/3557 3260/4855/3560 3292/4856/3561 3291/4853/3558
f 3260/4855/3560 3261/4857/3562 3293/4858/3563 3292/4856/3561
f 3290/4854/3559 3291/4853/3558 3295/4848/3553 3294/4847/3552
f 3291/4853/3558 3292/4856/3561 3296/4849/3554 3295/4848/3553
f 3292/4856/3561 3293/4858/3563 3297/4850/3555 3296/4849/3554
s 93
f 3313/4859/3564 3315/4860/3565 3314/4861/3566 3312/4862/3567
f 3317/4863/3568 3319/4864/3569 3318/4865/3570 3316/4866/3571
f 3321/4867/3572 3323/4868/3573 3322/4869/3574 3320/4870/3575
f 3314/4861/3566 3325/4871/3576 3324/4872/3577 3312/4862/3567
f 3318/4865/3570 3315/4860/3565 3313/4859/3564 3316/4866/3571
f 3323/4868/3573 3319/4864/3569 3317/4863/3568 3322/4869/3574
f 3300/4873/3578 3313/4859/3564 3312/4862/3567 3306/4874/3579
f 3307/4875/3580 3314/4861/3581 3315/4860/3582 3301/4876/3583
f 3302/4877/3584 3317/4863/3568 3316/4866/3571 3308/4878/3585
f 3309/4879/3586 3318/4865/3587 3319/4864/3588 3303/4880/3589
f 3305/4881/3590 3321/4867/3572 3320/4870/3575 3304/4882/3591
f 3304/4882/3591 3320/4870/3575 3322/4869/3574 3310/4883/3592
f 3311/4884/3593 3323/4868/3594 3321/4867/3595 3305/4881/3596
f 3306/4874/3579 3312/4862/3567 3324/4872/3577 3298/4885/3597
f 3298/4885/3597 3324/4872/3577 3325/4871/3576 3299/4886/3598
f 3299/4886/3598 3325/4871/3576 3314/4861/3581 3307/4875/3580
f 3308/4878/3585 3316/4866/3571 3313/4859/3564 3300/4873/3578
f 3301/4876/3583 3315/4860/3582 3318/4865/3587 3309/4879/3586
f 3310/4883/3592 3322/4869/3574 3317/4863/3568 3302/4877/3584
f 3303/4880/3589 3319/4864/3588 3323/4868/3594 3311/4884/3593
s 96
f 3346/4887/3599 3357/4888/3600 3330/4889/3601
f 3330/4889/3601 3357/4888/3600 3358/4890/3602 3334/4891/3603
f 3331/4892/3604 3343/4893/3605 3344/4894/3606 3335/4895/3607
f 3332/4896/3608 3353/4897/3609 3354/4898/3610 3336/4899/3611
f 3360/4900/3612 3358/4890/3602 3359/4901/3613 3338/4902/3614
f 3361/4903/3615 3362/4904/3616 3345/4905/3617 3339/4906/3618
f 3363/4907/3619 3364/4908/3620 3355/4909/3621 3340/4910/3622
f 3344/4894/3606 3343/4893/3605 3332/4896/3608 3336/4899/3611
f 3345/4905/3617 3362/4904/3616 3363/4907/3619 3340/4910/3622
f 3326/4911/3623 3356/4912/3624 3357/4888/3600 3346/4887/3599
f 3327/4913/3625 3342/4914/3626 3348/4915/3627 3347/4916/3628
f 3349/4917/3629 3348/4915/3627 3342/4914/3626 3328/4918/3630
f 3328/4918/3630 3351/4919/3631 3352/4920/3632 3349/4917/3629
f 3352/4920/3632 3351/4919/3631 3329/4921/3633 3350/4922/3634
f 3353/4897/3609 3352/4920/3632 3350/4922/3634 3333/4923/3635
f 3354/4898/3610 3353/4897/3609 3333/4923/3635 3337/4924/3636
f 3355/4909/3621 3364/4908/3620 3365/4925/3637 3341/4926/3638
f 3357/4888/3600 3356/4912/3624 3327/4913/3625 3347/4916/3628
f 3358/4890/3602 3357/4888/3600 3331/4892/3604 3335/4895/3607
f 3359/4901/3613 3358/4890/3602 3361/4903/3615 3339/4906/3618
f 3334/4891/3603 3358/4890/3602 3360/4900/3612
f 3365/4925/3637 3364/4908/3620 3354/4898/3610 3337/4924/3636
s 102
f 3386/4927/3639 3370/4928/3640 3397/4929/3641
f 3370/4928/3640 3374/4930/3642 3398/4931/3643 3397/4929/3641
f 3371/4932/3644 3375/4933/3645 3384/4934/3646 3383/4935/3647
f 3372/4936/3648 3376/4937/3649 3394/4938/3650 3393/4939/3651
f 3400/4940/3652 3378/4941/3653 3399/4942/3654 3398/4931/3643
f 3401/4943/3655 3379/4944/3656 3385/4945/3657 3402/4946/3658
f 3403/4947/3659 3380/4948/3660 3395/4949/3661 3404/4950/3662
f 3384/4934/3646 3376/4937/3649 3372/4936/3648 3383/4935/3647
f 3385/4945/3657 3380/4948/3660 3403/4947/3659 3402/4946/3658
f 3366/4951/3663 3386/4927/3639 3397/4929/3641 3396/4952/3664
f 3367/4953/3665 3387/4954/3666 3388/4955/3667 3382/4956/3668
f 3389/4957/3669 3368/4958/3670 3382/4956/3668 3388/4955/3667
f 3368/4958/3670 3389/4957/3669 3392/4959/3671 3391/4960/3672
f 3392/4959/3671 3390/4961/3673 3369/4962/3674 3391/4960/3672
f 3393/4939/3651 3373/4963/3675 3390/4961/3673 3392/4959/3671
f 3394/4938/3650 3377/4964/3676 3373/4963/3675 3393/4939/3651
f 3395/4949/3661 3381/4965/3677 3405/4966/3678 3404/4950/3662
f 3397/4929/3641 3387/4954/3666 3367/4953/3665 3396/4952/3664
f 3398/4931/3643 3375/4933/3645 3371/4932/3644 3397/4929/3641
f 3399/4942/3654 3379/4944/3656 3401/4943/3655 3398/4931/3643
f 3374/4930/3642 3400/4940/3652 3398/4931/3643
f 3405/4966/3678 3377/4964/3676 3394/4938/3650 3404/4950/3662
g default
v -0.606666 10.554405 -2.560970
v -0.615875 10.557129 -2.573026
v -0.602300 10.563409 -2.571615
v -1.589760 9.350202 -2.570243
v -1.587965 9.365253 -2.573484
v -1.583622 9.358895 -2.560470
v -1.590489 9.369336 -5.150910
v -1.594801 9.375554 -5.137890
v -1.596578 9.360576 -5.141161
v -0.609100 10.573769 -5.137524
v -0.622686 10.567451 -5.136137
v -0.613448 10.564776 -5.148203
v -0.492706 10.548480 -2.543681
v -0.507939 10.550706 -2.536458
v -0.499043 10.560745 -2.545822
v -1.574837 9.317301 -2.552398
v -1.568043 9.325690 -2.541511
v -1.560311 9.314365 -2.547141
v -1.575015 9.335730 -5.170343
v -1.581806 9.327945 -5.159081
v -1.567184 9.324965 -5.164544
v -0.502421 10.571293 -5.162975
v -0.511559 10.561180 -5.172343
v -0.496153 10.559037 -5.165075
v -1.082738 9.488947 0.923450
v -1.075418 9.462765 0.929522
v -1.094560 9.474247 0.943912
v -1.945062 8.289879 0.941822
v -1.930515 8.270531 0.928275
v -1.956771 8.274027 0.922214
v -1.100912 9.483897 -1.451987
v -1.081544 9.472528 -1.438088
v -1.088976 9.498443 -1.431489
v -1.963018 8.283532 -1.433660
v -1.936771 8.280115 -1.439816
v -1.951411 8.299529 -1.453211
v -1.167721 9.534058 0.886179
v -1.180953 9.520007 0.904314
v -1.193990 9.527716 0.881808
v -2.007368 8.391693 0.880384
v -1.997734 8.378485 0.902936
v -2.008782 8.364585 0.883592
v -2.013324 8.400946 -1.390717
v -2.014819 8.373777 -1.394214
v -2.003868 8.387828 -1.413511
v -1.200008 9.536877 -1.389026
v -1.187062 9.529101 -1.411723
v -1.173756 9.543253 -1.393497
v -1.260888 9.401564 -3.476007
v -1.253756 9.375844 -3.470114
v -1.272483 9.386906 -3.455395
v -1.843102 8.497020 -3.457260
v -1.825952 8.482063 -3.470409
v -1.852911 8.480521 -3.476798
v -1.278503 9.396059 -5.726842
v -1.259582 9.385074 -5.712569
v -1.266799 9.410561 -5.706191
v -1.858824 8.489527 -5.708826
v -1.831970 8.491019 -5.715435
v -1.849115 8.506174 -5.728285
v -1.343581 9.446902 -3.511025
v -1.356205 9.432439 -3.492851
v -1.369310 9.440045 -3.515060
v -1.920890 8.580899 -3.517070
v -1.909323 8.570824 -3.494512
v -1.918473 8.554061 -3.512321
v -1.926652 8.589480 -5.667672
v -1.924200 8.562778 -5.672505
v -1.915136 8.579670 -5.690238
v -1.375014 9.448722 -5.666337
v -1.361994 9.441065 -5.688730
v -1.349304 9.455610 -5.670459
v 1.114398 9.941383 -4.684923
v 1.133046 9.943308 -4.688956
v 1.125122 9.956443 -4.675056
v 1.131193 9.966121 -7.074772
v 1.139262 9.953312 -7.060410
v 1.120418 9.950987 -7.065065
v 1.185715 10.072907 -4.734632
v 1.178736 10.062785 -4.717861
v 1.186738 10.052295 -4.732478
v -0.009241 12.016104 -4.712428
v -0.009240 12.036696 -4.729389
v 1.191408 10.082171 -7.014065
v 1.192512 10.061503 -7.016446
v 1.184571 10.072095 -7.031031
v -0.009239 12.045452 -7.013977
v -0.009240 12.025304 -7.031108
v -0.009241 11.815494 -4.683529
v -0.009241 11.847457 -4.672427
v -0.009240 11.867374 -7.071013
v -0.009240 11.835110 -7.060235
v -1.197125 10.062787 -4.717828
v -1.204149 10.072987 -4.734723
v -1.205293 10.052446 -4.732337
v -1.211068 10.061652 -7.016584
v -1.209936 10.082095 -7.014155
v -1.202961 10.072095 -7.031063
v -1.143601 9.956442 -4.675055
v -1.151744 9.943749 -4.689468
v -1.132877 9.941383 -4.684923
v -1.138900 9.950986 -7.065065
v -1.157526 9.952872 -7.060926
v -1.149673 9.966119 -7.074772
v 1.627552 8.601227 0.887758
v 1.622832 8.574587 0.893634
v 1.640615 8.587536 0.908601
v 2.167310 7.914065 0.907299
v 2.151424 7.897444 0.893890
v 2.178764 7.898350 0.887528
v 1.646634 8.596687 -1.362857
v 1.628637 8.583807 -1.348349
v 1.633463 8.610223 -1.341989
v 2.184679 7.907354 -1.344078
v 2.157452 7.906403 -1.350676
v 2.173327 7.923220 -1.363783
v 1.706338 8.654995 0.852751
v 1.720420 8.641603 0.871178
v 1.732935 8.650568 0.848717
v 2.238296 8.005767 0.847221
v 2.227513 7.994512 0.870034
v 2.238341 7.978479 0.851990
v 2.244064 8.014346 -1.302891
v 2.244066 7.987189 -1.307738
v 2.233322 8.003355 -1.325716
v 1.738633 8.659247 -1.302098
v 1.726225 8.650227 -1.324748
v 1.712060 8.663707 -1.306238
v -0.950795 10.147455 2.958003
v -0.961127 10.150308 2.945360
v -0.946464 10.157713 2.946330
v -1.708251 8.857306 2.946482
v -1.709830 8.874390 2.944308
v -1.702316 8.867186 2.958030
v -1.708297 8.876331 0.933365
v -1.714881 8.882886 0.946954
v -1.714181 8.866273 0.944162
v -0.881206 10.115879 0.947833
v -0.894687 10.106323 0.949118
v -0.883695 10.104935 0.936071
v -0.765982 10.124535 2.970412
v -0.779747 10.127502 2.980314
v -0.772762 10.138599 2.969374
v -1.679959 8.820049 2.962864
v -1.663730 8.819861 2.966328
v -1.679265 8.838476 0.915892
v -1.685811 8.828937 0.927853
v -1.669498 8.828686 0.924180
v -0.782241 10.140559 0.926949
v -0.793471 10.125845 0.917457
v -0.773127 10.129297 0.924801
v 0.950794 10.147454 2.958003
v 0.961127 10.150308 2.945360
v 0.946465 10.157713 2.946330
v 1.708251 8.857306 2.946482
v 1.709831 8.874391 2.944308
v 1.702316 8.867186 2.958030
v 1.708297 8.876331 0.933365
v 1.714881 8.882886 0.946954
v 1.714182 8.866273 0.944162
v 0.881206 10.115879 0.947833
v 0.894687 10.106323 0.949118
v 0.883695 10.104936 0.936071
v 0.765982 10.124535 2.970412
v 0.779748 10.127502 2.980314
v 0.772763 10.138599 2.969374
v 1.679960 8.820049 2.962864
v 1.663730 8.819861 2.966328
v 1.679266 8.838475 0.915892
v 1.685812 8.828937 0.927853
v 1.669498 8.828686 0.924180
v 0.782242 10.140559 0.926949
v 0.793471 10.125846 0.917457
v 0.773127 10.129297 0.924801
v -0.247353 11.540075 1.124511
v -0.256660 11.542091 1.113873
v -0.244059 11.549043 1.114633
v -0.816642 10.552999 1.112600
v -0.816080 10.567194 1.111843
v -0.809868 10.559854 1.122625
v -0.814870 10.567646 -0.795382
v -0.821120 10.574822 -0.784621
v -0.821567 10.560676 -0.785373
v -0.249099 11.556716 -0.784423
v -0.261662 11.549797 -0.783766
v -0.252404 11.547795 -0.794341
v -0.184505 11.532588 1.125540
v -0.196092 11.534882 1.133849
v -0.191205 11.544416 1.124259
v -0.780297 10.477609 1.123678
v -0.774065 10.488323 1.132819
v -0.767183 10.476900 1.124635
v -0.777776 10.495705 -0.805780
v -0.784168 10.485573 -0.796258
v -0.770595 10.484915 -0.797288
v -0.194758 11.552135 -0.794240
v -0.199794 11.542581 -0.803848
v -0.188072 11.540321 -0.795576
v 2.224713 8.028774 2.078172
v 2.245661 8.007827 2.078172
v 2.245661 8.028774 2.099120
v 4.069442 8.028774 2.099120
v 4.069442 8.007827 2.078172
v 4.090389 8.028774 2.078172
v 2.245661 8.028774 -5.739815
v 2.245661 8.007827 -5.718870
v 2.224713 8.028774 -5.718870
v 4.090389 8.028774 -5.718870
v 4.069442 8.007827 -5.718870
v 4.069442 8.028774 -5.739815
v 2.224713 8.124030 2.078172
v 2.245661 8.124030 2.099120
v 2.245661 8.144978 2.078172
v 4.069442 8.144978 2.078172
v 4.069442 8.124030 2.099120
v 4.090389 8.124030 2.078172
v 4.069442 8.144978 -5.718870
v 4.090389 8.124030 -5.718870
v 4.069442 8.124030 -5.739815
v 2.245661 8.144978 -5.718870
v 2.245661 8.124030 -5.739815
v 2.224713 8.124030 -5.718870
v -2.224713 8.028774 2.078172
v -2.245661 8.007827 2.078172
v -2.245661 8.028774 2.099120
v -4.069442 8.028774 2.099120
v -4.069442 8.007827 2.078172
v -4.090389 8.028774 2.078172
v -2.245661 8.028774 -5.739815
v -2.245661 8.007827 -5.718870
v -2.224713 8.028774 -5.718870
v -4.090389 8.028774 -5.718870
v -4.069442 8.007827 -5.718870
v -4.069442 8.028774 -5.739815
v -2.224713 8.124030 2.078172
v -2.245661 8.124030 2.099120
v -2.245661 8.144978 2.078172
v -4.069442 8.144978 2.078172
v -4.069442 8.124030 2.099120
v -4.090389 8.124030 2.078172
v -4.069442 8.144978 -5.718870
v -4.090389 8.124030 -5.718870
v -4.069442 8.124030 -5.739815
v -2.245661 8.144978 -5.718870
v -2.245661 8.124030 -5.739815
v -2.224713 8.124030 -5.718870
v -1.040998 10.043919 2.947636
v -1.060915 10.046764 2.942187
v -1.052661 10.060728 2.956376
v -1.058827 10.070221 1.058577
v -1.067202 10.056729 1.073415
v -1.047077 10.053375 1.067132
v -1.089820 10.140345 2.918190
v -1.097931 10.129250 2.903215
v -1.096838 10.150420 2.900169
v -1.102664 10.159507 1.115588
v -1.103711 10.138225 1.112567
v -1.095791 10.149594 1.097474
v -0.111422 11.593826 2.939899
v -0.122688 11.604487 2.953337
v -0.110325 11.615458 2.937448
v -0.182928 11.773113 2.894387
v -0.195201 11.757720 2.908582
v -0.202254 11.772945 2.892019
v -0.183017 11.789928 1.115816
v -0.202686 11.790392 1.117944
v -0.195692 11.775446 1.101265
v -0.110916 11.633646 1.071426
v -0.123231 11.623046 1.055526
v -0.112034 11.612059 1.068850
v 1.040999 10.043918 2.947636
v 1.060915 10.046764 2.942187
v 1.052661 10.060727 2.956376
v 1.058827 10.070220 1.058577
v 1.067202 10.056729 1.073415
v 1.047075 10.053375 1.067132
v 1.089820 10.140345 2.918190
v 1.097929 10.129250 2.903215
v 1.096839 10.150420 2.900169
v 1.102663 10.159507 1.115588
v 1.103710 10.138225 1.112567
v 1.095790 10.149594 1.097474
v 0.111421 11.593826 2.939899
v 0.122687 11.604486 2.953338
v 0.110324 11.615458 2.937448
v 0.182929 11.773112 2.894387
v 0.195200 11.757720 2.908582
v 0.202253 11.772944 2.892019
v 0.183017 11.789927 1.115816
v 0.202685 11.790392 1.117944
v 0.195691 11.775446 1.101265
v 0.110916 11.633646 1.071426
v 0.123230 11.623047 1.055526
v 0.112032 11.612060 1.068850
v -1.626445 8.604933 -3.538355
v -1.624425 8.577354 -3.534962
v -1.640687 8.591522 -3.517850
v -2.215093 7.975159 -3.518533
v -2.201833 7.957009 -3.535360
v -2.229012 7.960785 -3.538512
v -1.644319 8.597036 -4.887925
v -1.627906 8.582810 -4.871099
v -1.629968 8.610295 -4.867404
v -2.232537 7.966149 -4.868550
v -2.205359 7.962421 -4.871811
v -2.218720 7.980671 -4.888493
v -1.700423 8.666092 -3.559148
v -1.713734 8.651786 -3.539611
v -1.728120 8.664321 -3.563029
v -2.279551 8.074217 -3.562061
v -2.269491 8.059562 -3.540664
v -2.282259 8.046593 -3.558672
v -2.282776 8.079574 -4.843771
v -2.285676 8.051794 -4.847584
v -2.272989 8.064901 -4.865564
v -1.731511 8.669479 -4.841843
v -1.717362 8.659529 -4.864998
v -1.703836 8.671281 -4.845851
v 1.082738 9.488947 0.923450
v 1.075419 9.462766 0.929522
v 1.094561 9.474247 0.943912
v 1.945062 8.289879 0.941822
v 1.930515 8.270531 0.928275
v 1.956771 8.274027 0.922214
v 1.100914 9.483896 -1.451987
v 1.081543 9.472528 -1.438088
v 1.088977 9.498442 -1.431489
v 1.963018 8.283533 -1.433660
v 1.936770 8.280115 -1.439816
v 1.951412 8.299529 -1.453211
v 1.167722 9.534058 0.886179
v 1.180952 9.520007 0.904314
v 1.193991 9.527716 0.881808
v 2.007368 8.391693 0.880384
v 1.997735 8.378486 0.902936
v 2.008783 8.364585 0.883592
v 2.013325 8.400945 -1.390717
v 2.014820 8.373776 -1.394214
v 2.003868 8.387828 -1.413511
v 1.200008 9.536878 -1.389026
v 1.187062 9.529102 -1.411723
v 1.173757 9.543253 -1.393497
v 1.626445 8.604933 -3.538355
v 1.624425 8.577354 -3.534962
v 1.640686 8.591522 -3.517850
v 2.215093 7.975160 -3.518533
v 2.201833 7.957009 -3.535360
v 2.229012 7.960785 -3.538512
v 1.644319 8.597036 -4.887925
v 1.627907 8.582810 -4.871100
v 1.629968 8.610295 -4.867404
v 2.232537 7.966150 -4.868550
v 2.205359 7.962422 -4.871811
v 2.218720 7.980671 -4.888493
v 1.700424 8.666092 -3.559148
v 1.713734 8.651786 -3.539611
v 1.728119 8.664321 -3.563029
v 2.279551 8.074217 -3.562060
v 2.269492 8.059562 -3.540664
v 2.282258 8.046593 -3.558672
v 2.282777 8.079575 -4.843771
v 2.285677 8.051794 -4.847583
v 2.272988 8.064901 -4.865563
v 1.731511 8.669479 -4.841843
v 1.717362 8.659529 -4.864998
v 1.703836 8.671281 -4.845851
v -0.224415 11.568907 -3.025406
v -0.238782 11.571810 -3.042417
v -0.219294 11.582867 -3.040909
v -0.834780 10.430590 -3.042291
v -0.834307 10.452749 -3.044323
v -0.825164 10.441778 -3.026524
v -0.830302 10.450188 -5.087085
v -0.839658 10.460955 -5.069412
v -0.839859 10.438834 -5.071373
v -0.224680 11.591080 -5.069236
v -0.244112 11.580055 -5.067892
v -0.229810 11.577184 -5.084801
v -0.125409 11.557026 -3.020851
v -0.143693 11.560755 -3.008162
v -0.135993 11.575537 -3.023241
v -0.803856 10.367158 -3.024963
v -0.794848 10.383617 -3.010647
v -0.783193 10.365586 -3.021945
v -0.797806 10.390848 -5.102463
v -0.807105 10.375429 -5.087451
v -0.785786 10.374084 -5.090433
v -0.138672 11.583827 -5.087255
v -0.146624 11.568989 -5.102340
v -0.128103 11.565343 -5.089702
v 0.224415 11.568907 -3.025406
v 0.238782 11.571810 -3.042417
v 0.219295 11.582866 -3.040909
v 0.834780 10.430590 -3.042291
v 0.834308 10.452750 -3.044323
v 0.825165 10.441778 -3.026524
v 0.830302 10.450188 -5.087086
v 0.839658 10.460955 -5.069412
v 0.839859 10.438834 -5.071373
v 0.224680 11.591079 -5.069236
v 0.244113 11.580055 -5.067892
v 0.229811 11.577185 -5.084801
v 0.125409 11.557027 -3.020851
v 0.143692 11.560755 -3.008162
v 0.135994 11.575537 -3.023241
v 0.803856 10.367158 -3.024963
v 0.794848 10.383617 -3.010647
v 0.783193 10.365586 -3.021945
v 0.797807 10.390848 -5.102463
v 0.807105 10.375430 -5.087451
v 0.785787 10.374084 -5.090433
v 0.138671 11.583827 -5.087254
v 0.146624 11.568989 -5.102340
v 0.128103 11.565343 -5.089702
v -1.229602 9.156719 2.961778
v -1.242254 9.142609 2.982014
v -2.191886 7.991522 2.980450
v -2.204566 7.976525 2.960855
v -1.248205 9.151651 0.893669
v -1.235432 9.165603 0.913931
v -2.210408 7.985412 0.911899
v -2.197835 8.000565 0.892356
v -1.313160 9.204879 2.926858
v -1.327087 9.191769 2.944930
v -1.339563 9.200478 2.921912
v -2.251721 8.096436 2.921540
v -2.243073 8.082796 2.943528
v -2.254387 8.069624 2.926211
v -2.257270 8.105115 0.952356
v -2.260050 8.078244 0.947378
v -2.248812 8.091553 0.930099
v -1.345194 9.209041 0.954648
v -1.332816 9.200171 0.931407
v -1.318812 9.213485 0.949589
v 1.229601 9.156719 2.961778
v 1.242255 9.142609 2.982014
v 2.191885 7.991522 2.980450
v 2.204566 7.976524 2.960855
v 1.248205 9.151652 0.893669
v 1.235431 9.165603 0.913931
v 2.210408 7.985412 0.911899
v 2.197835 8.000564 0.892356
v 1.313160 9.204879 2.926858
v 1.327086 9.191769 2.944930
v 1.339563 9.200478 2.921912
v 2.251720 8.096436 2.921540
v 2.243073 8.082796 2.943528
v 2.254386 8.069624 2.926211
v 2.257272 8.105115 0.952356
v 2.260050 8.078244 0.947378
v 2.248814 8.091552 0.930099
v 1.345196 9.209042 0.954648
v 1.332818 9.200171 0.931407
v 1.318815 9.213485 0.949589
v -1.627553 8.601227 0.887758
v -1.622832 8.574587 0.893634
v -1.640615 8.587535 0.908601
v -2.167311 7.914065 0.907299
v -2.151425 7.897443 0.893890
v -2.178765 7.898351 0.887528
v -1.646635 8.596688 -1.362857
v -1.628638 8.583807 -1.348349
v -1.633464 8.610224 -1.341989
v -2.184679 7.907354 -1.344078
v -2.157454 7.906404 -1.350676
v -2.173327 7.923220 -1.363783
v -1.706339 8.654995 0.852751
v -1.720421 8.641603 0.871178
v -1.732936 8.650568 0.848717
v -2.238296 8.005766 0.847221
v -2.227514 7.994512 0.870034
v -2.238341 7.978479 0.851991
v -2.244065 8.014346 -1.302891
v -2.244066 7.987188 -1.307738
v -2.233324 8.003355 -1.325716
v -1.738635 8.659247 -1.302098
v -1.726226 8.650227 -1.324748
v -1.712060 8.663707 -1.306238
v 1.177213 9.859608 -0.713567
v 1.196750 9.861532 -0.717600
v 1.188447 9.874667 -0.703699
v 1.194808 9.884345 -3.103415
v 1.203262 9.871536 -3.089054
v 1.183520 9.869211 -3.093709
v 1.251930 9.991132 -0.763275
v 1.244619 9.981009 -0.746504
v 1.253002 9.970519 -0.761122
v -0.000001 11.934328 -0.741072
v -0.000000 11.954921 -0.758033
v 1.257894 10.000396 -3.042709
v 1.259051 9.979728 -3.045089
v 1.250731 9.990319 -3.059674
v 0.000001 11.963676 -3.042620
v -0.000000 11.943528 -3.059751
v -0.000001 11.733718 -0.712173
v -0.000002 11.765681 -0.701070
v 0.000000 11.785600 -3.099657
v 0.000000 11.753334 -3.088878
v -1.244523 9.981011 -0.746471
v -1.251881 9.991211 -0.763366
v -1.253080 9.970671 -0.760980
v -1.259130 9.979877 -3.045228
v -1.257945 10.000319 -3.042798
v -1.250637 9.990320 -3.059707
v -1.188447 9.874666 -0.703698
v -1.196978 9.861974 -0.718112
v -1.177212 9.859608 -0.713567
v -1.183522 9.869210 -3.093709
v -1.203036 9.871097 -3.089570
v -1.194808 9.884343 -3.103416
v -1.386371 9.052312 -5.710640
v -1.380713 9.025658 -5.707123
v -1.398829 9.037370 -5.691175
v -2.331941 7.869807 -5.692580
v -2.318639 7.851203 -5.708570
v -2.345205 7.854360 -5.711718
v -1.402393 9.042789 -7.037680
v -1.384229 9.030924 -7.021850
v -1.389835 9.057585 -7.018177
v -2.348672 7.859634 -7.019864
v -2.322265 7.856329 -7.023364
v -2.335508 7.875226 -7.038956
v -1.470827 9.099043 -5.731010
v -1.481946 9.083675 -5.712646
v -1.497425 9.093795 -5.734567
v -2.393650 7.974131 -5.735084
v -2.383351 7.959399 -5.714262
v -2.396288 7.946543 -5.733647
v -2.396908 7.979321 -6.995359
v -2.399636 7.951641 -6.997102
v -2.386798 7.964646 -7.016459
v -1.500765 9.098876 -6.993423
v -1.485742 9.090826 -7.015141
v -1.474184 9.104155 -6.997085
v 1.386372 9.052313 -5.710640
v 1.380714 9.025657 -5.707123
v 1.398829 9.037370 -5.691175
v 2.331941 7.869806 -5.692580
v 2.318640 7.851203 -5.708570
v 2.345205 7.854360 -5.711718
v 1.402393 9.042789 -7.037680
v 1.384231 9.030924 -7.021850
v 1.389836 9.057585 -7.018177
v 2.348673 7.859633 -7.019863
v 2.322266 7.856329 -7.023364
v 2.335508 7.875225 -7.038955
v 1.470827 9.099043 -5.731010
v 1.481946 9.083675 -5.712647
v 1.497425 9.093795 -5.734567
v 2.393651 7.974131 -5.735083
v 2.383352 7.959399 -5.714263
v 2.396290 7.946543 -5.733646
v 2.396908 7.979321 -6.995360
v 2.399636 7.951640 -6.997102
v 2.386799 7.964645 -7.016459
v 1.500765 9.098876 -6.993423
v 1.485743 9.090826 -7.015140
v 1.474184 9.104154 -6.997085
v 0.600056 10.675922 1.868555
v 0.609193 10.678849 1.856594
v 0.595262 10.684649 1.858008
v 1.509174 9.398554 1.858823
v 1.508353 9.413716 1.855564
v 1.503618 9.407652 1.868619
v 1.510485 9.418095 -0.721890
v 1.515183 9.424017 -0.708828
v 1.515989 9.408925 -0.712124
v 0.602069 10.695023 -0.708321
v 0.615953 10.689240 -0.706980
v 0.606881 10.686349 -0.718901
v 0.503243 10.654483 1.884772
v 0.515639 10.658633 1.892754
v 0.508976 10.667715 1.882521
v 1.492467 9.367120 1.876529
v 1.486228 9.375955 1.887445
v 1.477755 9.365108 1.881855
v 1.493180 9.386003 -0.741194
v 1.499450 9.377777 -0.729900
v 1.484638 9.375731 -0.735433
v 0.514552 10.678240 -0.733228
v 0.521491 10.669141 -0.743433
v 0.508837 10.665032 -0.735546
v 0.348361 11.556157 -6.918208
v 0.349789 11.588970 -6.918208
v 0.348361 11.556157 2.925375
v 0.349789 11.588970 2.925375
v 0.000003 11.817652 -6.918208
v 0.000001 11.817652 2.925375
v 0.231668 11.381731 -6.918208
v 0.264513 11.381898 -6.918208
v 0.264513 11.381898 2.925371
v 0.231668 11.381731 2.925371
v -0.348362 11.556157 -6.918208
v -0.349790 11.588970 -6.918208
v -0.348363 11.556157 2.925375
v -0.349791 11.588970 2.925375
v -0.264513 11.381898 -6.918208
v -0.231668 11.381731 -6.918208
v -0.231668 11.381731 2.925375
v -0.264513 11.381898 2.925375
v 0.082137 12.244001 -6.918208
v 0.109159 12.225330 -6.918208
v 0.082138 12.244001 2.925371
v 0.109160 12.225330 2.925371
v -0.082140 12.244001 -6.918208
v -0.109163 12.225330 -6.918208
v -0.082140 12.244001 2.925371
v -0.109163 12.225330 2.925371
v -2.550063 8.228745 -6.908664
v -4.298281 8.228745 -6.908664
v -4.298281 8.228745 -6.000721
v -2.550063 8.228745 -6.000721
v -2.550063 8.228745 -7.921310
v -4.298281 8.228745 -7.921310
v -2.116750 7.966013 -8.211111
v -2.148267 7.947467 -8.210836
v -2.141471 7.972050 -8.236831
v -4.560039 7.972911 -8.236831
v -4.560039 7.947466 -8.211386
v -4.585485 7.972911 -8.211386
v -2.116833 7.965862 -6.919444
v -2.140435 7.975470 -6.891463
v -2.154709 7.947466 -6.891463
v -4.585485 7.972911 -6.891463
v -4.560039 7.947466 -6.891463
v -2.141013 7.976665 -5.709572
v -2.169826 7.974395 -5.685199
v -2.159330 7.947466 -5.709572
v -4.560039 7.947466 -5.710645
v -4.560039 7.972911 -5.685199
v -4.585485 7.972911 -5.710645
v -4.560039 8.203299 -8.236831
v -4.585485 8.203299 -8.211386
v -4.560039 8.228745 -8.211386
v -2.248039 8.203298 -8.236831
v -2.262860 8.228745 -8.211386
v -4.585485 8.203299 -5.710645
v -4.560039 8.203299 -5.685199
v -4.560039 8.228745 -5.710645
v -4.585485 8.203277 -6.891463
v -4.560062 8.228745 -6.892986
v -2.278321 8.204099 -5.685199
v -2.253523 8.209429 -5.710901
v -2.284313 8.228745 -5.710901
v -2.284100 8.228745 -6.892735
v -2.252191 8.206674 -6.891463
v -2.262860 8.228745 -6.919251
v -1.233993 9.579318 -8.211386
v -1.256464 9.591257 -8.236831
v -1.256465 9.591257 -6.891463
v -1.233992 9.579318 -6.916909
v -1.388412 9.718193 -8.236831
v -1.410866 9.730182 -8.211386
v -1.410866 9.730182 -6.916909
v -1.388412 9.718193 -6.891463
v -0.527103 10.950401 -8.211386
v -0.549612 10.962274 -8.236831
v -0.550103 10.961317 -6.891463
v -0.527103 10.950401 -6.916909
v -0.706864 11.078108 -8.236831
v -0.727731 11.092932 -8.211234
v -0.727731 11.092932 -6.917059
v -0.706864 11.078108 -6.891463
v -0.000001 11.932452 -8.210357
v -0.000001 11.983801 -8.236831
v -0.000001 12.158237 -6.916010
v -0.000001 12.224222 -6.891463
v -0.127976 12.237400 -8.236831
v -0.152754 12.242917 -8.211124
v -0.121829 12.262030 -8.211124
v -0.121829 12.262030 -6.917170
v -0.152851 12.242723 -6.917430
v -0.127976 12.237400 -6.891463
v -4.195085 8.416863 -6.914845
v -4.164117 8.435192 -6.915447
v -4.164365 8.435192 -6.145802
v -4.194855 8.417284 -6.114345
v -2.684466 8.435192 -6.146290
v -2.653489 8.417284 -6.114345
v -2.684227 8.435192 -6.915447
v -2.653259 8.416863 -6.914845
v -2.653489 8.417284 -7.807687
v -2.684466 8.435192 -7.775740
v -4.163877 8.435192 -7.775740
v -4.194855 8.417284 -7.807687
v -2.288457 8.228745 -8.208465
v -2.289680 8.203299 -8.236831
v -2.298218 7.972106 -8.236831
v -2.300988 7.947466 -8.210871
v -0.000001 12.262030 -8.211124
v -0.000001 12.237400 -8.236831
v -0.000001 12.237400 -6.891463
v -0.000001 12.262030 -6.917170
v -0.000001 11.983803 -8.236831
v -0.000001 12.224222 -6.891463
v 2.550063 8.228745 -6.908664
v 4.298280 8.228745 -6.908664
v 4.298280 8.228745 -6.000721
v 2.550063 8.228745 -6.000721
v 2.550063 8.228745 -7.921310
v 4.298280 8.228745 -7.921310
v 2.116750 7.966013 -8.211111
v 2.148265 7.947467 -8.210836
v 2.141470 7.972050 -8.236831
v 4.560038 7.972911 -8.236831
v 4.560038 7.947466 -8.211386
v 4.585484 7.972911 -8.211386
v 2.116832 7.965862 -6.919444
v 2.140434 7.975470 -6.891463
v 2.154709 7.947466 -6.891463
v 4.585483 7.972911 -6.891463
v 4.560038 7.947466 -6.891463
v 2.141012 7.976665 -5.709572
v 2.169825 7.974395 -5.685199
v 2.159328 7.947466 -5.709572
v 4.560038 7.947466 -5.710645
v 4.560038 7.972911 -5.685199
v 4.585484 7.972911 -5.710645
v 4.560038 8.203299 -8.236831
v 4.585484 8.203299 -8.211386
v 4.560038 8.228745 -8.211386
v 2.248040 8.203298 -8.236831
v 2.262859 8.228745 -8.211386
v 4.585484 8.203299 -5.710645
v 4.560038 8.203299 -5.685199
v 4.560038 8.228745 -5.710645
v 4.585484 8.203277 -6.891463
v 4.560061 8.228745 -6.892986
v 2.278319 8.204099 -5.685199
v 2.253522 8.209429 -5.710901
v 2.284312 8.228745 -5.710901
v 2.284098 8.228745 -6.892735
v 2.252191 8.206674 -6.891463
v 2.262859 8.228745 -6.919251
v 1.233992 9.579318 -8.211386
v 1.256464 9.591257 -8.236831
v 1.256464 9.591257 -6.891463
v 1.233992 9.579318 -6.916909
v 1.388411 9.718193 -8.236831
v 1.410865 9.730182 -8.211386
v 1.410865 9.730182 -6.916909
v 1.388411 9.718193 -6.891463
v 0.527102 10.950401 -8.211386
v 0.549610 10.962274 -8.236831
v 0.550102 10.961317 -6.891463
v 0.527102 10.950401 -6.916909
v 0.706862 11.078108 -8.236831
v 0.727729 11.092932 -8.211234
v 0.727729 11.092932 -6.917059
v 0.706862 11.078108 -6.891463
v 0.127975 12.237400 -8.236831
v 0.152752 12.242917 -8.211124
v 0.121828 12.262030 -8.211124
v 0.121828 12.262030 -6.917170
v 0.152849 12.242723 -6.917430
v 0.127975 12.237400 -6.891463
v 4.195084 8.416863 -6.914845
v 4.164116 8.435192 -6.915447
v 4.164364 8.435192 -6.145802
v 4.194854 8.417284 -6.114345
v 2.684465 8.435192 -6.146290
v 2.653488 8.417284 -6.114345
v 2.684225 8.435192 -6.915447
v 2.653257 8.416863 -6.914845
v 2.653488 8.417284 -7.807687
v 2.684465 8.435192 -7.775740
v 4.163876 8.435192 -7.775740
v 4.194854 8.417284 -7.807687
v 2.288456 8.228745 -8.208465
v 2.289678 8.203299 -8.236831
v 2.298217 7.972106 -8.236831
v 2.300987 7.947466 -8.210871
v -0.600057 10.675922 1.868555
v -0.609193 10.678850 1.856594
v -0.595263 10.684649 1.858008
v -1.509174 9.398554 1.858824
v -1.508352 9.413715 1.855564
v -1.503619 9.407652 1.868620
v -1.510486 9.418094 -0.721890
v -1.515184 9.424017 -0.708828
v -1.515989 9.408926 -0.712124
v -0.602070 10.695022 -0.708321
v -0.615954 10.689240 -0.706980
v -0.606881 10.686348 -0.718901
v -0.503245 10.654484 1.884772
v -0.515640 10.658634 1.892754
v -0.508976 10.667714 1.882521
v -1.492467 9.367119 1.876529
v -1.486229 9.375954 1.887445
v -1.477755 9.365108 1.881855
v -1.493180 9.386003 -0.741194
v -1.499449 9.377777 -0.729900
v -1.484638 9.375731 -0.735433
v -0.514551 10.678241 -0.733228
v -0.521491 10.669140 -0.743434
v -0.508837 10.665033 -0.735546
v -1.619053 8.597903 -4.876764
v -1.617775 8.570658 -4.874291
v -1.632170 8.583382 -4.856988
v -2.207786 7.968080 -4.857800
v -2.195306 7.950184 -4.876076
v -2.222161 7.954161 -4.877681
v -1.634596 8.587045 -5.765116
v -1.620829 8.573378 -5.746881
v -1.621363 8.601412 -5.745308
v -2.224458 7.957662 -5.745499
v -2.197551 7.953769 -5.747155
v -2.210191 7.971726 -5.765354
v -1.693610 8.659523 -4.890882
v -1.706693 8.644979 -4.871581
v -1.721298 8.657748 -4.893542
v -2.272731 8.067639 -4.892479
v -2.261827 8.052718 -4.872313
v -2.275440 8.040022 -4.890165
v -2.274391 8.071609 -5.728912
v -2.277674 8.043421 -5.732207
v -2.264138 8.056253 -5.750042
v -1.723510 8.661112 -5.727643
v -1.709117 8.650223 -5.749563
v -1.695832 8.662908 -5.730434
v 0.247354 11.540076 1.124511
v 0.256659 11.542091 1.113873
v 0.244059 11.549043 1.114633
v 0.816643 10.552999 1.112599
v 0.816081 10.567194 1.111844
v 0.809869 10.559855 1.122625
v 0.814871 10.567646 -0.795382
v 0.821120 10.574822 -0.784621
v 0.821567 10.560676 -0.785373
v 0.249101 11.556717 -0.784423
v 0.261663 11.549796 -0.783766
v 0.252404 11.547795 -0.794341
v 0.184506 11.532589 1.125540
v 0.196093 11.534882 1.133849
v 0.191205 11.544416 1.124259
v 0.780297 10.477609 1.123678
v 0.774065 10.488323 1.132819
v 0.767183 10.476900 1.124635
v 0.777776 10.495705 -0.805780
v 0.784168 10.485573 -0.796258
v 0.770596 10.484915 -0.797288
v 0.194758 11.552135 -0.794240
v 0.199795 11.542581 -0.803848
v 0.188073 11.540321 -0.795576
v 0.606665 10.554405 -2.560970
v 0.615875 10.557129 -2.573026
v 0.602299 10.563409 -2.571615
v 1.589759 9.350202 -2.570243
v 1.587965 9.365252 -2.573484
v 1.583621 9.358896 -2.560471
v 1.590491 9.369336 -5.150910
v 1.594803 9.375553 -5.137890
v 1.596578 9.360576 -5.141161
v 0.609102 10.573769 -5.137523
v 0.622688 10.567451 -5.136137
v 0.613450 10.564775 -5.148203
v 0.492706 10.548480 -2.543681
v 0.507938 10.550706 -2.536459
v 0.499042 10.560746 -2.545822
v 1.574836 9.317301 -2.552398
v 1.568042 9.325690 -2.541511
v 1.560311 9.314365 -2.547141
v 1.575015 9.335730 -5.170343
v 1.581807 9.327945 -5.159080
v 1.567183 9.324965 -5.164544
v 0.502420 10.571293 -5.162975
v 0.511558 10.561179 -5.172343
v 0.496153 10.559037 -5.165075
v -1.633455 8.610209 -1.338302
v -1.628734 8.583569 -1.332427
v -1.646517 8.596514 -1.317460
v -2.173212 7.923048 -1.318763
v -2.157329 7.906428 -1.332171
v -2.184664 7.907334 -1.338533
v -1.652537 8.605673 -3.588918
v -1.634541 8.592791 -3.574411
v -1.639366 8.619207 -3.568050
v -2.190579 7.916335 -3.570142
v -2.163356 7.915385 -3.576739
v -2.179229 7.932202 -3.589846
v -1.712239 8.663977 -1.373309
v -1.726322 8.650583 -1.354883
v -1.738835 8.659553 -1.377343
v -2.244198 8.014745 -1.378839
v -2.233415 8.003492 -1.356028
v -2.244244 7.987460 -1.374070
v -2.249971 8.023329 -3.528953
v -2.249968 7.996174 -3.533801
v -2.239228 8.012339 -3.551778
v -1.744536 8.668226 -3.528160
v -1.732126 8.659205 -3.550809
v -1.717963 8.672685 -3.532300
v -0.927696 10.139560 -4.789760
v -0.939846 10.141965 -4.804822
v -0.923551 10.151650 -4.803248
v -1.765868 8.915216 -4.803630
v -1.766300 8.934989 -4.806101
v -1.758232 8.926093 -4.790334
v -1.763982 8.934844 -6.960107
v -1.771919 8.943688 -6.944159
v -1.771550 8.923868 -6.946853
v -0.929209 10.160267 -6.942965
v -0.945544 10.150541 -6.941455
v -0.933321 10.148184 -6.956510
v -0.818769 10.146449 -4.780075
v -0.838781 10.146591 -4.770695
v -0.828256 10.160941 -4.782382
v -1.742288 8.879117 -4.788593
v -1.734424 8.890403 -4.775177
v -1.723861 8.877807 -4.784890
v -1.740207 8.898900 -6.975681
v -1.748176 8.888081 -6.961940
v -1.729632 8.886580 -6.966020
v -0.830998 10.169797 -6.962873
v -0.841717 10.155349 -6.974638
v -0.821632 10.155270 -6.965081
v 0.927696 10.139560 -4.789761
v 0.939846 10.141965 -4.804823
v 0.923551 10.151650 -4.803248
v 1.765868 8.915216 -4.803630
v 1.766300 8.934989 -4.806101
v 1.758233 8.926093 -4.790334
v 1.763981 8.934844 -6.960107
v 1.771919 8.943688 -6.944159
v 1.771550 8.923868 -6.946853
v 0.929211 10.160267 -6.942964
v 0.945543 10.150541 -6.941456
v 0.933320 10.148184 -6.956510
v 0.818769 10.146449 -4.780074
v 0.838781 10.146591 -4.770695
v 0.828256 10.160941 -4.782382
v 1.742288 8.879117 -4.788594
v 1.734424 8.890403 -4.775177
v 1.723861 8.877807 -4.784890
v 1.740207 8.898900 -6.975681
v 1.748177 8.888082 -6.961940
v 1.729631 8.886580 -6.966020
v 0.830998 10.169797 -6.962873
v 0.841717 10.155349 -6.974638
v 0.821632 10.155270 -6.965082
v 1.633455 8.610208 -1.338302
v 1.628734 8.583569 -1.332427
v 1.646517 8.596514 -1.317460
v 2.173211 7.923048 -1.318762
v 2.157328 7.906427 -1.332171
v 2.184664 7.907334 -1.338533
v 1.652535 8.605672 -3.588918
v 1.634541 8.592790 -3.574411
v 1.639365 8.619206 -3.568050
v 2.190578 7.916335 -3.570142
v 2.163355 7.915384 -3.576739
v 2.179228 7.932202 -3.589846
v 1.712238 8.663977 -1.373309
v 1.726322 8.650583 -1.354883
v 1.738834 8.659553 -1.377343
v 2.244198 8.014745 -1.378839
v 2.233415 8.003493 -1.356028
v 2.244244 7.987459 -1.374070
v 2.249970 8.023329 -3.528954
v 2.249967 7.996174 -3.533801
v 2.239227 8.012338 -3.551778
v 1.744534 8.668226 -3.528160
v 1.732126 8.659205 -3.550809
v 1.717962 8.672685 -3.532299
v 0.777190 10.213303 -0.334695
v 0.784653 10.215917 -0.343987
v 0.773301 10.220328 -0.343113
v 1.913116 8.686904 -0.343276
v 1.912328 8.698972 -0.345863
v 1.908512 8.694086 -0.335421
v 1.916811 8.706726 -3.486720
v 1.920611 8.711491 -3.476277
v 1.921381 8.699488 -3.478893
v 0.781554 10.232911 -3.474740
v 0.792864 10.228514 -3.473932
v 0.785462 10.225919 -3.483188
v 0.659708 10.187409 -0.315907
v 0.669766 10.190783 -0.309339
v 0.663889 10.198054 -0.317370
v 1.893352 8.651813 -0.323539
v 1.888098 8.658407 -0.314572
v 1.881677 8.649865 -0.319898
v 1.896501 8.670849 -3.508022
v 1.901778 8.664655 -3.498776
v 1.890131 8.662547 -3.502774
v 0.670791 10.210801 -3.500888
v 0.676857 10.203521 -3.508913
v 0.666620 10.200172 -3.502410
v -0.777189 10.213302 -0.334695
v -0.784653 10.215918 -0.343987
v -0.773300 10.220328 -0.343113
v -1.913116 8.686904 -0.343276
v -1.912328 8.698973 -0.345863
v -1.908513 8.694086 -0.335421
v -1.916811 8.706726 -3.486720
v -1.920609 8.711491 -3.476277
v -1.921380 8.699488 -3.478893
v -0.781554 10.232911 -3.474740
v -0.792864 10.228515 -3.473931
v -0.785461 10.225919 -3.483188
v -0.659708 10.187409 -0.315907
v -0.669766 10.190783 -0.309338
v -0.663889 10.198054 -0.317370
v -1.893351 8.651813 -0.323539
v -1.888097 8.658406 -0.314572
v -1.881677 8.649866 -0.319898
v -1.896502 8.670849 -3.508022
v -1.901777 8.664654 -3.498776
v -1.890131 8.662547 -3.502774
v -0.670791 10.210800 -3.500888
v -0.676857 10.203521 -3.508913
v -0.666620 10.200172 -3.502411
v 1.619053 8.597903 -4.876763
v 1.617775 8.570658 -4.874291
v 1.632170 8.583382 -4.856988
v 2.207787 7.968080 -4.857800
v 2.195306 7.950184 -4.876076
v 2.222162 7.954162 -4.877681
v 1.634596 8.587045 -5.765116
v 1.620829 8.573378 -5.746881
v 1.621363 8.601412 -5.745308
v 2.224459 7.957662 -5.745499
v 2.197551 7.953769 -5.747155
v 2.210191 7.971727 -5.765354
v 1.693611 8.659523 -4.890882
v 1.706693 8.644979 -4.871580
v 1.721298 8.657748 -4.893542
v 2.272731 8.067639 -4.892479
v 2.261827 8.052718 -4.872313
v 2.275440 8.040022 -4.890165
v 2.274390 8.071609 -5.728911
v 2.277675 8.043422 -5.732208
v 2.264138 8.056253 -5.750042
v 1.723511 8.661112 -5.727643
v 1.709117 8.650222 -5.749563
v 1.695832 8.662907 -5.730434
v 2.550063 8.228745 2.908664
v 4.298280 8.228745 2.908664
v 4.298280 8.228745 2.000721
v 2.550063 8.228745 2.000721
v 2.550063 8.228745 3.921310
v 4.298280 8.228745 3.921310
v 2.116749 7.966013 4.211111
v 2.148266 7.947467 4.210836
v 2.141470 7.972050 4.236831
v 4.560039 7.972911 4.236831
v 4.560039 7.947466 4.211385
v 4.585484 7.972911 4.211385
v 2.116833 7.965862 2.919443
v 2.140434 7.975470 2.891463
v 2.154709 7.947466 2.891463
v 4.585484 7.972911 2.891463
v 4.560039 7.947466 2.891463
v 2.141012 7.976665 1.709572
v 2.169825 7.974395 1.685199
v 2.159329 7.947466 1.709572
v 4.560039 7.947466 1.710645
v 4.560039 7.972911 1.685199
v 4.585484 7.972911 1.710645
v 4.560039 8.203299 4.236831
v 4.585484 8.203299 4.211385
v 4.560039 8.228745 4.211385
v 2.248039 8.203298 4.236831
v 2.262859 8.228745 4.211385
v 4.585484 8.203299 1.710645
v 4.560039 8.203299 1.685199
v 4.560039 8.228745 1.710645
v 4.585484 8.203277 2.891463
v 4.560061 8.228745 2.892986
v 2.278320 8.204099 1.685199
v 2.253522 8.209429 1.710901
v 2.284312 8.228745 1.710901
v 2.284099 8.228745 2.892736
v 2.252191 8.206674 2.891463
v 2.262859 8.228745 2.919251
v 1.233992 9.579318 4.211385
v 1.256463 9.591257 4.236831
v 1.256464 9.591257 2.891463
v 1.233992 9.579318 2.916909
v 1.388411 9.718193 4.236831
v 1.410865 9.730182 4.211385
v 1.410865 9.730182 2.916909
v 1.388411 9.718193 2.891463
v 0.527103 10.950401 4.211385
v 0.549611 10.962274 4.236831
v 0.550103 10.961317 2.891463
v 0.527103 10.950401 2.916909
v 0.706863 11.078108 4.236831
v 0.727730 11.092932 4.211234
v 0.727730 11.092932 2.917060
v 0.706863 11.078108 2.891463
v 0.000000 11.932452 4.210356
v 0.000000 11.983801 4.236831
v 0.000000 12.158237 2.916010
v 0.000000 12.224222 2.891463
v 0.127975 12.237400 4.236831
v 0.152753 12.242917 4.211124
v 0.121828 12.262030 4.211124
v 0.121828 12.262030 2.917170
v 0.152850 12.242723 2.917430
v 0.127975 12.237400 2.891463
v 4.195084 8.416863 2.914845
v 4.164116 8.435192 2.915447
v 4.164365 8.435192 2.145802
v 4.194854 8.417284 2.114344
v 2.684465 8.435192 2.146290
v 2.653488 8.417284 2.114344
v 2.684226 8.435192 2.915447
v 2.653258 8.416863 2.914845
v 2.653488 8.417284 3.807687
v 2.684465 8.435192 3.775740
v 4.163877 8.435192 3.775740
v 4.194854 8.417284 3.807687
v 2.288457 8.228745 4.208465
v 2.289679 8.203299 4.236831
v 2.298218 7.972106 4.236831
v 2.300987 7.947466 4.210871
v 0.000000 12.262030 4.211124
v 0.000000 12.237400 4.236831
v 0.000000 12.237400 2.891463
v 0.000000 12.262030 2.917170
v 0.000000 11.983803 4.236831
v 0.000000 12.224222 2.891463
v -2.550063 8.228745 2.908664
v -4.298281 8.228745 2.908664
v -4.298281 8.228745 2.000721
v -2.550063 8.228745 2.000721
v -2.550063 8.228745 3.921310
v -4.298281 8.228745 3.921310
v -2.116750 7.966013 4.211111
v -2.148266 7.947467 4.210836
v -2.141471 7.972050 4.236831
v -4.560039 7.972911 4.236831
v -4.560039 7.947466 4.211385
v -4.585485 7.972911 4.211385
v -2.116832 7.965862 2.919443
v -2.140435 7.975470 2.891463
v -2.154710 7.947466 2.891463
v -4.585484 7.972911 2.891463
v -4.560039 7.947466 2.891463
v -2.141012 7.976665 1.709572
v -2.169825 7.974395 1.685199
v -2.159329 7.947466 1.709572
v -4.560039 7.947466 1.710645
v -4.560039 7.972911 1.685199
v -4.585485 7.972911 1.710645
v -4.560039 8.203299 4.236831
v -4.585485 8.203299 4.211385
v -4.560039 8.228745 4.211385
v -2.248041 8.203298 4.236831
v -2.262860 8.228745 4.211385
v -4.585485 8.203299 1.710645
v -4.560039 8.203299 1.685199
v -4.560039 8.228745 1.710645
v -4.585485 8.203277 2.891463
v -4.560061 8.228745 2.892986
v -2.278320 8.204099 1.685199
v -2.253523 8.209429 1.710901
v -2.284312 8.228745 1.710901
v -2.284099 8.228745 2.892736
v -2.252191 8.206674 2.891463
v -2.262860 8.228745 2.919251
v -1.233992 9.579318 4.211385
v -1.256464 9.591257 4.236831
v -1.256464 9.591257 2.891463
v -1.233992 9.579318 2.916909
v -1.388411 9.718193 4.236831
v -1.410866 9.730182 4.211385
v -1.410866 9.730182 2.916909
v -1.388411 9.718193 2.891463
v -0.527103 10.950401 4.211385
v -0.549611 10.962274 4.236831
v -0.550103 10.961317 2.891463
v -0.527103 10.950401 2.916909
v -0.706863 11.078108 4.236831
v -0.727730 11.092932 4.211234
v -0.727730 11.092932 2.917060
v -0.706863 11.078108 2.891463
v -0.127975 12.237400 4.236831
v -0.152753 12.242917 4.211124
v -0.121828 12.262030 4.211124
v -0.121828 12.262030 2.917170
v -0.152850 12.242723 2.917430
v -0.127975 12.237400 2.891463
v -4.195085 8.416863 2.914845
v -4.164117 8.435192 2.915447
v -4.164365 8.435192 2.145802
v -4.194855 8.417284 2.114344
v -2.684466 8.435192 2.146290
v -2.653489 8.417284 2.114344
v -2.684226 8.435192 2.915447
v -2.653258 8.416863 2.914845
v -2.653489 8.417284 3.807687
v -2.684466 8.435192 3.775740
v -4.163877 8.435192 3.775740
v -4.194855 8.417284 3.807687
v -2.288457 8.228745 4.208465
v -2.289679 8.203299 4.236831
v -2.298218 7.972106 4.236831
v -2.300987 7.947466 4.210871
v 1.260889 9.401564 -3.476007
v 1.253756 9.375844 -3.470114
v 1.272483 9.386907 -3.455394
v 1.843103 8.497020 -3.457260
v 1.825953 8.482064 -3.470409
v 1.852911 8.480521 -3.476798
v 1.278502 9.396059 -5.726841
v 1.259582 9.385074 -5.712569
v 1.266799 9.410561 -5.706191
v 1.858824 8.489527 -5.708827
v 1.831971 8.491018 -5.715436
v 1.849115 8.506173 -5.728285
v 1.343580 9.446901 -3.511024
v 1.356204 9.432439 -3.492851
v 1.369309 9.440045 -3.515060
v 1.920892 8.580899 -3.517070
v 1.909324 8.570825 -3.494512
v 1.918473 8.554061 -3.512321
v 1.926652 8.589480 -5.667672
v 1.924200 8.562778 -5.672505
v 1.915136 8.579671 -5.690238
v 1.375015 9.448723 -5.666337
v 1.361994 9.441065 -5.688731
v 1.349304 9.455610 -5.670459
vt 0.747671 0.422831
vt 0.744926 0.426648
vt 0.744163 0.426571
vt 0.747099 0.422452
vt 0.747829 0.422131
vt 0.819080 0.424137
vt 0.819112 0.424841
vt 0.463360 0.905173
vt 0.344705 0.905028
vt 0.344770 0.904323
vt 0.463294 0.904469
vt 0.819732 0.424624
vt 0.820369 0.426522
vt 0.819690 0.426649
vt 0.990249 0.564401
vt 0.990225 0.685104
vt 0.989526 0.685218
vt 0.989548 0.564254
vt 0.989845 0.685828
vt 0.987954 0.686657
vt 0.987867 0.685983
vt 0.598314 0.577024
vt 0.595185 0.572963
vt 0.595924 0.572761
vt 0.598888 0.576660
vt 0.464662 0.910679
vt 0.343441 0.910697
vt 0.343535 0.910049
vt 0.464559 0.910030
vt 0.819932 0.427322
vt 0.744471 0.427343
vt 0.987878 0.563411
vt 0.987181 0.686324
vt 0.987192 0.563165
vt 0.670952 0.572755
vt 0.595532 0.572059
vt 0.671091 0.572087
vt 0.026443 0.586269
vt 0.026419 0.465694
vt 0.097542 0.465701
vt 0.097564 0.586337
vt 0.670251 0.574587
vt 0.462689 0.001969
vt 0.462689 0.001314
vt 0.463398 0.001677
vt 0.970021 0.595435
vt 0.974458 0.593766
vt 0.974894 0.594936
vt 0.970068 0.596704
vt 0.968777 0.595881
vt 0.968761 0.484436
vt 0.970012 0.484732
vt 0.111348 0.899708
vt 0.111360 0.968153
vt 0.110140 0.968668
vt 0.110118 0.899638
vt 0.116088 0.966406
vt 0.116590 0.967506
vt 0.111555 0.969426
vt 0.279417 0.363794
vt 0.388358 0.363804
vt 0.388638 0.365050
vt 0.279132 0.365039
vt 0.038632 0.900378
vt 0.033815 0.900789
vt 0.033536 0.899593
vt 0.038558 0.899110
vt 0.039843 0.900114
vt 0.039820 0.969202
vt 0.038594 0.968700
vt 0.038416 0.969976
vt 0.033361 0.968107
vt 0.033847 0.966996
vt 0.974466 0.486483
vt 0.975717 0.486681
vt 0.975705 0.593656
vt 0.117449 0.900333
vt 0.117354 0.966247
vt 0.116194 0.900282
vt 0.281379 0.357614
vt 0.386401 0.357620
vt 0.386558 0.358900
vt 0.281226 0.358890
vt 0.032575 0.966846
vt 0.032559 0.900733
vt 0.848202 0.854544
vt 0.743193 0.854558
vt 0.743220 0.788837
vt 0.848241 0.788817
vt 0.980328 0.440096
vt 0.984677 0.438516
vt 0.985079 0.439693
vt 0.980360 0.441366
vt 0.979106 0.440528
vt 0.979102 0.334962
vt 0.980332 0.335249
vt 0.161428 0.923668
vt 0.161402 0.973279
vt 0.160214 0.973605
vt 0.160208 0.923647
vt 0.166145 0.972205
vt 0.166481 0.973360
vt 0.161530 0.974536
vt 0.978116 0.230004
vt 0.978104 0.125006
vt 0.979350 0.124698
vt 0.979364 0.230308
vt 0.468686 0.165879
vt 0.463988 0.166007
vt 0.463737 0.164809
vt 0.468672 0.164609
vt 0.469885 0.165662
vt 0.469902 0.215687
vt 0.468712 0.215368
vt 0.468597 0.216628
vt 0.463621 0.215503
vt 0.463942 0.214341
vt 0.984697 0.336898
vt 0.985929 0.337081
vt 0.985904 0.438428
vt 0.167406 0.923982
vt 0.167400 0.972194
vt 0.166162 0.923958
vt 0.972322 0.228083
vt 0.972316 0.126915
vt 0.973556 0.126693
vt 0.973567 0.228311
vt 0.462689 0.214346
vt 0.462745 0.165916
vt 0.875088 0.097964
vt 0.875079 0.199165
vt 0.827862 0.199129
vt 0.827877 0.097960
vt 0.351028 0.778394
vt 0.351481 0.777480
vt 0.453277 0.777448
vt 0.451976 0.778383
vt 0.968215 0.709143
vt 0.969082 0.708950
vt 0.969074 0.820917
vt 0.968195 0.820701
vt 0.350551 0.777334
vt 0.353399 0.771869
vt 0.354207 0.772324
vt 0.976379 0.597306
vt 0.977277 0.596843
vt 0.977258 0.700091
vt 0.976340 0.701427
vt 0.976208 0.596360
vt 0.971312 0.600074
vt 0.970865 0.599252
vt 0.961653 0.711322
vt 0.962608 0.711217
vt 0.962609 0.818660
vt 0.961652 0.818552
vt 0.354395 0.771376
vt 0.460893 0.772007
vt 0.460064 0.772949
vt 0.975753 0.706149
vt 0.976678 0.705306
vt 0.977279 0.813645
vt 0.976340 0.813839
vt 0.970377 0.600270
vt 0.972157 0.707902
vt 0.971233 0.708730
vt 0.976727 0.451315
vt 0.975804 0.450487
vt 0.976659 0.342667
vt 0.977595 0.342857
vt 0.970409 0.714379
vt 0.971328 0.713055
vt 0.971275 0.816606
vt 0.970377 0.817068
vt 0.971621 0.444013
vt 0.970703 0.442679
vt 0.970701 0.339431
vt 0.971598 0.339892
vt 0.976790 0.814654
vt 0.971445 0.817552
vt 0.968125 0.599807
vt 0.969076 0.599923
vt 0.969088 0.707152
vt 0.968140 0.707263
vt 0.977112 0.341852
vt 0.971743 0.338945
vt 0.961652 0.597548
vt 0.962530 0.597764
vt 0.962525 0.709322
vt 0.961659 0.709515
vt 0.686641 0.814414
vt 0.580341 0.814424
vt 0.580320 0.707194
vt 0.686736 0.706942
vt 0.811060 0.531590
vt 0.811158 0.639062
vt 0.704737 0.638817
vt 0.704763 0.531588
vt 0.046935 0.991506
vt 0.046905 0.992791
vt 0.042134 0.991118
vt 0.042536 0.989925
vt 0.048173 0.991939
vt 0.046947 0.886679
vt 0.048194 0.886393
vt 0.250972 0.358765
vt 0.250991 0.360023
vt 0.211228 0.360023
vt 0.211551 0.358802
vt 0.210298 0.358673
vt 0.211449 0.353573
vt 0.212599 0.353916
vt 0.464553 0.663860
vt 0.464563 0.662575
vt 0.469544 0.662757
vt 0.469293 0.663971
vt 0.463338 0.663642
vt 0.464538 0.703837
vt 0.463335 0.704158
vt 0.464651 0.705114
vt 0.469371 0.702814
vt 0.469695 0.703990
vt 0.041293 0.989837
vt 0.041284 0.888510
vt 0.042531 0.888327
vt 0.250670 0.352617
vt 0.250694 0.353899
vt 0.212606 0.352624
vt 0.470643 0.702821
vt 0.470549 0.663874
vt 0.912133 0.573928
vt 0.912116 0.612467
vt 0.812689 0.612456
vt 0.812673 0.573911
vt 0.702152 0.416403
vt 0.710203 0.416365
vt 0.710231 0.417124
vt 0.702156 0.417167
vt 0.190739 0.897538
vt 0.190379 0.828250
vt 0.191164 0.828082
vt 0.191492 0.897717
vt 0.190828 0.898308
vt 0.097853 0.898325
vt 0.097949 0.897549
vt 0.098418 0.827950
vt 0.098248 0.827169
vt 0.190535 0.827445
vt 0.761462 0.996662
vt 0.763704 0.997200
vt 0.763667 0.997949
vt 0.761383 0.997426
vt 0.097191 0.897803
vt 0.097664 0.827808
vt 0.702232 0.512075
vt 0.706958 0.512446
vt 0.706552 0.513189
vt 0.702152 0.512844
vt 0.710955 0.417003
vt 0.707619 0.512663
vt 0.097961 0.899804
vt 0.097946 0.995536
vt 0.097191 0.995707
vt 0.097211 0.899639
vt 0.763670 0.923782
vt 0.764434 0.923128
vt 0.764435 0.997417
vt 0.100120 0.900587
vt 0.100118 0.994781
vt 0.760645 0.926975
vt 0.818246 0.203911
vt 0.818243 0.204675
vt 0.810167 0.204630
vt 0.810196 0.203872
vt 0.648292 0.885937
vt 0.647537 0.886116
vt 0.647871 0.816481
vt 0.648656 0.816649
vt 0.648203 0.886707
vt 0.741081 0.885954
vt 0.741177 0.886730
vt 0.648500 0.815844
vt 0.740787 0.815575
vt 0.740617 0.816356
vt 0.597857 0.676424
vt 0.597937 0.677187
vt 0.595652 0.677712
vt 0.595615 0.676963
vt 0.741371 0.816213
vt 0.741840 0.886208
vt 0.818158 0.299583
vt 0.818236 0.300351
vt 0.813838 0.300696
vt 0.813431 0.299952
vt 0.809442 0.204509
vt 0.812770 0.300170
vt 0.957368 0.484556
vt 0.958118 0.484391
vt 0.958115 0.580460
vt 0.957361 0.580289
vt 0.594884 0.677180
vt 0.594862 0.602888
vt 0.595627 0.603542
vt 0.955188 0.579533
vt 0.955208 0.485338
vt 0.598653 0.606734
vt 0.700456 0.570319
vt 0.702680 0.571089
vt 0.702704 0.571747
vt 0.700317 0.570975
vt 0.683185 0.579066
vt 0.595369 0.579012
vt 0.595399 0.578337
vt 0.683150 0.578389
vt 0.699350 0.516358
vt 0.702683 0.514310
vt 0.702691 0.515042
vt 0.699587 0.516989
vt 0.985869 0.224693
vt 0.985883 0.313908
vt 0.985229 0.313941
vt 0.985213 0.224655
vt 0.010584 0.000000
vt 0.010584 0.000000
vt 0.010584 0.000000
vt 0.010584 0.000000
vt 0.892998 0.112705
vt 0.890549 0.113564
vt 0.890559 0.112902
vt 0.892843 0.112049
vt 0.683698 0.582200
vt 0.594862 0.582217
vt 0.594920 0.581579
vt 0.683636 0.581561
vt 0.703342 0.514672
vt 0.703327 0.571312
vt 0.981345 0.224115
vt 0.981347 0.314435
vt 0.980718 0.314482
vt 0.980737 0.224069
vt 0.890572 0.056734
vt 0.889913 0.113145
vt 0.889909 0.056468
vt 0.853088 0.374564
vt 0.853069 0.285294
vt 0.905049 0.285360
vt 0.905065 0.374574
vt 0.893727 0.058818
vt 0.699817 0.570517
vt 0.698920 0.516870
vt 0.985563 0.314500
vt 0.981090 0.315106
vt 0.085805 0.676113
vt 0.085965 0.674786
vt 0.090376 0.674779
vt 0.090534 0.676157
vt 0.950987 0.582905
vt 0.952357 0.582905
vt 0.952411 0.949700
vt 0.951041 0.949701
vt 0.084599 0.674942
vt 0.084588 0.588858
vt 0.085948 0.589020
vt 0.085790 0.587642
vt 0.090519 0.587686
vt 0.090359 0.589012
vt 0.952247 0.213444
vt 0.953618 0.213445
vt 0.953659 0.580372
vt 0.952297 0.580214
vt 0.943536 0.881483
vt 0.943696 0.882859
vt 0.938980 0.882822
vt 0.939140 0.881498
vt 0.944894 0.881644
vt 0.943528 0.795710
vt 0.944903 0.795713
vt 0.952456 0.581590
vt 0.947731 0.581550
vt 0.947890 0.580226
vt 0.956762 0.582904
vt 0.958132 0.582904
vt 0.958185 0.949700
vt 0.956816 0.949700
vt 0.091736 0.674940
vt 0.091725 0.588857
vt 0.946463 0.213441
vt 0.947835 0.213441
vt 0.946527 0.580378
vt 0.937737 0.795707
vt 0.939110 0.795706
vt 0.937778 0.881653
vt 0.109481 0.542335
vt 0.109471 0.456541
vt 0.470023 0.456497
vt 0.470032 0.542291
vt 0.555764 0.001319
vt 0.555749 0.368105
vt 0.471414 0.368102
vt 0.471429 0.001315
vt 0.679321 0.576093
vt 0.674592 0.576136
vt 0.674751 0.574758
vt 0.679162 0.574766
vt 0.962339 0.001315
vt 0.962333 0.368102
vt 0.960963 0.368102
vt 0.960970 0.001315
vt 0.679181 0.488999
vt 0.680542 0.488838
vt 0.680527 0.574921
vt 0.674770 0.488991
vt 0.674611 0.487664
vt 0.679341 0.487621
vt 0.612576 0.914191
vt 0.252045 0.914192
vt 0.251890 0.912806
vt 0.612575 0.912795
vt 0.196786 0.339231
vt 0.196769 0.343704
vt 0.195468 0.343867
vt 0.195433 0.339068
vt 0.196627 0.337849
vt 0.281096 0.337849
vt 0.281099 0.339247
vt 0.252034 0.918674
vt 0.250733 0.918837
vt 0.250694 0.914029
vt 0.956564 0.001315
vt 0.956558 0.368102
vt 0.955188 0.368102
vt 0.955195 0.001315
vt 0.673391 0.574920
vt 0.673405 0.488836
vt 0.612579 0.920074
vt 0.251886 0.920061
vt 0.612580 0.918679
vt 0.281101 0.345138
vt 0.196617 0.345089
vt 0.281103 0.343743
vt 0.470037 0.455163
vt 0.109486 0.455226
vt 0.109471 0.369432
vt 0.470023 0.369369
vt 0.109471 0.001330
vt 0.193807 0.001315
vt 0.193869 0.368102
vt 0.109534 0.368117
vt 0.447823 0.875539
vt 0.528906 0.899033
vt 0.528661 0.899921
vt 0.447896 0.876570
vt 0.903079 0.731425
vt 0.883166 0.815931
vt 0.882154 0.816170
vt 0.902254 0.730858
vt 0.903481 0.730548
vt 0.907290 0.732894
vt 0.906857 0.733770
vt 0.883189 0.816518
vt 0.899590 0.899412
vt 0.898651 0.899517
vt 0.887443 0.815810
vt 0.887301 0.817345
vt 0.096594 0.753775
vt 0.095855 0.839266
vt 0.094873 0.839578
vt 0.095616 0.754032
vt 0.011566 0.754027
vt 0.011375 0.753026
vt 0.095803 0.753036
vt 0.014395 0.843269
vt 0.013392 0.842808
vt 0.010584 0.753740
vt 0.611633 0.875550
vt 0.611834 0.876554
vt 0.529422 0.899952
vt 0.532896 0.907590
vt 0.531421 0.907702
vt 0.095176 0.840458
vt 0.014399 0.844196
vt 0.907289 0.903943
vt 0.899437 0.900426
vt 0.907244 0.902811
vt 0.448922 0.880915
vt 0.612362 0.884820
vt 0.013722 0.843902
vt 0.251986 0.364263
vt 0.252059 0.363232
vt 0.332828 0.339895
vt 0.333073 0.340784
vt 0.886364 0.002191
vt 0.887189 0.001625
vt 0.907295 0.086934
vt 0.906282 0.086696
vt 0.885962 0.001315
vt 0.882586 0.004537
vt 0.882154 0.003660
vt 0.906259 0.087282
vt 0.890803 0.170282
vt 0.889862 0.170177
vt 0.902147 0.088110
vt 0.902004 0.086575
vt 0.762260 0.328064
vt 0.763245 0.328289
vt 0.766670 0.413768
vt 0.765678 0.413488
vt 0.763026 0.327300
vt 0.847411 0.324551
vt 0.847253 0.325557
vt 0.848225 0.325239
vt 0.848211 0.414353
vt 0.847223 0.414846
vt 0.333590 0.339864
vt 0.415997 0.363276
vt 0.415796 0.364280
vt 0.335590 0.332115
vt 0.337064 0.332227
vt 0.766394 0.414657
vt 0.847248 0.415772
vt 0.882165 0.174708
vt 0.882209 0.173576
vt 0.890016 0.171191
vt 0.253087 0.358887
vt 0.416526 0.355010
vt 0.847915 0.415457
vt 0.910255 0.978284
vt 0.914677 0.977354
vt 0.914915 0.978630
vt 0.910233 0.979566
vt 0.908992 0.978605
vt 0.908976 0.915656
vt 0.910257 0.915817
vt 0.202853 0.929749
vt 0.202856 0.969294
vt 0.201593 0.969665
vt 0.201573 0.929730
vt 0.207464 0.968259
vt 0.207799 0.969426
vt 0.202905 0.970564
vt 0.029782 0.973719
vt 0.029795 0.911151
vt 0.031064 0.911002
vt 0.031049 0.973872
vt 0.564268 0.770903
vt 0.559716 0.770978
vt 0.559481 0.769808
vt 0.564328 0.769591
vt 0.565532 0.770695
vt 0.565535 0.810736
vt 0.564267 0.810374
vt 0.564226 0.811646
vt 0.559301 0.810529
vt 0.559630 0.809358
vt 0.914709 0.916797
vt 0.915992 0.916980
vt 0.915955 0.977294
vt 0.208751 0.930022
vt 0.208735 0.968188
vt 0.207353 0.929998
vt 0.023833 0.972582
vt 0.023837 0.912287
vt 0.025129 0.912113
vt 0.025117 0.972747
vt 0.558345 0.809279
vt 0.558395 0.770940
vt 0.767152 0.678273
vt 0.708016 0.678275
vt 0.707969 0.640293
vt 0.767239 0.640280
vt 0.974150 0.931455
vt 0.974104 0.932724
vt 0.969277 0.930957
vt 0.969712 0.929786
vt 0.975394 0.931901
vt 0.974143 0.820752
vt 0.975394 0.820456
vt 0.124944 0.899705
vt 0.126174 0.899635
vt 0.126161 0.968667
vt 0.124941 0.968152
vt 0.124746 0.969425
vt 0.119710 0.967506
vt 0.120212 0.966405
vt 0.960942 0.930935
vt 0.959719 0.931224
vt 0.959712 0.819824
vt 0.960938 0.820110
vt 0.099694 0.754269
vt 0.099768 0.753001
vt 0.104791 0.753484
vt 0.104512 0.754680
vt 0.098484 0.754005
vt 0.099725 0.822591
vt 0.098499 0.823094
vt 0.099903 0.823868
vt 0.104473 0.820888
vt 0.104959 0.821999
vt 0.968466 0.929676
vt 0.968438 0.822701
vt 0.969689 0.822504
vt 0.118843 0.900331
vt 0.120098 0.900280
vt 0.118946 0.966246
vt 0.967017 0.928938
vt 0.965763 0.929094
vt 0.965758 0.821942
vt 0.967017 0.822101
vt 0.105745 0.820738
vt 0.105768 0.754625
vt 0.621692 0.149942
vt 0.686301 0.149900
vt 0.686288 0.256738
vt 0.621684 0.256768
vt 0.832969 0.979869
vt 0.832991 0.981151
vt 0.828308 0.980217
vt 0.828546 0.978940
vt 0.834232 0.980190
vt 0.832952 0.917401
vt 0.834232 0.917240
vt 0.198746 0.929749
vt 0.200025 0.929729
vt 0.200013 0.969664
vt 0.198750 0.969293
vt 0.198701 0.970563
vt 0.193806 0.969425
vt 0.194141 0.968259
vt 0.057432 0.975687
vt 0.056163 0.975840
vt 0.056150 0.912970
vt 0.057418 0.913119
vt 0.037381 0.707773
vt 0.037322 0.706462
vt 0.042170 0.706679
vt 0.041934 0.707849
vt 0.036119 0.707566
vt 0.037381 0.747244
vt 0.036113 0.747606
vt 0.037421 0.748516
vt 0.042018 0.746229
vt 0.042347 0.747400
vt 0.827268 0.978881
vt 0.827216 0.918566
vt 0.828500 0.918383
vt 0.192848 0.930022
vt 0.194246 0.929998
vt 0.192871 0.968188
vt 0.063379 0.974550
vt 0.062097 0.974715
vt 0.062084 0.914081
vt 0.063377 0.914256
vt 0.043303 0.746149
vt 0.043255 0.707811
vt 0.710877 0.888125
vt 0.748224 0.888031
vt 0.748222 0.948326
vt 0.710885 0.948284
vt 0.859579 0.983576
vt 0.863119 0.984957
vt 0.863064 0.985979
vt 0.859181 0.984515
vt 0.858563 0.983440
vt 0.859436 0.923594
vt 0.860466 0.923425
vt 0.560971 0.922528
vt 0.467177 0.922435
vt 0.467240 0.921384
vt 0.560903 0.921474
vt 0.859978 0.922521
vt 0.863052 0.920749
vt 0.863109 0.921834
vt 0.709361 0.889108
vt 0.709405 0.984375
vt 0.708382 0.984463
vt 0.708337 0.889009
vt 0.010584 0.000000
vt 0.010584 0.000000
vt 0.010584 0.000000
vt 0.010584 0.000000
vt 0.132386 0.922074
vt 0.133224 0.981825
vt 0.132214 0.981968
vt 0.131358 0.921857
vt 0.132619 0.982901
vt 0.128632 0.984451
vt 0.128576 0.983421
vt 0.561911 0.927463
vt 0.466243 0.927499
vt 0.466352 0.926497
vt 0.561796 0.926460
vt 0.864122 0.921255
vt 0.864124 0.985339
vt 0.705076 0.888179
vt 0.705079 0.985205
vt 0.704091 0.985344
vt 0.704118 0.888036
vt 0.128612 0.920159
vt 0.127569 0.983817
vt 0.127586 0.919755
vt 0.822045 0.096598
vt 0.822051 0.001315
vt 0.880672 0.001388
vt 0.880665 0.096652
vt 0.708918 0.985321
vt 0.704740 0.986253
vt 0.802677 0.984508
vt 0.803075 0.985446
vt 0.799192 0.986910
vt 0.799137 0.985888
vt 0.803693 0.984372
vt 0.801799 0.924356
vt 0.802829 0.924526
vt 0.611386 0.933758
vt 0.611317 0.934812
vt 0.517654 0.934911
vt 0.517591 0.933860
vt 0.802287 0.923452
vt 0.799156 0.922765
vt 0.799215 0.921679
vt 0.343830 0.929830
vt 0.343912 0.930874
vt 0.249999 0.930854
vt 0.250024 0.929814
vt 0.249061 0.930556
vt 0.249434 0.934209
vt 0.248431 0.933980
vt 0.017578 0.921077
vt 0.018606 0.920860
vt 0.017734 0.980969
vt 0.016724 0.980826
vt 0.017329 0.981902
vt 0.021372 0.982423
vt 0.021316 0.983453
vt 0.612325 0.928824
vt 0.612210 0.929826
vt 0.516765 0.929798
vt 0.516657 0.928795
vt 0.798131 0.986269
vt 0.798144 0.922185
vt 0.344695 0.934203
vt 0.344823 0.935181
vt 0.249142 0.935200
vt 0.021352 0.919162
vt 0.022379 0.918759
vt 0.022379 0.982819
vt 0.248485 0.911491
vt 0.248431 0.851858
vt 0.342076 0.851851
vt 0.342148 0.911485
vt 0.953878 0.002582
vt 0.949425 0.004245
vt 0.949048 0.003069
vt 0.953578 0.001314
vt 0.708506 0.093016
vt 0.713338 0.095024
vt 0.712837 0.096033
vt 0.707974 0.094229
vt 0.069907 0.924863
vt 0.065129 0.925623
vt 0.064875 0.924402
vt 0.069554 0.923610
vt 0.707969 0.190756
vt 0.712853 0.189049
vt 0.713246 0.190133
vt 0.708421 0.191977
vt 0.196384 0.366354
vt 0.287818 0.366355
vt 0.287587 0.367614
vt 0.196616 0.367612
vt 0.714080 0.096189
vt 0.714105 0.188805
vt 0.991421 0.069778
vt 0.991383 0.002421
vt 0.992666 0.002373
vt 0.992666 0.070018
vt 0.889750 0.776440
vt 0.798778 0.776429
vt 0.798781 0.709066
vt 0.889841 0.709071
vt 0.069750 0.995064
vt 0.064932 0.993275
vt 0.953871 0.098918
vt 0.949418 0.097261
vt 0.195433 0.367125
vt 0.713546 0.189964
vt 0.992016 0.001315
vt 0.980718 0.126420
vt 0.981017 0.125152
vt 0.985548 0.126906
vt 0.985171 0.128082
vt 0.694813 0.888034
vt 0.695345 0.889247
vt 0.690483 0.891051
vt 0.689981 0.890042
vt 0.976840 0.925605
vt 0.977194 0.924352
vt 0.981872 0.925141
vt 0.981619 0.926362
vt 0.695362 0.985770
vt 0.694909 0.986992
vt 0.690085 0.985148
vt 0.690477 0.984064
vt 0.378648 0.367625
vt 0.378879 0.366367
vt 0.469852 0.366355
vt 0.470084 0.367614
vt 0.689239 0.891207
vt 0.689226 0.983820
vt 0.469753 0.069788
vt 0.468507 0.070027
vt 0.468506 0.002372
vt 0.469789 0.002420
vt 0.798853 0.707744
vt 0.798778 0.640375
vt 0.889838 0.640393
vt 0.889825 0.707756
vt 0.977037 0.995798
vt 0.981856 0.994007
vt 0.980739 0.222755
vt 0.985192 0.221098
vt 0.377697 0.366854
vt 0.689784 0.984979
vt 0.469155 0.001313
vt 0.978422 0.557744
vt 0.982820 0.556163
vt 0.983224 0.557356
vt 0.978452 0.559029
vt 0.977184 0.558177
vt 0.977163 0.452629
vt 0.978410 0.452915
vt 0.874668 0.811824
vt 0.874630 0.851927
vt 0.873429 0.852256
vt 0.873431 0.811804
vt 0.879432 0.850861
vt 0.879770 0.852031
vt 0.874756 0.853201
vt 0.903536 0.571145
vt 0.903532 0.466164
vt 0.904792 0.465857
vt 0.904800 0.571448
vt 0.168184 0.650111
vt 0.163406 0.650594
vt 0.163015 0.649417
vt 0.167774 0.648810
vt 0.169414 0.650093
vt 0.169414 0.690682
vt 0.168218 0.690336
vt 0.168078 0.691609
vt 0.163075 0.690384
vt 0.163425 0.689217
vt 0.982826 0.454564
vt 0.984073 0.454747
vt 0.984064 0.556076
vt 0.880711 0.812131
vt 0.880702 0.850854
vt 0.879451 0.812107
vt 0.897665 0.569221
vt 0.897666 0.468074
vt 0.898923 0.467851
vt 0.898926 0.569451
vt 0.162155 0.689201
vt 0.162147 0.650524
vt 0.356777 0.218938
vt 0.356770 0.320117
vt 0.318881 0.320092
vt 0.318893 0.218946
vt 0.460103 0.002039
vt 0.461191 0.001312
vt 0.461190 0.002610
vt 0.359484 0.921380
vt 0.359062 0.922318
vt 0.255949 0.922345
vt 0.257231 0.921389
vt 0.960636 0.596175
vt 0.959728 0.596368
vt 0.959712 0.484400
vt 0.960633 0.484616
vt 0.359998 0.922461
vt 0.357306 0.928068
vt 0.356486 0.927623
vt 0.964836 0.113986
vt 0.963914 0.114418
vt 0.963940 0.009838
vt 0.964881 0.008521
vt 0.965002 0.114939
vt 0.970047 0.111371
vt 0.970484 0.112206
vt 0.967251 0.593994
vt 0.966297 0.594099
vt 0.966272 0.486655
vt 0.967230 0.486763
vt 0.356319 0.928582
vt 0.248432 0.927923
vt 0.249248 0.926972
vt 0.965480 0.343854
vt 0.964545 0.344685
vt 0.963914 0.234933
vt 0.964863 0.234761
vt 0.970993 0.111197
vt 0.969181 0.002130
vt 0.970113 0.001313
vt 0.964797 0.116251
vt 0.965729 0.117068
vt 0.964859 0.226305
vt 0.963914 0.226137
vt 0.970969 0.335731
vt 0.970029 0.337037
vt 0.970075 0.232146
vt 0.970997 0.231715
vt 0.970029 0.123457
vt 0.970969 0.124773
vt 0.970988 0.229357
vt 0.970067 0.228926
vt 0.964423 0.233933
vt 0.969909 0.231194
vt 0.197052 0.328600
vt 0.196101 0.328485
vt 0.196079 0.221255
vt 0.197026 0.221144
vt 0.964417 0.227133
vt 0.969927 0.229880
vt 0.203619 0.330860
vt 0.202699 0.330643
vt 0.202695 0.219085
vt 0.203603 0.218893
vt 0.689663 0.680162
vt 0.797357 0.680173
vt 0.797371 0.787403
vt 0.689548 0.787634
vt 0.352287 0.770061
vt 0.352167 0.662589
vt 0.459993 0.662811
vt 0.459976 0.770040
vt 0.767067 0.981175
vt 0.771512 0.980298
vt 0.771774 0.981516
vt 0.767079 0.982412
vt 0.765823 0.981510
vt 0.765815 0.919582
vt 0.767080 0.919740
vt 0.901818 0.909774
vt 0.901817 0.979981
vt 0.900574 0.980433
vt 0.900578 0.909684
vt 0.906372 0.978333
vt 0.906834 0.979506
vt 0.901900 0.981246
vt 0.925148 0.615745
vt 0.925149 0.554208
vt 0.926381 0.554047
vt 0.926385 0.615897
vt 0.892228 0.483038
vt 0.891692 0.478445
vt 0.892793 0.478166
vt 0.893484 0.483035
vt 0.892479 0.484291
vt 0.822847 0.484304
vt 0.823292 0.483041
vt 0.822045 0.482966
vt 0.823734 0.477930
vt 0.824893 0.478390
vt 0.771560 0.920693
vt 0.772815 0.920858
vt 0.772762 0.980246
vt 0.907603 0.910556
vt 0.907621 0.978187
vt 0.906278 0.910483
vt 0.918998 0.614617
vt 0.918995 0.555332
vt 0.920281 0.555255
vt 0.920280 0.614690
vt 0.825035 0.477112
vt 0.891671 0.477160
vt 0.811775 0.114746
vt 0.811780 0.173965
vt 0.745467 0.173961
vt 0.745456 0.114674
vt 0.739238 0.082914
vt 0.738023 0.082901
vt 0.738903 0.078124
vt 0.740101 0.078391
vt 0.738909 0.084179
vt 0.799629 0.082892
vt 0.799784 0.084180
vt 0.107504 0.899728
vt 0.108746 0.899638
vt 0.108763 0.970387
vt 0.107520 0.969935
vt 0.107437 0.971201
vt 0.102503 0.969462
vt 0.102964 0.968288
vt 0.642957 0.973121
vt 0.641721 0.973273
vt 0.641730 0.911422
vt 0.642962 0.911583
vt 0.866913 0.897015
vt 0.866914 0.895737
vt 0.871701 0.896439
vt 0.871427 0.897559
vt 0.865681 0.896759
vt 0.866913 0.967143
vt 0.865672 0.967596
vt 0.866987 0.968411
vt 0.871485 0.965514
vt 0.871938 0.966693
vt 0.740151 0.077120
vt 0.798529 0.077059
vt 0.798692 0.078335
vt 0.101720 0.900511
vt 0.103045 0.900438
vt 0.101715 0.968143
vt 0.649107 0.971994
vt 0.647826 0.972066
vt 0.647830 0.912630
vt 0.649117 0.912707
vt 0.872741 0.965370
vt 0.872691 0.897580
vt 0.739654 0.016517
vt 0.805973 0.016458
vt 0.805952 0.075744
vt 0.739639 0.075737
vt 0.561515 0.364340
vt 0.561717 0.365011
vt 0.557766 0.366576
vt 0.557731 0.365872
vt 0.700135 0.353714
vt 0.700834 0.353781
vt 0.700852 0.474376
vt 0.700156 0.474438
vt 0.559598 0.290222
vt 0.559485 0.290910
vt 0.557739 0.290412
vt 0.557806 0.289723
vt 0.987505 0.304799
vt 0.988207 0.304651
vt 0.988214 0.425614
vt 0.987514 0.425499
vt 0.987894 0.426224
vt 0.989848 0.426373
vt 0.989760 0.427049
vt 0.575557 0.719949
vt 0.576251 0.719880
vt 0.574222 0.793170
vt 0.573533 0.793053
vt 0.573921 0.793787
vt 0.578026 0.794855
vt 0.577955 0.795560
vt 0.695407 0.352438
vt 0.696074 0.352547
vt 0.696031 0.475597
vt 0.695365 0.475702
vt 0.557052 0.366146
vt 0.557073 0.290189
vt 0.989852 0.303815
vt 0.990540 0.303566
vt 0.990534 0.426718
vt 0.578028 0.719195
vt 0.578687 0.719061
vt 0.578707 0.795146
vt 0.122144 0.825922
vt 0.122075 0.752907
vt 0.240659 0.752920
vt 0.240690 0.825939
vt 0.562213 0.364499
vt 0.560158 0.290690
vt 0.096118 0.001315
vt 0.096137 0.464376
vt 0.064677 0.464377
vt 0.064658 0.001317
vt 0.106579 0.001315
vt 0.106598 0.464376
vt 0.097656 0.464376
vt 0.097637 0.001315
vt 0.022582 0.464379
vt 0.022564 0.001318
vt 0.054024 0.001317
vt 0.054042 0.464378
vt 0.012121 0.464379
vt 0.012103 0.001319
vt 0.021045 0.001318
vt 0.021063 0.464379
vt 0.063139 0.001317
vt 0.063158 0.464377
vt 0.055561 0.464378
vt 0.055543 0.001317
vt 0.830093 0.903936
vt 0.830158 0.905480
vt 0.824695 0.895732
vt 0.826214 0.895739
vt 0.831741 0.905483
vt 0.837203 0.895734
vt 0.847914 0.916242
vt 0.842865 0.935419
vt 0.797808 0.905484
vt 0.803270 0.895735
vt 0.813985 0.916240
vt 0.808940 0.935418
vt 0.858628 0.895736
vt 0.860147 0.895744
vt 0.864024 0.903942
vt 0.864090 0.905485
vt 0.851711 0.936298
vt 0.844114 0.936298
vt 0.810189 0.936296
vt 0.817786 0.936295
vt 0.108117 0.464376
vt 0.108098 0.001315
vt 0.010602 0.464380
vt 0.010584 0.001319
vt 0.819035 0.935417
vt 0.852960 0.935420
vt 0.797874 0.903941
vt 0.801751 0.895743
vt 0.835684 0.895742
vt 0.831806 0.903939
vt 0.455853 0.002930
vt 0.457500 0.002632
vt 0.456920 0.089437
vt 0.455255 0.089443
vt 0.533790 0.586119
vt 0.533784 0.584398
vt 0.593513 0.584654
vt 0.594798 0.586640
vt 0.245401 0.859237
vt 0.247060 0.859374
vt 0.246884 0.965831
vt 0.245235 0.965641
vt 0.245425 0.967321
vt 0.234403 0.967257
vt 0.234599 0.965619
vt 0.659668 0.557915
vt 0.657996 0.557920
vt 0.657879 0.495581
vt 0.659555 0.495593
vt 0.936660 0.441747
vt 0.938407 0.441864
vt 0.939287 0.528381
vt 0.937623 0.528382
vt 0.538190 0.782007
vt 0.536737 0.782007
vt 0.536691 0.726409
vt 0.538285 0.726409
vt 0.658091 0.439452
vt 0.659710 0.439988
vt 0.659663 0.326761
vt 0.659679 0.324975
vt 0.670927 0.330084
vt 0.670361 0.331682
vt 0.657993 0.326082
vt 0.659722 0.439011
vt 0.670362 0.439113
vt 0.670348 0.440105
vt 0.232946 0.965801
vt 0.232920 0.858784
vt 0.234684 0.858839
vt 0.672030 0.557880
vt 0.670360 0.557881
vt 0.670293 0.495554
vt 0.671964 0.495612
vt 0.260408 0.001314
vt 0.262072 0.002018
vt 0.262053 0.083357
vt 0.260389 0.083359
vt 0.671980 0.439571
vt 0.672014 0.331833
vt 0.244031 0.780388
vt 0.242350 0.780422
vt 0.241645 0.724749
vt 0.243438 0.724603
vt 0.321742 0.002057
vt 0.323327 0.001392
vt 0.323735 0.083155
vt 0.322071 0.083156
vt 0.457967 0.161979
vt 0.456303 0.161992
vt 0.938594 0.600935
vt 0.936930 0.600871
vt 0.262061 0.155045
vt 0.260395 0.154893
vt 0.323858 0.154751
vt 0.322193 0.154901
vt 0.458073 0.216547
vt 0.456405 0.214423
vt 0.934488 0.662768
vt 0.932638 0.665494
vt 0.262369 0.214955
vt 0.260739 0.215402
vt 0.322963 0.216390
vt 0.321330 0.215913
vt 0.755030 0.441749
vt 0.754744 0.443424
vt 0.749111 0.443424
vt 0.749111 0.441749
vt 0.262239 0.216655
vt 0.321436 0.217630
vt 0.754745 0.504293
vt 0.755029 0.505968
vt 0.749111 0.505968
vt 0.749111 0.504293
vt 0.672520 0.644752
vt 0.670848 0.644730
vt 0.670026 0.604557
vt 0.671570 0.602868
vt 0.671940 0.682924
vt 0.670406 0.681249
vt 0.600964 0.682984
vt 0.602502 0.681292
vt 0.600033 0.645414
vt 0.601704 0.645379
vt 0.600595 0.602865
vt 0.602155 0.604559
vt 0.524736 0.726468
vt 0.524862 0.782004
vt 0.466905 0.009837
vt 0.465070 0.091767
vt 0.929482 0.530747
vt 0.927074 0.448874
vt 0.466904 0.163301
vt 0.928005 0.602322
vt 0.558994 0.001314
vt 0.567893 0.002881
vt 0.567912 0.063838
vt 0.557376 0.055858
vt 0.557375 0.055857
vt 0.932638 0.665494
vt 0.927102 0.663279
vt 0.593977 0.498136
vt 0.534118 0.497888
vt 0.594267 0.425571
vt 0.534409 0.425322
vt 0.245470 0.599232
vt 0.245659 0.543634
vt 0.356673 0.543633
vt 0.356697 0.599181
vt 0.348856 0.724479
vt 0.348927 0.779965
vt 0.336789 0.766386
vt 0.336758 0.723750
vt 0.256151 0.766665
vt 0.255761 0.723807
vt 0.243910 0.662641
vt 0.348927 0.662590
vt 0.336806 0.676207
vt 0.255906 0.676196
vt 0.461396 0.759723
vt 0.469103 0.712165
vt 0.476047 0.721965
vt 0.472001 0.760266
vt 0.553086 0.715779
vt 0.545548 0.725386
vt 0.557851 0.762222
vt 0.547218 0.762329
vt 0.550907 0.812994
vt 0.466803 0.813001
vt 0.474291 0.803234
vt 0.543650 0.803475
vt 0.534666 0.372891
vt 0.594730 0.363579
vt 0.456427 0.001312
vt 0.936673 0.440268
vt 0.242463 0.723321
vt 0.356725 0.661273
vt 0.252262 0.661296
vt 0.242727 0.662487
vt 0.233019 0.857576
vt 0.234687 0.856878
vt 0.245400 0.851858
vt 0.247057 0.852179
vt 0.245200 0.661298
vt 0.615961 0.007333
vt 0.604234 0.007333
vt 0.615960 0.001313
vt 0.720859 0.007309
vt 0.720249 0.007309
vt 0.720249 0.001290
vt 0.934236 0.226965
vt 0.935537 0.313469
vt 0.933873 0.313477
vt 0.932586 0.226681
vt 0.618061 0.287882
vt 0.557052 0.288408
vt 0.558338 0.286422
vt 0.618066 0.286162
vt 0.012566 0.473073
vt 0.012713 0.579477
vt 0.011064 0.579666
vt 0.010907 0.473210
vt 0.023349 0.579457
vt 0.023545 0.581095
vt 0.012522 0.581157
vt 0.918753 0.553585
vt 0.918876 0.491262
vt 0.920551 0.491250
vt 0.920423 0.553591
vt 0.933753 0.890013
vt 0.934709 0.803377
vt 0.936372 0.803378
vt 0.935499 0.889896
vt 0.499404 0.634413
vt 0.499505 0.690011
vt 0.497911 0.690011
vt 0.497950 0.634413
vt 0.918729 0.435658
vt 0.920348 0.435121
vt 0.918792 0.322430
vt 0.908092 0.327349
vt 0.907527 0.325752
vt 0.918776 0.320644
vt 0.920461 0.321751
vt 0.918717 0.434680
vt 0.908091 0.435773
vt 0.908077 0.434781
vt 0.023283 0.472677
vt 0.025047 0.472623
vt 0.025002 0.579639
vt 0.906390 0.553548
vt 0.906466 0.491280
vt 0.908137 0.491222
vt 0.908061 0.553549
vt 0.258834 0.001314
vt 0.258880 0.083359
vt 0.257215 0.083358
vt 0.257170 0.002019
vt 0.906459 0.435238
vt 0.906439 0.327500
vt 0.577095 0.711403
vt 0.577710 0.655568
vt 0.579503 0.655710
vt 0.578775 0.711436
vt 0.197500 0.002079
vt 0.197197 0.083178
vt 0.195533 0.083177
vt 0.195914 0.001414
vt 0.935063 0.386023
vt 0.933399 0.386026
vt 0.934010 0.730888
vt 0.935673 0.730823
vt 0.258897 0.154894
vt 0.257231 0.155046
vt 0.197099 0.154922
vt 0.195433 0.154773
vt 0.935537 0.438457
vt 0.933893 0.440600
vt 0.929712 0.666264
vt 0.931563 0.668990
vt 0.258573 0.215402
vt 0.256943 0.214956
vt 0.197982 0.215935
vt 0.196349 0.216411
vt 0.743193 0.441749
vt 0.743478 0.443424
vt 0.257073 0.216657
vt 0.197877 0.217651
vt 0.743478 0.504293
vt 0.743193 0.505968
vt 0.892271 0.242081
vt 0.891334 0.283965
vt 0.889790 0.282277
vt 0.890599 0.242103
vt 0.890145 0.205584
vt 0.891679 0.203908
vt 0.822241 0.205564
vt 0.820703 0.203872
vt 0.821455 0.241477
vt 0.819783 0.241443
vt 0.821919 0.282296
vt 0.820359 0.283991
vt 0.485956 0.689954
vt 0.486075 0.634418
vt 0.925741 0.315875
vt 0.923239 0.233965
vt 0.926568 0.801013
vt 0.924165 0.882887
vt 0.924471 0.387413
vt 0.925085 0.729437
vt 0.933894 0.440600
vt 0.923195 0.448351
vt 0.924175 0.668480
vt 0.929712 0.666265
vt 0.557867 0.199904
vt 0.617726 0.199651
vt 0.557572 0.127338
vt 0.617430 0.127086
vt 0.205396 0.280932
vt 0.316623 0.280988
vt 0.316595 0.336536
vt 0.205582 0.336530
vt 0.472250 0.655538
vt 0.484350 0.654810
vt 0.484218 0.697355
vt 0.472060 0.710921
vt 0.564970 0.697672
vt 0.565395 0.654824
vt 0.576883 0.593412
vt 0.564946 0.607022
vt 0.484216 0.607362
vt 0.472071 0.593797
vt 0.820744 0.478322
vt 0.810123 0.478610
vt 0.807593 0.440104
vt 0.814947 0.430620
vt 0.737938 0.440454
vt 0.730747 0.430558
vt 0.735069 0.477271
vt 0.724450 0.476913
vt 0.730030 0.529653
vt 0.737537 0.520251
vt 0.807033 0.519797
vt 0.814332 0.529636
vt 0.617169 0.074655
vt 0.557104 0.065346
vt 0.933648 0.225352
vt 0.933766 0.891492
vt 0.578678 0.654278
vt 0.316653 0.218896
vt 0.212190 0.218868
vt 0.578064 0.593250
vt 0.023280 0.470717
vt 0.024948 0.471415
vt 0.012568 0.465694
vt 0.010911 0.466015
vt 0.205128 0.218866
vt 0.615961 0.013353
vt 0.720249 0.013328
vt 0.698967 0.321073
vt 0.702744 0.322705
vt 0.702673 0.323404
vt 0.698672 0.321695
vt 0.698274 0.320960
vt 0.700298 0.247797
vt 0.700992 0.247765
vt 0.980807 0.002589
vt 0.980767 0.123315
vt 0.980072 0.123252
vt 0.980110 0.002656
vt 0.700779 0.247132
vt 0.702619 0.246490
vt 0.702747 0.247181
vt 0.988278 0.866624
vt 0.988292 0.987335
vt 0.987592 0.987450
vt 0.987576 0.866476
vt 0.987912 0.988060
vt 0.986048 0.988885
vt 0.985958 0.988209
vt 0.052818 0.915499
vt 0.054859 0.988598
vt 0.054170 0.988715
vt 0.052124 0.915430
vt 0.054472 0.989332
vt 0.050439 0.991106
vt 0.050366 0.990401
vt 0.985536 0.001314
vt 0.985558 0.124580
vt 0.984892 0.124474
vt 0.984871 0.001423
vt 0.703409 0.246934
vt 0.703422 0.322985
vt 0.985929 0.865641
vt 0.985272 0.988555
vt 0.985243 0.865392
vt 0.050347 0.914745
vt 0.049686 0.990692
vt 0.049687 0.914611
vt 0.733499 0.324469
vt 0.733508 0.203873
vt 0.805287 0.203921
vt 0.805271 0.324557
vt 0.660429 0.969542
vt 0.664878 0.968934
vt 0.665081 0.970210
vt 0.660313 0.970793
vt 0.659186 0.969824
vt 0.659172 0.928683
vt 0.660475 0.928742
vt 0.219902 0.929750
vt 0.219997 0.969303
vt 0.218719 0.969691
vt 0.218700 0.929741
vt 0.224535 0.968238
vt 0.224852 0.969419
vt 0.220013 0.970574
vt 0.360730 0.970341
vt 0.360735 0.929516
vt 0.361992 0.929442
vt 0.361985 0.970420
vt 0.140262 0.929530
vt 0.135704 0.929641
vt 0.135494 0.928453
vt 0.140316 0.928240
vt 0.141487 0.929393
vt 0.141491 0.969388
vt 0.140207 0.969012
vt 0.140200 0.970285
vt 0.135328 0.969154
vt 0.135640 0.967970
vt 0.664971 0.929408
vt 0.666256 0.929539
vt 0.666154 0.968947
vt 0.225788 0.930025
vt 0.225786 0.968185
vt 0.224432 0.930001
vt 0.354778 0.969616
vt 0.354752 0.930268
vt 0.356065 0.930118
vt 0.356061 0.969730
vt 0.134355 0.967887
vt 0.134406 0.929580
vt 0.633825 0.289498
vt 0.633815 0.328736
vt 0.596506 0.328742
vt 0.596478 0.289394
vt 0.750090 0.088421
vt 0.749445 0.088562
vt 0.748687 0.086134
vt 0.749334 0.086158
vt 0.992859 0.866171
vt 0.993524 0.866207
vt 0.993581 0.955479
vt 0.992918 0.955510
vt 0.803136 0.089556
vt 0.802515 0.089314
vt 0.804429 0.086157
vt 0.805148 0.086165
vt 0.985255 0.773971
vt 0.985913 0.773946
vt 0.985897 0.863347
vt 0.985243 0.863354
vt 0.985731 0.863973
vt 0.989772 0.863674
vt 0.989628 0.864335
vt 0.940646 0.509222
vt 0.941292 0.509076
vt 0.942165 0.562293
vt 0.941519 0.562158
vt 0.942012 0.562949
vt 0.944449 0.563138
vt 0.944461 0.563801
vt 0.989778 0.865650
vt 0.990406 0.865713
vt 0.990395 0.955966
vt 0.989767 0.956026
vt 0.749115 0.085501
vt 0.804793 0.085494
vt 0.989793 0.773478
vt 0.990402 0.773444
vt 0.990390 0.863827
vt 0.944447 0.506982
vt 0.945110 0.506714
vt 0.945094 0.563380
vt 0.849530 0.375899
vt 0.901507 0.375888
vt 0.901494 0.465102
vt 0.849514 0.465169
vt 0.749896 0.089071
vt 0.802631 0.089993
vt 0.010584 0.000000
vt 0.010584 0.000000
vt 0.010584 0.000000
vt 0.198882 0.350954
vt 0.198260 0.351276
vt 0.195433 0.347193
vt 0.196199 0.347133
vt 0.199084 0.351655
vt 0.270347 0.348928
vt 0.270321 0.349632
vt 0.977754 0.002639
vt 0.978446 0.002705
vt 0.978583 0.123281
vt 0.977890 0.123347
vt 0.270969 0.349140
vt 0.270909 0.347123
vt 0.271589 0.347243
vt 0.987181 0.439832
vt 0.987883 0.439685
vt 0.987907 0.560654
vt 0.987209 0.560540
vt 0.987588 0.561264
vt 0.989566 0.561419
vt 0.989479 0.562094
vt 0.632025 0.277432
vt 0.632503 0.276916
vt 0.677165 0.333577
vt 0.676516 0.333880
vt 0.677102 0.334262
vt 0.681920 0.334523
vt 0.682074 0.335285
vt 0.972342 0.001315
vt 0.972980 0.001418
vt 0.972953 0.124536
vt 0.972316 0.124632
vt 0.195752 0.346438
vt 0.271146 0.346448
vt 0.989553 0.438842
vt 0.990239 0.438596
vt 0.990252 0.561760
vt 0.681952 0.258196
vt 0.682610 0.258055
vt 0.682610 0.334922
vt 0.343520 0.853659
vt 0.343441 0.781307
vt 0.462026 0.781309
vt 0.462045 0.853663
vt 0.880479 0.097966
vt 0.880493 0.174291
vt 0.876660 0.171277
vt 0.878678 0.098679
vt 0.010584 0.000000
vt 0.010584 0.000000
vt 0.010584 0.000000
vt 0.978079 0.921754
vt 0.982478 0.920173
vt 0.982880 0.921367
vt 0.978108 0.923038
vt 0.976840 0.922187
vt 0.976844 0.816640
vt 0.978091 0.816927
vt 0.651682 0.928699
vt 0.651648 0.968803
vt 0.650447 0.969132
vt 0.650446 0.928679
vt 0.656449 0.967736
vt 0.656787 0.968906
vt 0.651773 0.970076
vt 0.785363 0.190097
vt 0.785253 0.185276
vt 0.786447 0.185019
vt 0.786626 0.190086
vt 0.785577 0.191333
vt 0.745750 0.191338
vt 0.746065 0.190114
vt 0.744809 0.189999
vt 0.745914 0.184867
vt 0.747070 0.185197
vt 0.982506 0.818576
vt 0.983753 0.818760
vt 0.983720 0.920087
vt 0.657727 0.929005
vt 0.657720 0.967729
vt 0.656467 0.928982
vt 0.747064 0.183904
vt 0.785348 0.183997
vt 0.230742 0.827253
vt 0.230736 0.928432
vt 0.192848 0.928408
vt 0.192857 0.827262
vt 0.636129 0.988423
vt 0.639420 0.991011
vt 0.639356 0.992019
vt 0.635649 0.989163
vt 0.635257 0.988222
vt 0.636540 0.919242
vt 0.637447 0.919203
vt 0.901902 0.765667
vt 0.901776 0.866324
vt 0.900897 0.866252
vt 0.901026 0.765740
vt 0.637169 0.918353
vt 0.639356 0.917744
vt 0.639426 0.918589
vt 0.945067 0.403583
vt 0.945039 0.504263
vt 0.944123 0.504324
vt 0.944151 0.403472
vt 0.944418 0.505130
vt 0.942239 0.505813
vt 0.942144 0.504937
vt 0.921166 0.920915
vt 0.922482 0.989806
vt 0.921611 0.990015
vt 0.920253 0.920810
vt 0.922096 0.990749
vt 0.918311 0.993712
vt 0.918248 0.992695
vt 0.907130 0.764569
vt 0.907139 0.867357
vt 0.906340 0.867256
vt 0.906330 0.764681
vt 0.640283 0.918290
vt 0.640288 0.991639
vt 0.942155 0.402761
vt 0.941292 0.505248
vt 0.941299 0.402591
vt 0.918256 0.920106
vt 0.917378 0.993334
vt 0.917399 0.919933
vt 0.342072 0.850536
vt 0.243269 0.850543
vt 0.243261 0.781737
vt 0.342130 0.781722
vt 0.824878 0.489856
vt 0.824084 0.490274
vt 0.821399 0.486544
vt 0.822393 0.486503
vt 0.825130 0.490743
vt 0.892946 0.488505
vt 0.892913 0.489426
vt 0.887386 0.035387
vt 0.888263 0.035460
vt 0.888396 0.135972
vt 0.887517 0.136044
vt 0.893784 0.488784
vt 0.893538 0.486493
vt 0.894369 0.486560
vt 0.514705 0.929942
vt 0.514814 0.930874
vt 0.415677 0.930890
vt 0.415737 0.929957
vt 0.414885 0.930588
vt 0.415075 0.932902
vt 0.414214 0.932806
vt 0.988797 0.757554
vt 0.989217 0.756754
vt 0.992586 0.759386
vt 0.992541 0.760405
vt 0.882158 0.034289
vt 0.882960 0.034401
vt 0.882953 0.136976
vt 0.882154 0.137076
vt 0.821788 0.485619
vt 0.893829 0.485621
vt 0.515513 0.932905
vt 0.515681 0.933776
vt 0.414769 0.933769
vt 0.992596 0.686826
vt 0.993453 0.686661
vt 0.993456 0.760016
vt 0.480205 0.883128
vt 0.480139 0.814315
vt 0.579008 0.814316
vt 0.579009 0.883123
vt 0.990601 0.687506
vt 0.010584 0.000000
vt 0.010584 0.000000
vt 0.010584 0.000000
vt 0.984446 0.663631
vt 0.984417 0.664916
vt 0.979644 0.663244
vt 0.980047 0.662050
vt 0.985685 0.664064
vt 0.984442 0.558806
vt 0.985688 0.558520
vt 0.929563 0.928298
vt 0.930800 0.928279
vt 0.930792 0.968730
vt 0.929591 0.968401
vt 0.929465 0.969675
vt 0.924451 0.968503
vt 0.924790 0.967333
vt 0.361836 0.922679
vt 0.361539 0.921393
vt 0.465333 0.921384
vt 0.465032 0.922666
vt 0.352971 0.349504
vt 0.354234 0.349514
vt 0.354055 0.354581
vt 0.352862 0.354325
vt 0.353185 0.348268
vt 0.313673 0.349490
vt 0.313358 0.348266
vt 0.312418 0.349605
vt 0.314679 0.354407
vt 0.313523 0.354737
vt 0.978804 0.661964
vt 0.978779 0.560639
vt 0.980026 0.560455
vt 0.923519 0.928603
vt 0.924780 0.928580
vt 0.923519 0.967326
vt 0.363728 0.928650
vt 0.363502 0.927368
vt 0.463375 0.927356
vt 0.463155 0.928634
vt 0.314672 0.355700
vt 0.352957 0.355604
vt 0.888219 0.855886
vt 0.888201 0.894425
vt 0.788774 0.894411
vt 0.788760 0.855867
vt 0.927145 0.539912
vt 0.927403 0.540388
vt 0.922621 0.542856
vt 0.922456 0.542301
vt 0.927695 0.539825
vt 0.924464 0.450869
vt 0.925022 0.450906
vt 0.942804 0.253293
vt 0.943366 0.253335
vt 0.943408 0.400578
vt 0.942846 0.400615
vt 0.924644 0.450363
vt 0.922451 0.450211
vt 0.922570 0.449664
vt 0.987192 0.153387
vt 0.987751 0.153263
vt 0.987738 0.300770
vt 0.987181 0.300649
vt 0.010584 0.000000
vt 0.010584 0.000000
vt 0.010584 0.000000
vt 0.010584 0.000000
vt 0.950442 0.116798
vt 0.950998 0.116751
vt 0.948303 0.205878
vt 0.947756 0.205781
vt 0.948065 0.206373
vt 0.953034 0.208143
vt 0.952989 0.208727
vt 0.937116 0.251995
vt 0.937644 0.252066
vt 0.937620 0.401829
vt 0.937091 0.401898
vt 0.921903 0.542458
vt 0.921920 0.449998
vt 0.989608 0.152326
vt 0.990155 0.152153
vt 0.990139 0.301883
vt 0.989590 0.301697
vt 0.953024 0.116060
vt 0.953553 0.115949
vt 0.953585 0.208388
vt 0.619108 0.001369
vt 0.706514 0.001315
vt 0.706510 0.148577
vt 0.619099 0.148609
vt 0.987384 0.301180
vt 0.577411 0.001645
vt 0.577886 0.001313
vt 0.577886 0.001893
vt 0.989741 0.302256
vt 0.731222 0.415484
vt 0.728873 0.420253
vt 0.728328 0.420085
vt 0.730755 0.415221
vt 0.731309 0.414924
vt 0.818716 0.417659
vt 0.818752 0.418227
vt 0.674007 0.337707
vt 0.673952 0.485023
vt 0.673391 0.484985
vt 0.673443 0.337748
vt 0.819249 0.418045
vt 0.819936 0.420154
vt 0.819398 0.420275
vt 0.989822 0.002548
vt 0.989846 0.149815
vt 0.989290 0.149936
vt 0.989263 0.002424
vt 0.010584 0.000000
vt 0.010584 0.000000
vt 0.010584 0.000000
vt 0.010584 0.000000
vt 0.699796 0.888884
vt 0.702488 0.977866
vt 0.701939 0.977963
vt 0.699240 0.888837
vt 0.702178 0.978458
vt 0.697255 0.980812
vt 0.697209 0.980228
vt 0.679694 0.336409
vt 0.679707 0.486306
vt 0.679178 0.486237
vt 0.679166 0.336480
vt 0.819608 0.420815
vt 0.728719 0.420816
vt 0.987405 0.001487
vt 0.987437 0.150862
vt 0.986889 0.151049
vt 0.986859 0.001314
vt 0.697214 0.888146
vt 0.696658 0.980473
vt 0.696685 0.888034
vt 0.243867 0.632552
vt 0.099130 0.632589
vt 0.099146 0.543666
vt 0.243904 0.543634
vt 0.989645 0.150345
vt 0.465425 0.001647
vt 0.464951 0.001893
vt 0.464951 0.001313
vt 0.987288 0.151421
vt 0.673411 0.969550
vt 0.673527 0.970801
vt 0.668760 0.970219
vt 0.668962 0.968943
vt 0.674654 0.969831
vt 0.673353 0.928749
vt 0.674658 0.928690
vt 0.216184 0.929750
vt 0.217386 0.929740
vt 0.217376 0.969690
vt 0.216098 0.969303
vt 0.216083 0.970574
vt 0.211244 0.969419
vt 0.211560 0.968239
vt 0.677240 0.969588
vt 0.675985 0.969668
vt 0.675976 0.928690
vt 0.677233 0.928764
vt 0.502054 0.655327
vt 0.502001 0.654038
vt 0.506822 0.654251
vt 0.506612 0.655438
vt 0.500829 0.655190
vt 0.502107 0.694809
vt 0.500822 0.695184
vt 0.502113 0.696082
vt 0.506673 0.693767
vt 0.506985 0.694950
vt 0.667687 0.968956
vt 0.667574 0.929547
vt 0.668858 0.929416
vt 0.210298 0.930026
vt 0.211654 0.930001
vt 0.210309 0.968186
vt 0.683192 0.968863
vt 0.681909 0.968977
vt 0.681904 0.929366
vt 0.683217 0.929516
vt 0.507958 0.693684
vt 0.507910 0.655378
vt 0.650446 0.888125
vt 0.687794 0.888032
vt 0.687756 0.927380
vt 0.650446 0.927364
vt 0.924545 0.002924
vt 0.926195 0.002640
vt 0.924889 0.089438
vt 0.923225 0.089429
vt 0.595514 0.549315
vt 0.595508 0.547595
vt 0.655236 0.547863
vt 0.656522 0.549849
vt 0.967670 0.375038
vt 0.969328 0.375175
vt 0.969164 0.481631
vt 0.967514 0.481442
vt 0.967704 0.483122
vt 0.956681 0.483059
vt 0.956877 0.481421
vt 0.910439 0.846723
vt 0.908768 0.846729
vt 0.908652 0.784388
vt 0.910329 0.784400
vt 0.945749 0.027435
vt 0.947494 0.027562
vt 0.947889 0.114083
vt 0.946225 0.114074
vt 0.120648 0.808519
vt 0.119194 0.808519
vt 0.119164 0.752921
vt 0.120758 0.752921
vt 0.908868 0.728259
vt 0.910487 0.728796
vt 0.910446 0.615568
vt 0.910463 0.613782
vt 0.921711 0.618892
vt 0.921146 0.620489
vt 0.908777 0.614888
vt 0.910498 0.727818
vt 0.921138 0.727921
vt 0.921125 0.728913
vt 0.955224 0.481603
vt 0.955188 0.374586
vt 0.956952 0.374640
vt 0.922801 0.846689
vt 0.921130 0.846689
vt 0.921067 0.784363
vt 0.922738 0.784421
vt 0.325389 0.001314
vt 0.327053 0.002019
vt 0.327017 0.083358
vt 0.325353 0.083359
vt 0.922757 0.728379
vt 0.922798 0.620641
vt 0.097966 0.751687
vt 0.096286 0.751721
vt 0.095576 0.696048
vt 0.097368 0.695902
vt 0.386723 0.002071
vt 0.388309 0.001406
vt 0.388700 0.083169
vt 0.387035 0.083170
vt 0.925346 0.161988
vt 0.923682 0.161985
vt 0.946730 0.186630
vt 0.945067 0.186563
vt 0.327010 0.155046
vt 0.325344 0.154893
vt 0.388808 0.154765
vt 0.387142 0.154914
vt 0.924838 0.216563
vt 0.923195 0.214420
vt 0.942951 0.248504
vt 0.941116 0.251239
vt 0.327305 0.214956
vt 0.325676 0.215402
vt 0.387900 0.216403
vt 0.386266 0.215926
vt 0.905624 0.197216
vt 0.905339 0.198891
vt 0.899706 0.198891
vt 0.899706 0.197216
vt 0.327176 0.216656
vt 0.386373 0.217643
vt 0.905339 0.259761
vt 0.905623 0.261435
vt 0.899705 0.261435
vt 0.899705 0.259761
vt 0.083071 0.629523
vt 0.081399 0.629501
vt 0.080581 0.589327
vt 0.082124 0.587639
vt 0.082489 0.667695
vt 0.080954 0.666020
vt 0.011512 0.667749
vt 0.013050 0.666057
vt 0.010584 0.630179
vt 0.012255 0.630144
vt 0.011150 0.587631
vt 0.012709 0.589325
vt 0.107209 0.752976
vt 0.107319 0.808512
vt 0.935540 0.009926
vt 0.933020 0.091838
vt 0.938071 0.116392
vt 0.936122 0.034506
vt 0.934273 0.163378
vt 0.936126 0.187922
vt 0.935536 0.224317
vt 0.924839 0.216563
vt 0.099130 0.467780
vt 0.107934 0.465690
vt 0.107920 0.530490
vt 0.107920 0.530490
vt 0.102252 0.528653
vt 0.655718 0.461345
vt 0.595859 0.461084
vt 0.656023 0.388779
vt 0.596164 0.388519
vt 0.358576 0.274558
vt 0.358765 0.218960
vt 0.469779 0.218958
vt 0.469804 0.274506
vt 0.202787 0.695767
vt 0.202863 0.751253
vt 0.190723 0.737675
vt 0.190688 0.695039
vt 0.110085 0.737963
vt 0.109691 0.695104
vt 0.097834 0.633940
vt 0.202851 0.633878
vt 0.190731 0.647496
vt 0.109832 0.647493
vt 0.724127 0.048872
vt 0.731837 0.001315
vt 0.738781 0.011115
vt 0.734732 0.049415
vt 0.815820 0.004935
vt 0.808282 0.014542
vt 0.820581 0.051379
vt 0.809950 0.051485
vt 0.813633 0.102150
vt 0.729531 0.102150
vt 0.737019 0.092384
vt 0.806378 0.092630
vt 0.596432 0.336088
vt 0.656498 0.326788
vt 0.925133 0.001311
vt 0.945769 0.025957
vt 0.096393 0.694620
vt 0.469832 0.336597
vt 0.365369 0.336623
vt 0.096651 0.633786
vt 0.955287 0.373378
vt 0.956956 0.372680
vt 0.967668 0.367659
vt 0.969325 0.367979
vt 0.358307 0.336624
vt 0.602710 0.007333
vt 0.590984 0.007333
vt 0.602710 0.001313
vt 0.722798 0.007309
vt 0.722188 0.007309
vt 0.722188 0.001290
vt 0.714481 0.193688
vt 0.715783 0.280192
vt 0.714120 0.280200
vt 0.712831 0.193404
vt 0.532423 0.591960
vt 0.471414 0.592478
vt 0.472700 0.590492
vt 0.532428 0.590240
vt 0.892861 0.621159
vt 0.893019 0.727562
vt 0.891370 0.727751
vt 0.891202 0.621296
vt 0.903654 0.727541
vt 0.903851 0.729179
vt 0.892829 0.729242
vt 0.920047 0.319329
vt 0.920170 0.257006
vt 0.921845 0.256994
vt 0.921717 0.319334
vt 0.947366 0.795060
vt 0.947839 0.708420
vt 0.949503 0.708411
vt 0.949112 0.794933
vt 0.572764 0.712704
vt 0.572863 0.768303
vt 0.571269 0.768303
vt 0.571310 0.712704
vt 0.920023 0.201402
vt 0.921643 0.200865
vt 0.920088 0.088174
vt 0.909387 0.093093
vt 0.908822 0.091496
vt 0.920071 0.086388
vt 0.921756 0.087495
vt 0.920012 0.200424
vt 0.909385 0.201517
vt 0.909372 0.200525
vt 0.903578 0.620761
vt 0.905342 0.620707
vt 0.905308 0.727723
vt 0.907684 0.319292
vt 0.907760 0.257024
vt 0.909431 0.256966
vt 0.909354 0.319292
vt 0.453719 0.001315
vt 0.453755 0.083360
vt 0.452091 0.083359
vt 0.452055 0.002020
vt 0.907754 0.200982
vt 0.907735 0.093244
vt 0.686018 0.705594
vt 0.686620 0.649760
vt 0.688413 0.649901
vt 0.687699 0.705627
vt 0.392385 0.002072
vt 0.392073 0.083171
vt 0.390409 0.083170
vt 0.390800 0.001407
vt 0.715312 0.352747
vt 0.713647 0.352750
vt 0.946678 0.635931
vt 0.948341 0.635864
vt 0.453764 0.154895
vt 0.452098 0.155047
vt 0.391967 0.154915
vt 0.390300 0.154766
vt 0.715786 0.405181
vt 0.714143 0.407324
vt 0.942724 0.571255
vt 0.944560 0.573990
vt 0.453432 0.215403
vt 0.451803 0.214957
vt 0.392842 0.215928
vt 0.391209 0.216404
vt 0.893788 0.197216
vt 0.894072 0.198891
vt 0.451933 0.216657
vt 0.392736 0.217644
vt 0.894072 0.259761
vt 0.893788 0.261435
vt 0.892271 0.530701
vt 0.891327 0.572585
vt 0.889783 0.570896
vt 0.890599 0.530723
vt 0.890152 0.494204
vt 0.891686 0.492528
vt 0.822248 0.494171
vt 0.820710 0.492478
vt 0.821455 0.530084
vt 0.819783 0.530049
vt 0.821912 0.570903
vt 0.820352 0.572597
vt 0.559314 0.768245
vt 0.559436 0.712709
vt 0.705988 0.282599
vt 0.703484 0.200688
vt 0.939685 0.706103
vt 0.937740 0.787989
vt 0.704720 0.354138
vt 0.937737 0.634572
vt 0.714143 0.407326
vt 0.703444 0.415076
vt 0.469798 0.877023
vt 0.472921 0.816150
vt 0.478589 0.814314
vt 0.478590 0.814314
vt 0.478601 0.879114
vt 0.472241 0.503974
vt 0.532099 0.503729
vt 0.471955 0.431409
vt 0.531813 0.431164
vt 0.358592 0.605686
vt 0.469819 0.605710
vt 0.469807 0.661258
vt 0.358794 0.661284
vt 0.581160 0.649756
vt 0.593260 0.649024
vt 0.593138 0.691570
vt 0.580984 0.705139
vt 0.673891 0.691867
vt 0.674305 0.649019
vt 0.685778 0.587603
vt 0.673845 0.601216
vt 0.593115 0.601577
vt 0.580966 0.588015
vt 0.826561 0.151242
vt 0.815939 0.151529
vt 0.813416 0.113022
vt 0.820770 0.103539
vt 0.743761 0.113361
vt 0.736572 0.103465
vt 0.740886 0.150178
vt 0.730267 0.149818
vt 0.735839 0.202558
vt 0.743346 0.193157
vt 0.812843 0.192716
vt 0.820141 0.202557
vt 0.531558 0.378733
vt 0.471496 0.369417
vt 0.713893 0.192075
vt 0.947387 0.796538
vt 0.687588 0.648469
vt 0.469832 0.543619
vt 0.365369 0.543620
vt 0.686959 0.587442
vt 0.903575 0.618801
vt 0.905244 0.619499
vt 0.892862 0.613780
vt 0.891206 0.614100
vt 0.358307 0.543620
vt 0.602710 0.013353
vt 0.722188 0.013329
vt 0.984364 0.771363
vt 0.984332 0.772632
vt 0.979614 0.770959
vt 0.980015 0.769782
vt 0.985586 0.771795
vt 0.984378 0.666516
vt 0.985607 0.666229
vt 0.794166 0.181361
vt 0.794187 0.182602
vt 0.745077 0.182588
vt 0.745399 0.181380
vt 0.744163 0.181250
vt 0.745320 0.176213
vt 0.746454 0.176555
vt 0.973565 0.335229
vt 0.972316 0.335533
vt 0.972318 0.229922
vt 0.973562 0.230230
vt 0.911145 0.849310
vt 0.911159 0.848041
vt 0.916094 0.848239
vt 0.915844 0.849437
vt 0.909947 0.849094
vt 0.911135 0.898800
vt 0.909946 0.899119
vt 0.911249 0.900060
vt 0.915905 0.897771
vt 0.916226 0.898933
vt 0.978788 0.769693
vt 0.978779 0.668348
vt 0.980012 0.668165
vt 0.793859 0.175279
vt 0.793882 0.176545
vt 0.746465 0.175278
vt 0.979357 0.333307
vt 0.978113 0.333536
vt 0.978111 0.231916
vt 0.979352 0.232138
vt 0.917159 0.897776
vt 0.917086 0.849345
vt 0.442922 0.854990
vt 0.442914 0.903018
vt 0.343465 0.903008
vt 0.343441 0.854974
vn -0.332458 0.282611 0.899779
vn -0.064088 0.064343 0.995868
vn -0.099126 0.747519 0.656803
vn -0.022121 0.999730 0.007176
vn -0.772093 0.635457 0.008201
vn -0.933398 0.287775 0.214370
vn -0.345948 0.283490 0.894401
vn -0.022582 0.999745 0.000862
vn -0.772118 0.635479 0.000988
vn -0.952694 -0.303906 0.003793
vn -0.797197 -0.116849 0.592304
vn -0.124197 0.094528 0.987745
vn -0.778651 0.627457 0.001185
vn -0.952857 -0.303419 -0.001172
vn -0.660573 0.517889 -0.543539
vn -0.799569 -0.131271 -0.586052
vn -0.688411 -0.725303 -0.005027
vn -0.326664 0.280081 -0.902688
vn -0.129359 0.759812 -0.637144
vn -0.059890 0.062930 -0.996219
vn 0.889367 0.457194 0.000683
vn 0.889367 0.457194 0.000683
vn 0.161184 0.986917 0.003756
vn 0.163215 0.986583 0.003752
vn 0.329444 -0.291256 0.898129
vn 0.332309 -0.287167 0.898391
vn -0.685504 -0.728068 -0.001135
vn -0.199445 -0.979897 -0.004931
vn -0.198915 -0.980011 -0.003458
vn -0.117542 0.096606 -0.988358
vn 0.338702 -0.294847 -0.893502
vn 0.338702 -0.294847 -0.893502
vn -0.774931 0.632029 0.004604
vn -0.273504 0.230804 -0.933769
vn 0.438210 0.364852 -0.821496
vn 0.438210 0.364852 -0.821495
vn 0.438210 0.364852 -0.821496
vn 0.657252 0.753599 0.010472
vn 0.362051 0.932120 0.008439
vn 0.089066 0.770128 0.631641
vn 0.164615 0.739405 0.652826
vn 0.962008 0.273019 0.001188
vn 0.962163 0.272472 -0.001408
vn 0.662018 0.749487 0.001283
vn -0.151727 0.107229 0.982589
vn -0.120988 0.068446 0.990291
vn 0.421799 -0.309736 0.852144
vn 0.425525 -0.306581 0.851433
vn -0.381150 0.260650 0.887010
vn -0.908978 -0.416800 0.006081
vn -0.751675 -0.230816 0.617825
vn -0.722033 -0.691858 -0.000880
vn -0.722395 -0.691480 -0.000877
vn -0.130551 -0.991435 -0.003661
vn -0.130551 -0.991435 -0.003661
vn -0.152142 0.124305 -0.980511
vn -0.386440 0.291607 -0.875003
vn 0.361998 0.932175 -0.002859
vn 0.147118 0.748335 -0.646801
vn 0.420161 -0.295443 -0.858008
vn 0.414250 -0.302054 -0.858581
vn -0.127256 0.075678 -0.988979
vn -0.754436 -0.226874 -0.615917
vn -0.908978 -0.416818 -0.004638
vn -0.385879 0.266539 -0.883207
vn -0.436364 0.872055 -0.221598
vn -0.235555 0.971843 0.005887
vn -0.672976 0.480994 0.561915
vn -0.941421 0.237749 0.239169
vn -0.387546 0.276384 0.879443
vn -0.942400 0.239744 -0.233249
vn -0.813072 0.582145 0.004504
vn -0.813072 0.582145 0.004504
vn -0.813073 0.582145 0.004504
vn -0.813073 0.582145 0.004504
vn 0.663737 0.747887 0.010842
vn 0.367906 0.929823 0.008676
vn 0.101844 0.763369 0.637884
vn 0.178719 0.732487 0.656903
vn 0.962747 0.270401 0.001308
vn 0.962907 0.269829 -0.001427
vn 0.668410 0.743792 0.001240
vn -0.155247 0.097875 0.983015
vn -0.143621 0.070318 0.987131
vn 0.444512 -0.292585 0.846643
vn 0.448258 -0.288225 0.846163
vn -0.394835 0.236115 0.887894
vn -0.809876 -0.586572 0.005892
vn -0.676126 -0.346937 0.649991
vn -0.556876 -0.830593 -0.001868
vn -0.556707 -0.830707 -0.001869
vn 0.056286 -0.998406 -0.004155
vn 0.056286 -0.998406 -0.004155
vn -0.154337 0.118982 -0.980828
vn -0.391154 0.271325 -0.879421
vn 0.367837 0.929885 -0.003143
vn 0.161704 0.741516 -0.651158
vn 0.442352 -0.274911 -0.853668
vn 0.435653 -0.283879 -0.854178
vn -0.149443 0.077718 -0.985711
vn -0.679335 -0.342133 -0.649191
vn -0.810099 -0.586259 -0.006325
vn -0.399149 0.242213 -0.884315
vn -0.430889 0.883291 -0.184749
vn -0.258360 0.966030 0.006046
vn -0.697349 0.446487 0.560673
vn -0.978161 0.082305 0.190857
vn -0.395665 0.252117 0.883112
vn -0.978985 0.083475 -0.186064
vn -0.841499 0.540240 0.004410
vn -0.841499 0.540240 0.004410
vn -0.841499 0.540241 0.004410
vn -0.841499 0.540240 0.004410
vn -0.453322 -0.275617 0.847664
vn 0.164408 0.088140 0.982447
vn 0.317803 0.190163 0.928892
vn -0.455301 -0.273972 0.847137
vn 0.808204 -0.588902 -0.000349
vn 0.112687 -0.993623 -0.003810
vn 0.112687 -0.993623 -0.003810
vn 0.807408 -0.589993 -0.000355
vn 0.778842 -0.191200 0.597367
vn 0.920873 -0.389834 0.004826
vn 0.399059 0.234608 0.886403
vn 0.169138 0.094405 -0.981061
vn -0.446117 -0.268568 -0.853728
vn -0.448186 -0.266844 -0.853185
vn 0.325887 0.198411 -0.924354
vn 0.784462 -0.190001 -0.590355
vn 0.408329 0.243485 -0.879763
vn 0.920891 -0.389805 -0.003321
vn 0.856014 0.516882 0.008537
vn 0.856027 0.516925 -0.002270
vn 0.717291 0.434866 0.544413
vn 0.530424 0.320009 0.785012
vn -0.530856 0.320265 0.784616
vn -0.717339 0.434880 0.544338
vn -0.855996 0.516912 0.008555
vn -0.399235 0.234680 0.886305
vn 0.537849 0.328130 -0.776562
vn 0.720734 0.440630 -0.535152
vn -0.719644 0.439977 -0.537153
vn -0.537202 0.327738 -0.777175
vn -0.408302 0.243533 -0.879762
vn -0.855999 0.516972 -0.002271
vn 0.455309 -0.273969 0.847133
vn -0.317790 0.190155 0.928898
vn -0.164098 0.088055 0.982506
vn 0.453228 -0.275705 0.847685
vn -0.325889 0.198407 -0.924354
vn 0.448236 -0.266867 -0.853151
vn 0.446269 -0.268502 -0.853669
vn -0.169030 0.094344 -0.981085
vn -0.920751 -0.390120 0.004834
vn -0.779876 -0.192198 0.595696
vn -0.920830 -0.389951 -0.003320
vn -0.779556 -0.185298 -0.598296
vn -0.112655 -0.993627 -0.003636
vn -0.807532 -0.589823 -0.000318
vn -0.808543 -0.588437 -0.000310
vn -0.112655 -0.993627 -0.003636
vn 0.853693 0.520768 0.003121
vn 0.853693 0.520768 0.003121
vn -0.853692 0.520769 0.003121
vn -0.853692 0.520769 0.003121
vn -0.732668 0.680505 0.010495
vn -0.250771 0.709778 0.658278
vn -0.176991 0.748175 0.639459
vn -0.456074 0.889902 0.008372
vn -0.984088 0.177677 0.000898
vn -0.736909 0.675992 0.000786
vn -0.984191 0.177098 -0.001857
vn 0.141609 0.109395 0.983860
vn -0.421727 -0.330167 0.844474
vn -0.416598 -0.335143 0.845059
vn 0.136623 0.078639 0.987497
vn 0.701899 -0.286685 0.652035
vn 0.741675 -0.229647 0.630222
vn 0.370380 0.267588 0.889503
vn 0.137299 0.133314 -0.981517
vn -0.234315 0.720079 -0.653133
vn -0.455989 0.889978 -0.003626
vn 0.358874 0.307532 -0.881268
vn -0.417478 -0.315585 -0.852126
vn 0.142166 0.086235 -0.986079
vn -0.408161 -0.325917 -0.852750
vn 0.705037 -0.281857 -0.650753
vn 0.374527 0.273821 -0.885862
vn 0.744258 -0.225650 -0.628620
vn 0.165050 0.986268 0.005910
vn 0.318189 0.934974 -0.156775
vn 0.651277 0.509255 0.562581
vn 0.367288 0.285980 0.885051
vn 0.653970 0.506123 0.562283
vn 0.655529 0.509309 -0.557572
vn 0.787068 0.616849 0.004574
vn 0.787069 0.616849 0.004574
vn 0.787069 0.616849 0.004574
vn 0.787069 0.616849 0.004574
vn -0.625318 0.448555 0.638574
vn 0.005452 0.724537 0.689215
vn 0.080879 0.996718 -0.003452
vn -0.069765 0.997545 -0.006144
vn -0.844295 0.535739 -0.012207
vn -0.850805 0.525347 -0.011879
vn -0.682246 0.398128 0.613216
vn -0.066717 0.997644 -0.015997
vn -0.843802 0.536145 -0.023387
vn -0.850486 0.525520 -0.022424
vn -0.997188 -0.073254 -0.015794
vn -0.997717 -0.067424 0.003728
vn -0.348514 0.232014 -0.908134
vn -0.085395 0.051144 -0.995034
vn -0.693912 -0.315848 -0.647091
vn -0.653337 0.475165 -0.589380
vn 0.088690 0.995980 -0.012561
vn -0.289902 0.694352 -0.658660
vn 0.846999 0.531595 -0.000510
vn 0.846565 0.532251 -0.005997
vn -0.584737 -0.811221 -0.001852
vn -0.585980 -0.810324 -0.001845
vn -0.013507 -0.999900 -0.004305
vn -0.013507 -0.999900 -0.004305
vn 0.051454 -0.035458 -0.998046
vn 0.397397 -0.272919 -0.876123
vn 0.395846 -0.274756 -0.876251
vn -0.796306 -0.604893 -0.000351
vn -0.796306 -0.604893 -0.000351
vn -0.261496 0.179378 -0.948390
vn 0.625301 0.448536 0.638604
vn 0.069765 0.997545 -0.006144
vn -0.080880 0.996718 -0.003451
vn -0.005445 0.724493 0.689261
vn 0.844295 0.535739 -0.012206
vn 0.682232 0.398111 0.613243
vn 0.850805 0.525347 -0.011878
vn 0.843802 0.536145 -0.023388
vn 0.066717 0.997644 -0.015997
vn 0.997717 -0.067436 0.003728
vn 0.997187 -0.073265 -0.015792
vn 0.850486 0.525520 -0.022424
vn 0.348515 0.232015 -0.908134
vn 0.693926 -0.315839 -0.647080
vn 0.085396 0.051146 -0.995034
vn 0.653334 0.475163 -0.589385
vn 0.289905 0.694388 -0.658620
vn -0.088690 0.995980 -0.012561
vn -0.846995 0.531601 -0.000509
vn -0.846561 0.532257 -0.005997
vn 0.584737 -0.811221 -0.001852
vn 0.013506 -0.999900 -0.004305
vn 0.013506 -0.999900 -0.004305
vn 0.585980 -0.810324 -0.001845
vn -0.395848 -0.274758 -0.876249
vn -0.397399 -0.272922 -0.876121
vn -0.051452 -0.035457 -0.998046
vn 0.796312 -0.604887 -0.000351
vn 0.796312 -0.604887 -0.000351
vn 0.261496 0.179379 -0.948390
vn -0.226294 0.132560 0.964997
vn 0.039432 -0.012565 0.999143
vn -0.001504 0.722231 0.691650
vn -0.081398 0.739073 0.668690
vn -0.662311 0.380261 0.645558
vn -0.663530 0.378164 0.645539
vn -0.226246 0.120175 0.966629
vn -0.021199 0.999767 0.004118
vn -0.022029 0.999749 0.004120
vn -0.482745 0.875748 0.004825
vn -0.482745 0.875748 0.004825
vn -0.697187 -0.225623 0.680458
vn -0.656377 -0.270092 0.704428
vn 0.065837 -0.051927 0.996478
vn -0.870328 0.492453 0.004293
vn -0.870302 0.492517 -0.001073
vn -0.923932 -0.382536 -0.003981
vn -0.923554 -0.383468 0.000599
vn -0.674410 0.337854 -0.656526
vn -0.688540 -0.250306 -0.680631
vn -0.688540 -0.250306 -0.680631
vn -0.661853 0.381928 -0.645044
vn -0.222662 0.133318 -0.965737
vn -0.080617 0.740774 -0.666899
vn -0.002966 0.723879 -0.689920
vn 0.041362 -0.010668 -0.999087
vn 0.870200 0.492698 0.000369
vn 0.870200 0.492698 0.000369
vn 0.291647 0.956521 0.003286
vn 0.292805 0.956167 0.003283
vn 0.510164 -0.285990 0.811137
vn 0.513583 -0.281260 0.810633
vn -0.824033 -0.566542 -0.000436
vn -0.824600 -0.565717 -0.000744
vn -0.051301 -0.998665 -0.006074
vn -0.051153 -0.998683 -0.004057
vn 0.079448 -0.041203 -0.995987
vn 0.519233 -0.282197 -0.806698
vn 0.518454 -0.284800 -0.806284
vn -0.867342 0.497693 0.004307
vn -0.867342 0.497693 0.004307
vn -0.146551 0.083899 -0.985639
vn -0.088781 -0.651810 -0.753168
vn -0.706273 -0.048237 0.706294
vn -0.009847 -0.176331 0.984282
vn -0.009847 0.176331 0.984282
vn -0.706273 0.048237 0.706294
vn -0.707090 -0.707123 0.000000
vn -0.984136 -0.177414 0.000000
vn -0.984136 -0.177414 0.000000
vn -0.707090 -0.707123 0.000000
vn -0.002697 -0.707111 0.707097
vn 0.002697 -0.707111 0.707097
vn 0.009847 -0.176332 0.984282
vn 0.706290 -0.048238 0.706277
vn 0.706288 0.048238 0.706279
vn 0.009847 0.176332 0.984282
vn 0.984138 -0.177406 0.000000
vn 0.707107 -0.707107 0.000000
vn 0.707107 -0.707107 -0.000633
vn 0.984180 -0.177154 -0.002321
vn -0.009846 -0.176306 -0.984286
vn -0.706218 -0.048231 -0.706349
vn -0.706218 0.048231 -0.706349
vn -0.009846 0.176306 -0.984286
vn -0.002697 -0.707059 -0.707150
vn 0.000000 -0.177383 -0.984142
vn 0.000000 -0.707061 -0.707152
vn 0.706235 -0.048237 -0.706333
vn 0.706233 0.048236 -0.706334
vn 0.984180 0.177154 -0.002321
vn -0.984136 0.177414 0.000000
vn -0.707090 0.707123 0.000000
vn -0.707090 0.707123 0.000000
vn -0.984136 0.177414 0.000000
vn -0.002697 0.707111 0.707097
vn 0.002697 0.707111 0.707097
vn 0.707107 0.707107 0.000000
vn 0.984138 0.177406 0.000000
vn 0.707107 0.707107 -0.000633
vn 0.000000 0.707061 -0.707152
vn 0.000000 0.177383 -0.984142
vn -0.002697 0.707059 -0.707150
vn 0.000000 1.000000 0.000000
vn 0.000000 1.000000 0.000000
vn 0.000000 1.000000 0.000000
vn 0.000000 1.000000 0.000000
vn 0.000000 -1.000000 0.000000
vn 0.000000 -1.000000 0.000000
vn 0.000000 -1.000000 0.000000
vn 0.000000 -1.000000 0.000000
vn 0.706273 -0.048236 0.706294
vn 0.706273 0.048236 0.706294
vn 0.009847 0.176331 0.984282
vn 0.009847 -0.176331 0.984282
vn 0.707090 -0.707123 0.000000
vn 0.707090 -0.707123 0.000000
vn 0.984136 -0.177414 0.000000
vn 0.984136 -0.177414 0.000000
vn -0.009847 -0.176332 0.984282
vn -0.002697 -0.707111 0.707097
vn 0.002697 -0.707111 0.707097
vn -0.009847 0.176332 0.984282
vn -0.706288 0.048238 0.706279
vn -0.706290 -0.048238 0.706277
vn -0.984138 -0.177406 0.000000
vn -0.984180 -0.177154 -0.002321
vn -0.707107 -0.707107 -0.000633
vn -0.707107 -0.707107 0.000000
vn 0.009846 -0.176306 -0.984286
vn 0.009846 0.176306 -0.984286
vn 0.706218 0.048232 -0.706349
vn 0.706218 -0.048232 -0.706349
vn 0.002697 -0.707059 -0.707149
vn 0.000000 -0.707062 -0.707152
vn 0.000000 -0.177383 -0.984142
vn -0.984180 0.177154 -0.002321
vn -0.706233 0.048236 -0.706334
vn -0.706235 -0.048237 -0.706333
vn 0.984136 0.177414 0.000000
vn 0.984136 0.177414 0.000000
vn 0.707090 0.707123 0.000000
vn 0.707090 0.707123 0.000000
vn 0.002697 0.707111 0.707097
vn -0.002697 0.707111 0.707097
vn -0.707107 0.707107 0.000000
vn -0.707107 0.707107 -0.000633
vn -0.984138 0.177406 0.000000
vn 0.000000 0.707062 -0.707152
vn 0.002697 0.707059 -0.707149
vn 0.000000 0.177383 -0.984142
vn 0.000000 1.000000 0.000000
vn 0.000000 1.000000 0.000000
vn 0.000000 1.000000 0.000000
vn 0.000000 1.000000 0.000000
vn 0.000000 -1.000000 0.000000
vn 0.000000 -1.000000 0.000000
vn 0.000000 -1.000000 0.000000
vn 0.000000 -1.000000 0.000000
vn 0.471981 -0.280781 0.835701
vn 0.841401 -0.197158 0.503163
vn -0.234568 0.144763 0.961261
vn -0.126981 0.074058 0.989137
vn -0.785104 -0.619326 0.006847
vn -0.784142 -0.620528 -0.008149
vn 0.176405 -0.838856 -0.514978
vn -0.153922 -0.988082 -0.001422
vn -0.805279 -0.139556 0.576238
vn -0.724619 0.368784 0.582173
vn -0.937925 -0.346782 0.006237
vn -0.147231 0.074004 -0.986330
vn -0.245092 0.147485 -0.958216
vn 0.464803 -0.278006 -0.840637
vn -0.938157 -0.346191 -0.003649
vn -0.373482 0.210118 -0.903527
vn -0.710972 0.397291 0.580241
vn -0.870812 0.491514 0.010073
vn -0.878136 0.478236 0.012933
vn -0.878185 0.478315 -0.002644
vn -0.870843 0.491562 0.000241
vn -0.717191 0.399115 -0.571266
vn 0.998690 -0.051164 -0.000820
vn 0.933752 0.357905 0.003243
vn 0.932686 0.360373 0.015081
vn 0.907566 0.419812 0.009081
vn -0.287360 0.196358 0.937480
vn 0.007065 0.999892 0.012892
vn 0.007522 0.999925 0.009642
vn 0.477161 0.444772 -0.757955
vn 0.486749 0.435600 -0.757185
vn -0.297330 0.198538 -0.933905
vn -0.313041 0.184413 0.931664
vn 0.908168 0.418589 0.003851
vn -0.056233 0.731727 -0.679274
vn -0.471965 -0.280779 0.835710
vn 0.126983 0.074057 0.989137
vn 0.234569 0.144762 0.961260
vn -0.841400 -0.197140 0.503173
vn 0.785107 -0.619322 0.006847
vn 0.153941 -0.988079 -0.001423
vn -0.176399 -0.838847 -0.514995
vn 0.784148 -0.620521 -0.008149
vn 0.805303 -0.139578 0.576199
vn 0.937926 -0.346781 0.006237
vn 0.724618 0.368787 0.582173
vn 0.147233 0.074006 -0.986329
vn -0.464799 -0.278003 -0.840640
vn 0.245092 0.147485 -0.958216
vn 0.373483 0.210118 -0.903527
vn 0.938157 -0.346190 -0.003649
vn 0.878136 0.478236 0.012933
vn 0.870811 0.491514 0.010073
vn 0.710969 0.397293 0.580243
vn 0.878185 0.478315 -0.002644
vn 0.717176 0.399106 -0.571291
vn 0.870843 0.491562 0.000241
vn -0.932683 0.360381 0.015081
vn -0.933749 0.357913 0.003243
vn -0.998692 -0.051132 -0.000820
vn 0.287362 0.196360 0.937479
vn -0.907563 0.419817 0.009080
vn -0.007089 0.999892 0.012893
vn -0.007546 0.999925 0.009642
vn -0.477189 0.444781 -0.757932
vn 0.297332 0.198539 -0.933904
vn -0.486776 0.435609 -0.757162
vn 0.313045 0.184414 0.931662
vn -0.908165 0.418594 0.003851
vn 0.056206 0.731760 -0.679241
vn 0.779292 0.626478 0.015186
vn 0.527947 0.849179 0.012954
vn 0.307705 0.668565 0.677007
vn 0.379247 0.617960 0.688692
vn 0.997223 0.074451 0.001912
vn 0.997260 0.073939 -0.002321
vn 0.782835 0.622230 0.000442
vn -0.022776 0.020395 0.999533
vn -0.019276 -0.013290 0.999726
vn 0.443387 -0.423385 0.790034
vn 0.448936 -0.418808 0.789339
vn -0.259939 0.218592 0.940558
vn -0.704966 -0.239058 0.667738
vn -0.659594 -0.308541 0.685375
vn -0.719393 -0.694603 -0.000897
vn -0.719696 -0.694289 -0.000895
vn -0.136760 -0.990598 -0.003642
vn -0.136760 -0.990597 -0.003642
vn -0.018778 0.045896 -0.998770
vn -0.247922 0.260732 -0.933035
vn 0.528002 0.849198 -0.008774
vn 0.388860 0.631109 -0.671185
vn 0.448444 -0.408319 -0.795093
vn 0.438742 -0.417533 -0.795721
vn -0.025545 -0.005212 -0.999660
vn -0.662565 -0.304095 -0.684495
vn -0.904715 -0.425885 -0.010613
vn -0.264502 0.224638 -0.937857
vn -0.292365 0.920918 -0.257745
vn -0.064789 0.997873 0.007176
vn -0.566419 0.530377 0.630769
vn -0.569099 0.527973 0.630374
vn -0.259146 0.241347 0.935198
vn -0.994913 0.100697 0.002985
vn -0.916875 0.301931 -0.261109
vn -0.904259 -0.426984 0.000663
vn -0.730631 0.682756 0.004693
vn -0.730631 0.682756 0.004693
vn -0.730631 0.682756 0.004693
vn -0.730631 0.682756 0.004693
vn -0.657246 0.753604 0.010472
vn -0.164611 0.739411 0.652820
vn -0.089068 0.770136 0.631631
vn -0.362054 0.932119 0.008439
vn -0.962006 0.273024 0.001188
vn -0.662012 0.749492 0.001283
vn -0.962161 0.272477 -0.001408
vn 0.151722 0.107226 0.982590
vn -0.425524 -0.306578 0.851434
vn -0.421798 -0.309734 0.852145
vn 0.120985 0.068445 0.990292
vn 0.751665 -0.230812 0.617840
vn 0.908976 -0.416804 0.006081
vn 0.381150 0.260650 0.887010
vn 0.722031 -0.691861 -0.000880
vn 0.130568 -0.991433 -0.003661
vn 0.130568 -0.991433 -0.003661
vn 0.722392 -0.691483 -0.000877
vn 0.152137 0.124302 -0.980512
vn -0.147135 0.748335 -0.646797
vn -0.362002 0.932173 -0.002859
vn 0.386442 0.291609 -0.875001
vn -0.420148 -0.295435 -0.858018
vn 0.127256 0.075678 -0.988979
vn -0.414237 -0.302046 -0.858589
vn 0.754429 -0.226871 -0.615927
vn 0.385882 0.266541 -0.883205
vn 0.908976 -0.416823 -0.004638
vn 0.235538 0.971847 0.005887
vn 0.436357 0.872060 -0.221592
vn 0.672982 0.480999 0.561903
vn 0.387544 0.276382 0.879444
vn 0.941422 0.237753 0.239162
vn 0.942402 0.239746 -0.233238
vn 0.813073 0.582145 0.004504
vn 0.813073 0.582145 0.004504
vn 0.813073 0.582145 0.004504
vn 0.813073 0.582145 0.004504
vn -0.779291 0.626478 0.015186
vn -0.379252 0.617963 0.688687
vn -0.307709 0.668566 0.677004
vn -0.527949 0.849177 0.012953
vn -0.997224 0.074442 0.001912
vn -0.782835 0.622229 0.000442
vn -0.997261 0.073930 -0.002321
vn 0.022778 0.020396 0.999532
vn -0.448947 -0.418820 0.789327
vn -0.443398 -0.423396 0.790022
vn 0.019277 -0.013290 0.999726
vn 0.659603 -0.308549 0.685362
vn 0.704977 -0.239070 0.667722
vn 0.259938 0.218590 0.940559
vn 0.719392 -0.694604 -0.000897
vn 0.136752 -0.990599 -0.003641
vn 0.136752 -0.990599 -0.003641
vn 0.719693 -0.694291 -0.000895
vn 0.018785 0.045899 -0.998770
vn -0.388862 0.631113 -0.671180
vn -0.528003 0.849197 -0.008774
vn 0.247929 0.260736 -0.933032
vn -0.448466 -0.408333 -0.795074
vn 0.025549 -0.005210 -0.999660
vn -0.438763 -0.417547 -0.795702
vn 0.662560 -0.304094 -0.684501
vn 0.264509 0.224642 -0.937855
vn 0.904715 -0.425885 -0.010613
vn 0.064790 0.997873 0.007176
vn 0.292367 0.920918 -0.257743
vn 0.566431 0.530387 0.630750
vn 0.259146 0.241346 0.935198
vn 0.569111 0.527983 0.630355
vn 0.994914 0.100679 0.002985
vn 0.904259 -0.426984 0.000664
vn 0.916879 0.301923 -0.261105
vn 0.730630 0.682757 0.004693
vn 0.730630 0.682757 0.004693
vn 0.730630 0.682757 0.004693
vn 0.730630 0.682757 0.004693
vn -0.315160 0.178722 0.932058
vn 0.021898 0.000954 0.999760
vn -0.020741 0.730052 0.683077
vn -0.099901 0.745203 0.659312
vn -0.694412 0.371084 0.616513
vn -0.886578 0.462430 0.011780
vn -0.312780 0.160549 0.936158
vn -0.019164 0.999808 0.004136
vn -0.020037 0.999791 0.004138
vn -0.493473 0.869748 0.004835
vn -0.493473 0.869747 0.004835
vn -0.932420 -0.361328 0.005927
vn -0.692161 -0.251628 0.676459
vn 0.051127 -0.044827 0.997686
vn -0.886596 0.462532 -0.003391
vn -0.933000 -0.359842 -0.005057
vn -0.302655 0.157298 -0.940030
vn -0.731526 -0.223838 -0.644024
vn -0.731526 -0.223838 -0.644024
vn -0.691696 0.371480 -0.619321
vn -0.303967 0.175107 -0.936452
vn -0.098673 0.746258 -0.658303
vn -0.021918 0.730946 -0.682083
vn 0.029138 -0.000427 -0.999575
vn 0.868116 0.496361 0.000866
vn 0.868116 0.496361 0.000866
vn 0.295700 0.955275 0.003419
vn 0.296949 0.954887 0.003415
vn 0.474255 -0.268289 0.838513
vn 0.479207 -0.261830 0.837739
vn -0.740472 -0.672086 -0.001226
vn -0.743989 -0.668189 -0.001984
vn -0.069690 -0.997545 -0.006890
vn -0.069296 -0.997588 -0.003952
vn 0.066293 -0.037132 -0.997109
vn 0.490495 -0.266389 -0.829730
vn 0.489344 -0.270012 -0.829238
vn -0.882776 0.469776 0.004236
vn -0.882776 0.469776 0.004236
vn -0.145685 -0.643645 -0.751330
vn 0.315157 0.178721 0.932059
vn 0.099901 0.745207 0.659307
vn 0.020748 0.730056 0.683073
vn -0.021898 0.000952 0.999760
vn 0.694418 0.371088 0.616504
vn 0.312775 0.160547 0.936160
vn 0.886578 0.462430 0.011780
vn 0.019165 0.999808 0.004136
vn 0.493444 0.869764 0.004836
vn 0.493444 0.869764 0.004836
vn 0.020039 0.999791 0.004138
vn 0.932419 -0.361332 0.005927
vn -0.051124 -0.044825 0.997686
vn 0.692155 -0.251628 0.676465
vn 0.932999 -0.359844 -0.005057
vn 0.886596 0.462532 -0.003391
vn 0.302652 0.157297 -0.940032
vn 0.745793 -0.666136 -0.007440
vn 0.702734 -0.257781 -0.663109
vn 0.303964 0.175105 -0.936453
vn 0.691709 0.371493 -0.619299
vn 0.098667 0.746314 -0.658240
vn -0.029131 -0.000425 -0.999576
vn 0.021909 0.730998 -0.682028
vn -0.868102 0.496385 0.000866
vn -0.296935 0.954892 0.003416
vn -0.295686 0.955279 0.003419
vn -0.868102 0.496385 0.000866
vn -0.479219 -0.261838 0.837729
vn -0.474267 -0.268297 0.838503
vn 0.740473 -0.672085 -0.001226
vn 0.069320 -0.997587 -0.003952
vn 0.069713 -0.997543 -0.006890
vn -0.066285 -0.037129 -0.997110
vn -0.489320 -0.270000 -0.829256
vn -0.490471 -0.266377 -0.829748
vn 0.882776 0.469776 0.004236
vn 0.882776 0.469776 0.004236
vn 0.494598 0.868994 0.014926
vn 0.400675 0.916171 0.009483
vn 0.132640 0.762349 0.633428
vn 0.158456 0.749622 0.642619
vn -0.760072 -0.173291 0.626307
vn -0.771987 -0.151174 0.617400
vn -0.920931 -0.389655 0.007406
vn -0.883322 -0.468639 0.010906
vn -0.273171 0.242907 -0.930792
vn -0.350991 0.304191 -0.885592
vn -0.150420 0.988064 -0.033209
vn 0.152400 0.752964 -0.640171
vn -0.883367 -0.468578 -0.009914
vn -0.920950 -0.389642 -0.005553
vn -0.664087 0.483440 -0.570329
vn -0.762928 -0.169052 -0.623989
vn -0.394867 0.885315 -0.245553
vn -0.165533 0.986184 0.006285
vn -0.994862 0.101138 0.004598
vn -0.916724 0.307781 -0.254733
vn -0.770911 0.636924 0.004979
vn -0.770911 0.636924 0.004979
vn -0.770911 0.636924 0.004979
vn -0.770911 0.636924 0.004979
vn -0.279805 0.232090 -0.931581
vn -0.279805 0.232090 -0.931581
vn 0.498681 0.866782 0.002343
vn 0.498681 0.866782 0.002343
vn -0.494587 0.869000 0.014925
vn -0.158450 0.749618 0.642625
vn -0.132636 0.762346 0.633432
vn -0.400669 0.916174 0.009483
vn 0.760079 -0.173293 0.626298
vn 0.883325 -0.468635 0.010906
vn 0.920930 -0.389659 0.007406
vn 0.771993 -0.151177 0.617391
vn 0.273167 0.242905 -0.930794
vn -0.152400 0.752979 -0.640154
vn 0.150403 0.988067 -0.033208
vn 0.350986 0.304186 -0.885596
vn 0.883369 -0.468574 -0.009913
vn 0.762941 -0.169075 -0.623967
vn 0.664076 0.483428 -0.570351
vn 0.920948 -0.389646 -0.005552
vn 0.165516 0.986187 0.006286
vn 0.394854 0.885318 -0.245567
vn 0.994867 0.101085 0.004598
vn 0.916728 0.307750 -0.254753
vn 0.770911 0.636924 0.004980
vn 0.770911 0.636924 0.004980
vn 0.770911 0.636924 0.004980
vn 0.770911 0.636924 0.004980
vn 0.279802 0.232087 -0.931583
vn 0.279802 0.232087 -0.931583
vn -0.498670 0.866789 0.002343
vn -0.498670 0.866789 0.002343
vn 0.732668 0.680505 0.010496
vn 0.456071 0.889904 0.008373
vn 0.176987 0.748164 0.639474
vn 0.250764 0.709764 0.658295
vn 0.984088 0.177677 0.000898
vn 0.984191 0.177098 -0.001857
vn 0.736909 0.675992 0.000786
vn -0.141605 0.109392 0.983860
vn -0.136621 0.078637 0.987497
vn 0.416594 -0.335142 0.845061
vn 0.421724 -0.330166 0.844476
vn -0.370380 0.267588 0.889503
vn -0.859069 -0.511819 0.006422
vn -0.701906 -0.286697 0.652022
vn -0.629577 -0.776937 -0.001458
vn -0.629453 -0.777038 -0.001459
vn -0.034052 -0.999412 -0.003920
vn -0.034052 -0.999412 -0.003920
vn -0.139032 0.132863 -0.981335
vn -0.358873 0.307531 -0.881269
vn 0.455985 0.889980 -0.003626
vn 0.198634 0.738377 -0.644472
vn 0.413351 -0.320921 -0.852145
vn 0.408165 -0.325924 -0.852746
vn -0.142168 0.086235 -0.986079
vn -0.705043 -0.281857 -0.650747
vn -0.859267 -0.511492 -0.005991
vn -0.374527 0.273822 -0.885862
vn -0.318190 0.934972 -0.156787
vn -0.165049 0.986268 0.005910
vn -0.651292 0.509267 0.562553
vn -0.975698 0.145918 0.163469
vn -0.367288 0.285980 0.885051
vn -0.976437 0.146940 -0.158048
vn -0.787069 0.616848 0.004574
vn -0.787069 0.616848 0.004574
vn -0.787069 0.616848 0.004574
vn -0.787069 0.616848 0.004574
vn 0.716742 0.284247 -0.636777
vn 0.716742 0.284247 -0.636777
vn 0.716742 0.284247 -0.636777
vn -0.436817 -0.278087 0.855487
vn 0.164675 0.093311 0.981924
vn 0.303731 0.190406 0.933538
vn -0.438663 -0.276529 0.855047
vn 0.795554 -0.605883 -0.000354
vn 0.107621 -0.994185 -0.003812
vn 0.107621 -0.994185 -0.003812
vn 0.794802 -0.606869 -0.000360
vn 0.764757 -0.195939 0.613803
vn 0.914143 -0.405360 0.004983
vn 0.385125 0.237126 0.891880
vn 0.169348 0.099669 -0.980504
vn -0.429732 -0.270894 -0.861363
vn -0.431660 -0.269262 -0.860911
vn 0.311530 0.198722 -0.929225
vn 0.770568 -0.194800 -0.606859
vn 0.394169 0.246152 -0.885460
vn 0.914165 -0.405328 -0.003417
vn 0.845061 0.534598 0.008763
vn 0.845076 0.534642 -0.002283
vn 0.700870 0.445178 0.557313
vn 0.509186 0.321809 0.798228
vn -0.509618 0.322075 0.797846
vn -0.700923 0.445186 0.557241
vn -0.845042 0.534628 0.008782
vn -0.385302 0.237203 0.891783
vn 0.516640 0.330210 -0.789965
vn 0.704380 0.451181 -0.547982
vn -0.703295 0.450486 -0.549945
vn -0.516026 0.329817 -0.790530
vn -0.394146 0.246207 -0.885455
vn -0.845046 0.534689 -0.002283
vn 0.438671 -0.276534 0.855042
vn -0.303719 0.190398 0.933543
vn -0.164398 0.093232 0.981978
vn 0.436730 -0.278177 0.855502
vn -0.311522 0.198717 -0.929228
vn 0.431691 -0.269281 -0.860889
vn 0.429858 -0.270828 -0.861321
vn -0.169237 0.099604 -0.980529
vn -0.914013 -0.405654 0.004990
vn -0.765816 -0.196985 0.612146
vn -0.914099 -0.405478 -0.003416
vn -0.765522 -0.189883 -0.614752
vn -0.107589 -0.994189 -0.003638
vn -0.794892 -0.606751 -0.000322
vn -0.795938 -0.605378 -0.000314
vn -0.107589 -0.994189 -0.003638
vn 0.842610 0.538515 0.003228
vn 0.842610 0.538515 0.003228
vn -0.842610 0.538516 0.003227
vn -0.842609 0.538516 0.003227
vn 0.657132 0.753615 0.015561
vn 0.372146 0.928071 0.013879
vn -0.259878 0.220041 0.940237
vn 0.256882 0.669559 0.696923
vn 0.978287 0.207241 0.002523
vn 0.978404 0.206696 -0.001774
vn 0.660770 0.750587 0.001273
vn -0.016546 0.012145 0.999789
vn 0.000769 -0.019927 0.999801
vn 0.458824 -0.372946 0.806469
vn 0.462096 -0.370147 0.805890
vn -0.259951 0.195200 0.945686
vn -0.921273 -0.388729 0.012041
vn -0.681165 -0.282853 0.675284
vn -0.750921 -0.660392 -0.000654
vn -0.750553 -0.660810 -0.000657
vn -0.121123 -0.992631 -0.003609
vn -0.121123 -0.992631 -0.003609
vn -0.019995 0.032039 -0.999287
vn -0.263263 0.224825 -0.938161
vn 0.372215 0.928110 -0.008234
vn 0.264460 0.682614 -0.681248
vn 0.458453 -0.360680 -0.812238
vn 0.453008 -0.366416 -0.812726
vn -0.005326 -0.012594 -0.999907
vn -0.684791 -0.277682 -0.673761
vn -0.921288 -0.388744 -0.010324
vn -0.264714 0.201145 -0.943116
vn -0.464858 0.806138 -0.366127
vn -0.457331 0.802870 0.382425
vn -0.855627 0.338767 0.391330
vn -0.862963 0.342481 -0.371486
vn -0.780694 0.624896 0.004593
vn -0.780694 0.624896 0.004593
vn -0.780694 0.624896 0.004593
vn -0.780694 0.624896 0.004593
vn -0.657136 0.753611 0.015561
vn -0.256881 0.669562 0.696921
vn 0.259881 0.220039 0.940237
vn -0.372144 0.928071 0.013879
vn -0.978287 0.207239 0.002523
vn -0.660777 0.750581 0.001273
vn -0.978404 0.206693 -0.001774
vn 0.016556 0.012146 0.999789
vn -0.462095 -0.370145 0.805891
vn -0.458824 -0.372944 0.806470
vn -0.000762 -0.019926 0.999801
vn 0.681156 -0.282847 0.675296
vn 0.921275 -0.388725 0.012042
vn 0.259955 0.195198 0.945686
vn 0.750920 -0.660393 -0.000654
vn 0.121096 -0.992634 -0.003609
vn 0.121096 -0.992634 -0.003609
vn 0.750550 -0.660813 -0.000656
vn 0.019993 0.032046 -0.999286
vn -0.264457 0.682616 -0.681247
vn -0.372213 0.928111 -0.008235
vn 0.263265 0.224822 -0.938161
vn -0.458484 -0.360663 -0.812228
vn 0.005321 -0.012587 -0.999907
vn -0.453039 -0.366400 -0.812716
vn 0.684781 -0.277679 -0.673773
vn 0.264713 0.201141 -0.943117
vn 0.921290 -0.388739 -0.010324
vn 0.457312 0.802886 0.382413
vn 0.464845 0.806150 -0.366116
vn 0.855629 0.338775 0.391319
vn 0.862961 0.342490 -0.371482
vn 0.780694 0.624896 0.004593
vn 0.780694 0.624896 0.004593
vn 0.780694 0.624896 0.004593
vn 0.780694 0.624896 0.004593
vn 0.355107 0.264404 0.896655
vn -0.123726 0.992294 0.006667
vn -0.002678 0.756776 0.653669
vn 0.108649 0.087512 0.990221
vn 0.537820 0.809783 0.234523
vn 0.362222 0.258595 0.895502
vn 0.949110 0.226656 0.218669
vn 0.538714 0.811432 -0.226641
vn -0.123257 0.992375 0.000697
vn 0.932090 -0.362210 0.003496
vn 0.124278 0.081496 0.988895
vn 0.789385 -0.166988 0.590751
vn 0.932280 -0.361736 -0.001453
vn 0.950331 0.227196 -0.212726
vn 0.363257 0.261580 -0.894215
vn 0.637152 -0.770720 -0.005336
vn 0.790657 -0.181915 -0.584610
vn 0.356149 0.267385 -0.895356
vn 0.109535 0.090628 -0.989843
vn -0.000117 0.757913 -0.652356
vn -0.917676 0.397329 -0.000358
vn -0.344215 0.938886 0.003009
vn -0.343389 0.939189 0.003012
vn -0.917676 0.397329 -0.000358
vn -0.372312 -0.281565 0.884367
vn -0.369234 -0.285070 0.884535
vn 0.634108 -0.773243 -0.001457
vn 0.136218 -0.990672 -0.003674
vn 0.136763 -0.990590 -0.005154
vn 0.123304 0.088226 -0.988439
vn -0.374993 -0.284699 -0.882229
vn -0.376023 -0.282628 -0.882456
vn 0.815098 0.579306 0.004497
vn 0.815098 0.579306 0.004497
vn 0.815098 0.579306 0.004497
vn 0.815098 0.579306 0.004497
vn 0.941648 0.336601 -0.000000
vn 0.941648 0.336601 -0.000000
vn 0.925703 0.378251 -0.000000
vn 0.925703 0.378251 -0.000000
vn 0.831150 -0.556049 0.000000
vn 0.831149 -0.556050 0.000000
vn 0.924660 -0.380793 0.000000
vn 0.924661 -0.380792 0.000000
vn -0.941648 0.336598 -0.000000
vn -0.941649 0.336598 -0.000000
vn -0.925704 0.378249 -0.000000
vn -0.925704 0.378249 -0.000000
vn -0.831147 -0.556053 -0.000000
vn -0.831147 -0.556053 -0.000000
vn -0.924659 -0.380798 -0.000000
vn -0.924659 -0.380798 -0.000000
vn 0.097139 0.995271 0.000000
vn 0.097139 0.995271 0.000000
vn -0.097139 0.995271 0.000000
vn -0.097139 0.995271 0.000000
vn -0.000026 -0.000013 1.000000
vn -0.000000 -0.000000 1.000000
vn -0.000001 -0.000000 1.000000
vn -0.000026 -0.000013 1.000000
vn -0.000004 0.000000 -1.000000
vn -0.000003 0.000000 -1.000000
vn -0.000001 0.000000 -1.000000
vn -0.000003 0.000000 -1.000000
vn -0.000004 0.000005 1.000000
vn -0.000003 0.000005 1.000000
vn -0.000002 0.000003 1.000000
vn -0.000005 0.000005 1.000000
vn 0.000002 0.000000 -1.000000
vn 0.000000 0.000000 -1.000000
vn 0.000000 0.000000 -1.000000
vn 0.000002 0.000000 -1.000000
vn -0.000002 0.000000 -1.000000
vn 0.000000 0.000000 -1.000000
vn -0.000002 0.000009 1.000000
vn 0.000002 0.000009 1.000000
vn 0.005081 -0.999987 0.000000
vn 0.005081 -0.999987 0.000000
vn -0.005081 -0.999987 -0.000000
vn -0.005081 -0.999987 -0.000000
vn 0.000002 0.000001 1.000000
vn 0.000000 0.000000 -1.000000
vn 0.000000 0.000000 1.000000
vn 0.000000 0.000000 1.000000
vn 0.000000 0.000000 -1.000000
vn 0.000000 0.000000 -1.000000
vn 0.626511 -0.345194 -0.698803
vn 0.136915 -0.088789 -0.986596
vn 0.106172 -0.056547 -0.992739
vn 0.627874 -0.334403 -0.702815
vn 0.164099 -0.986444 0.000391
vn 0.871654 -0.490121 0.000024
vn 0.869550 -0.493845 0.000033
vn 0.002626 -0.999997 0.000006
vn -0.000006 -0.096187 -0.995363
vn -0.000048 -0.716806 -0.697273
vn -0.002698 -0.716201 -0.697889
vn -0.010331 -0.099039 -0.995030
vn -0.706879 -0.025100 -0.706889
vn -0.706879 0.025100 -0.706889
vn -0.010237 0.103911 -0.994534
vn -0.995090 -0.098977 0.000000
vn -0.707107 -0.707106 0.000000
vn -0.707107 -0.707107 0.000000
vn -0.995090 -0.098977 0.000000
vn 0.159772 -0.087491 0.983269
vn 0.635863 -0.348349 0.688717
vn 0.632580 -0.337478 0.697101
vn 0.107852 -0.057538 0.992501
vn 0.868866 -0.495043 0.002161
vn 0.938592 0.345029 0.000257
vn 0.938625 0.344941 0.000257
vn 0.868866 -0.495043 0.002161
vn -0.265760 -0.789804 0.552794
vn -0.995021 -0.097715 0.019626
vn 0.014823 -0.141934 0.989765
vn 0.634068 0.270232 0.724523
vn 0.623065 0.317250 0.714942
vn 0.007165 0.073396 0.997277
vn 0.003533 -0.688387 0.725335
vn -0.009972 -0.098358 0.995101
vn -0.010082 0.096892 0.995244
vn -0.995020 0.097724 0.019624
vn -0.002115 0.726463 -0.687202
vn 0.000006 0.726480 -0.687187
vn 0.000003 0.105844 -0.994383
vn -0.707423 0.706790 -0.000000
vn -0.995099 0.098880 -0.000000
vn -0.995108 0.098796 -0.000000
vn -0.707427 0.706786 -0.000000
vn -0.614955 0.348960 -0.707147
vn -0.869477 0.493386 -0.024078
vn -0.881221 0.472302 -0.019521
vn -0.623956 0.334452 -0.706272
vn -0.276151 0.806939 0.522102
vn 0.001735 0.714687 0.699442
vn 0.051268 0.998685 -0.000057
vn 0.550902 0.834570 -0.000613
vn 0.550941 0.834541 0.002430
vn 0.038088 0.999274 0.000208
vn -0.869517 0.493436 0.021477
vn -0.659982 0.375337 0.650804
vn -0.648212 0.348346 0.677109
vn -0.881234 0.472321 0.018448
vn 0.098221 -0.051531 -0.993830
vn 0.631837 -0.331491 -0.700640
vn 0.632302 -0.302487 0.713229
vn 0.117090 -0.056017 0.991540
vn -0.894019 0.447627 -0.018989
vn -0.637004 0.318894 -0.701807
vn -0.637676 0.319262 0.701029
vn -0.894018 0.447628 0.018989
vn 0.636266 -0.341562 -0.691738
vn 0.636266 -0.341562 -0.691738
vn 0.636248 -0.277647 0.719792
vn 0.000008 -0.359886 0.932996
vn -0.887758 0.459847 -0.020640
vn -0.597695 0.367194 -0.712692
vn -0.599161 0.368065 0.711010
vn -0.887732 0.459895 0.020686
vn -0.123167 0.992226 -0.017837
vn 0.000000 0.999817 -0.019121
vn 0.000000 0.722071 -0.691819
vn -0.122749 0.992277 0.017881
vn 0.000000 0.722084 0.691806
vn 0.000000 0.999817 0.019121
vn -0.506410 0.862293 -0.000074
vn -0.012233 0.999925 -0.000002
vn -0.016808 0.999459 -0.028286
vn -0.386680 0.650096 -0.654105
vn -0.357551 0.645772 0.674637
vn -0.016735 0.999365 0.031446
vn 0.357542 0.645810 0.674606
vn 0.016731 0.999366 0.031439
vn 0.504962 0.863141 -0.000001
vn 0.012234 0.999925 0.000000
vn 0.386680 0.650095 -0.654106
vn 0.016808 0.999459 -0.028286
vn 0.900337 0.435193 0.000001
vn 0.900337 0.435193 0.000001
vn -0.000055 0.001320 -0.999999
vn 0.000000 0.000000 -1.000000
vn -0.000001 0.000000 1.000000
vn 0.000001 0.000000 1.000000
vn 0.000002 0.000000 -1.000000
vn -0.000003 0.000000 1.000000
vn 0.000003 0.000000 -1.000000
vn 0.000001 0.000000 -1.000000
vn -0.012534 -0.006729 -0.999899
vn 0.000000 0.000000 1.000000
vn -0.000002 0.000000 1.000000
vn 0.882607 -0.470111 0.000000
vn 0.882605 -0.470115 0.000000
vn 0.894156 -0.447445 0.016673
vn 0.894153 -0.447451 0.016663
vn 0.000000 -1.000000 0.000000
vn 0.000000 -1.000000 0.000000
vn 0.000000 -1.000000 0.000000
vn 0.000000 1.000000 0.000000
vn 0.000000 1.000000 0.000000
vn 0.000000 1.000000 0.000000
vn 0.000000 1.000000 0.000000
vn 0.000000 1.000000 0.000000
vn 0.000000 1.000000 0.000000
vn 0.000000 1.000000 0.000000
vn 0.000000 1.000000 0.000000
vn 0.000000 1.000000 0.000000
vn 0.000000 1.000000 0.000000
vn -0.876746 0.480954 -0.000000
vn -0.350457 0.616928 0.704684
vn -0.876746 0.480954 0.000000
vn 0.350457 0.616927 0.704685
vn 0.876747 0.480951 -0.000000
vn 0.876747 0.480951 0.000000
vn 0.380041 0.621389 -0.685160
vn -0.380041 0.621390 -0.685159
vn 0.900374 -0.433471 0.037805
vn 0.900374 -0.433471 0.037805
vn 0.023935 -0.728877 -0.684226
vn 0.659790 -0.336319 0.671987
vn 0.004447 0.999984 0.003562
vn 0.000000 -1.000000 0.000000
vn 0.000000 -1.000000 -0.000000
vn 0.000000 1.000000 -0.000000
vn -0.029985 0.722425 -0.690799
vn 0.000000 0.000000 -1.000000
vn 0.000000 0.000000 1.000000
vn -0.626511 -0.345196 -0.698802
vn -0.627868 -0.334403 -0.702820
vn -0.106171 -0.056547 -0.992739
vn -0.136914 -0.088790 -0.986596
vn -0.164100 -0.986444 0.000390
vn -0.002626 -0.999997 0.000006
vn -0.869550 -0.493845 0.000033
vn -0.871654 -0.490121 0.000024
vn 0.000007 -0.096186 -0.995363
vn 0.010331 -0.099039 -0.995030
vn 0.002698 -0.716196 -0.697894
vn 0.000048 -0.716801 -0.697277
vn 0.010237 0.103912 -0.994534
vn 0.706866 0.025099 -0.706903
vn 0.706866 -0.025099 -0.706902
vn 0.995089 -0.098981 0.000001
vn 0.995089 -0.098981 0.000000
vn 0.707099 -0.707115 0.000000
vn 0.707097 -0.707117 0.000000
vn -0.159768 -0.087491 0.983270
vn -0.107851 -0.057538 0.992501
vn -0.632578 -0.337479 0.697103
vn -0.635855 -0.348352 0.688723
vn -0.868866 -0.495043 0.002161
vn -0.868866 -0.495043 0.002161
vn -0.938625 0.344941 0.000257
vn -0.938592 0.345029 0.000257
vn 0.995021 -0.097718 0.019626
vn 0.265759 -0.789805 0.552792
vn -0.014823 -0.141934 0.989765
vn -0.007165 0.073396 0.997277
vn -0.623067 0.317248 0.714941
vn -0.634070 0.270231 0.724521
vn -0.003533 -0.688387 0.725335
vn 0.009972 -0.098358 0.995101
vn 0.995020 0.097726 0.019624
vn 0.010082 0.096893 0.995244
vn -0.000003 0.105844 -0.994383
vn -0.000006 0.726480 -0.687187
vn 0.002115 0.726463 -0.687202
vn 0.707408 0.706805 -0.000001
vn 0.707412 0.706802 -0.000000
vn 0.995107 0.098798 0.000000
vn 0.995099 0.098883 0.000000
vn 0.053128 0.031356 -0.998095
vn 0.623960 0.334455 -0.706268
vn 0.881221 0.472302 -0.019520
vn 0.869254 0.493756 -0.024556
vn 0.276147 0.806943 0.522098
vn -0.001735 0.714687 0.699442
vn -0.051268 0.998685 -0.000057
vn -0.038088 0.999274 0.000208
vn -0.550946 0.834538 0.002430
vn -0.550907 0.834566 -0.000613
vn 0.869517 0.493437 0.021477
vn 0.881234 0.472321 0.018449
vn 0.648206 0.348346 0.677114
vn 0.659978 0.375338 0.650807
vn -0.631828 -0.331489 -0.700649
vn -0.098219 -0.051531 -0.993830
vn -0.117089 -0.056017 0.991540
vn -0.632297 -0.302488 0.713233
vn 0.636999 0.318895 -0.701811
vn 0.894019 0.447627 -0.018989
vn 0.894018 0.447628 0.018989
vn 0.637671 0.319262 0.701033
vn -0.636262 -0.341561 -0.691742
vn -0.636232 -0.277651 0.719805
vn 0.597693 0.367197 -0.712692
vn 0.887758 0.459847 -0.020640
vn 0.887732 0.459895 0.020685
vn 0.599162 0.368067 0.711008
vn 0.123167 0.992226 -0.017837
vn 0.122749 0.992277 0.017880
vn 0.506403 0.862297 -0.000075
vn 0.386680 0.650096 -0.654105
vn 0.016808 0.999459 -0.028287
vn 0.012233 0.999925 -0.000002
vn 0.016735 0.999365 0.031447
vn 0.357552 0.645772 0.674637
vn -0.016731 0.999366 0.031440
vn -0.357541 0.645810 0.674606
vn -0.012234 0.999925 0.000000
vn -0.504960 0.863143 -0.000001
vn -0.016808 0.999459 -0.028287
vn -0.386681 0.650094 -0.654107
vn -0.900337 0.435193 0.000000
vn -0.900337 0.435193 0.000000
vn 0.000001 0.000000 -1.000000
vn 0.000001 0.000000 1.000000
vn 0.000000 0.000000 1.000000
vn -0.000001 0.000000 -1.000000
vn 0.000002 0.000000 1.000000
vn -0.000002 0.000000 -1.000000
vn 0.000003 0.000000 1.000000
vn -0.882607 -0.470111 0.000000
vn -0.882605 -0.470116 0.000000
vn -0.894156 -0.447445 0.016673
vn -0.894153 -0.447452 0.016663
vn 0.000000 -1.000000 -0.000000
vn 0.000000 -1.000000 -0.000000
vn 0.000000 -1.000000 -0.000000
vn 0.000000 1.000000 0.000000
vn 0.000000 1.000000 -0.000000
vn 0.000000 1.000000 0.000000
vn 0.000000 1.000000 0.000000
vn 0.000000 1.000000 0.000000
vn 0.000000 1.000000 0.000000
vn 0.000000 1.000000 -0.000000
vn 0.000000 1.000000 -0.000000
vn 0.000000 1.000000 -0.000000
vn 0.000000 1.000000 -0.000000
vn 0.876746 0.480953 -0.000000
vn 0.876746 0.480954 0.000000
vn 0.350457 0.616928 0.704684
vn -0.350457 0.616927 0.704685
vn -0.876748 0.480950 0.000000
vn -0.876748 0.480950 -0.000000
vn -0.380042 0.621388 -0.685161
vn 0.380042 0.621390 -0.685159
vn -0.900374 -0.433471 0.037805
vn -0.900374 -0.433471 0.037805
vn -0.023936 -0.728878 -0.684225
vn -0.659772 -0.336316 0.672006
vn -0.004447 0.999984 0.003562
vn 0.000000 -1.000000 0.000000
vn -0.000000 -1.000000 -0.000000
vn 0.000000 1.000000 -0.000000
vn -0.355110 0.264407 0.896653
vn -0.108645 0.087511 0.990221
vn 0.002694 0.756783 0.653660
vn 0.123723 0.992294 0.006667
vn -0.537823 0.809797 0.234469
vn -0.949113 0.226687 0.218626
vn -0.362222 0.258595 0.895502
vn 0.123254 0.992375 0.000697
vn -0.538712 0.811432 -0.226643
vn -0.932088 -0.362214 0.003496
vn -0.789410 -0.167020 0.590709
vn -0.124276 0.081494 0.988895
vn -0.950324 0.227223 -0.212728
vn -0.932278 -0.361740 -0.001453
vn -0.363253 0.261577 -0.894217
vn -0.790669 -0.181949 -0.584583
vn -0.637145 -0.770726 -0.005336
vn -0.356144 0.267382 -0.895359
vn 0.000088 0.757908 -0.652361
vn -0.109527 0.090620 -0.989844
vn 0.917684 0.397310 -0.000358
vn 0.917684 0.397310 -0.000358
vn 0.343373 0.939194 0.003012
vn 0.344201 0.938891 0.003009
vn 0.369264 -0.285092 0.884515
vn 0.372343 -0.281588 0.884347
vn -0.634101 -0.773249 -0.001457
vn -0.136703 -0.990599 -0.005154
vn -0.136159 -0.990680 -0.003674
vn -0.123311 0.088231 -0.988438
vn 0.376025 -0.282630 -0.882454
vn 0.374995 -0.284701 -0.882227
vn -0.815098 0.579306 0.004498
vn -0.815098 0.579306 0.004498
vn -0.815098 0.579306 0.004498
vn -0.815098 0.579306 0.004498
vn 0.776926 0.629200 0.022221
vn 0.522372 0.852489 0.019743
vn 0.337598 0.632378 0.697227
vn 0.408981 0.579644 0.704803
vn 0.999440 0.033355 0.002822
vn 0.999460 0.032723 -0.002962
vn 0.778390 0.627781 0.000350
vn 0.027661 -0.026948 0.999254
vn 0.031365 -0.061389 0.997621
vn 0.475756 -0.455452 0.752476
vn 0.481430 -0.450818 0.751657
vn -0.209208 0.171877 0.962648
vn -0.670062 -0.272600 0.690439
vn -0.622479 -0.343329 0.703310
vn -0.731588 -0.681747 -0.000824
vn -0.732015 -0.681288 -0.000821
vn -0.144823 -0.989451 -0.003654
vn -0.144823 -0.989451 -0.003654
vn 0.033149 -0.003046 -0.999446
vn -0.200579 0.215497 -0.955683
vn 0.343124 0.647027 -0.680898
vn 0.415233 0.590234 -0.692247
vn 0.490577 -0.449862 -0.746297
vn 0.481022 -0.458262 -0.747404
vn 0.029939 -0.058016 -0.997867
vn -0.625382 -0.339120 -0.702777
vn -0.675117 -0.265083 -0.688439
vn -0.214524 0.178283 -0.960310
vn 0.523485 0.852032 0.002049
vn -0.064347 0.997919 0.004193
vn -0.064808 0.997857 0.009032
vn -0.544960 0.510211 0.665359
vn -0.547708 0.507693 0.665029
vn -0.209198 0.194832 0.958268
vn -0.994287 0.106708 0.002775
vn -0.994287 0.106708 0.002775
vn -0.907182 -0.420738 0.000649
vn -0.907866 -0.419260 0.000656
vn -0.563131 0.522285 -0.640392
vn -0.557367 0.528354 -0.640457
vn -0.730633 0.682755 0.004691
vn -0.730633 0.682755 0.004691
vn -0.730633 0.682755 0.004691
vn -0.730633 0.682755 0.004691
vn 0.226287 0.132556 0.964999
vn 0.081388 0.739114 0.668645
vn 0.001502 0.722268 0.691612
vn -0.039428 -0.012563 0.999144
vn 0.867309 0.497677 0.009668
vn 0.226241 0.120173 0.966630
vn 0.870286 0.492452 0.009663
vn 0.021212 0.999767 0.004119
vn 0.482812 0.875711 0.004824
vn 0.482812 0.875711 0.004824
vn 0.022043 0.999749 0.004121
vn 0.697180 -0.225633 0.680463
vn -0.065829 -0.051923 0.996479
vn 0.656372 -0.270096 0.704432
vn 0.923554 -0.383468 0.000599
vn 0.923931 -0.382539 -0.003981
vn 0.870302 0.492518 -0.001073
vn 0.223435 0.121254 -0.967147
vn 0.825184 -0.564845 -0.004626
vn 0.672543 -0.267873 -0.689877
vn 0.222659 0.133316 -0.965738
vn 0.661857 0.381929 -0.645039
vn 0.080631 0.740737 -0.666939
vn -0.041367 -0.010670 -0.999087
vn 0.002974 0.723837 -0.689965
vn -0.870212 0.492677 0.000369
vn -0.292810 0.956165 0.003283
vn -0.291647 0.956520 0.003287
vn -0.870212 0.492677 0.000369
vn -0.513591 -0.281265 0.810626
vn -0.510171 -0.285996 0.811130
vn 0.824035 -0.566538 -0.000437
vn 0.051154 -0.998683 -0.004057
vn 0.051302 -0.998665 -0.006074
vn -0.079455 -0.041206 -0.995987
vn -0.518468 -0.284807 -0.806273
vn -0.519247 -0.282204 -0.806686
vn 0.867342 0.497694 0.004307
vn 0.332460 0.282612 0.899778
vn 0.022128 0.999729 0.007176
vn 0.099134 0.747473 0.656854
vn 0.064094 0.064348 0.995867
vn 0.772093 0.635457 0.008202
vn 0.345956 0.283495 0.894396
vn 0.933412 0.287731 0.214368
vn 0.772118 0.635479 0.000989
vn 0.022590 0.999744 0.000861
vn 0.952686 -0.303931 0.003794
vn 0.124196 0.094528 0.987745
vn 0.797186 -0.116836 0.592321
vn 0.952849 -0.303443 -0.001172
vn 0.934452 0.288473 -0.208766
vn 0.660555 0.517889 -0.543561
vn 0.688409 -0.725305 -0.005026
vn 0.799569 -0.131352 -0.586035
vn 0.620194 0.555878 -0.553498
vn -0.324004 -0.240565 -0.914959
vn 0.094704 0.746168 -0.658988
vn -0.889394 0.457141 0.000683
vn -0.163216 0.986583 0.003752
vn -0.161185 0.986917 0.003756
vn -0.889394 0.457141 0.000683
vn -0.332281 -0.287144 0.898408
vn -0.329416 -0.291233 0.898147
vn 0.685498 -0.728073 -0.001134
vn 0.198914 -0.980011 -0.003458
vn 0.199444 -0.979897 -0.004931
vn -0.338669 -0.294850 -0.893514
vn -0.338669 -0.294850 -0.893514
vn -0.339494 -0.292060 -0.894117
vn 0.774931 0.632029 0.004605
vn 0.774931 0.632029 0.004605
vn 0.273496 0.230798 -0.933773
vn 0.273496 0.230798 -0.933773
vn 0.273496 0.230798 -0.933773
vn 0.273496 0.230798 -0.933773
vn 0.732661 0.680513 0.010496
vn 0.456067 0.889906 0.008373
vn 0.176959 0.748140 0.639509
vn 0.250730 0.709750 0.658323
vn 0.984088 0.177679 0.000898
vn 0.984191 0.177099 -0.001857
vn 0.736904 0.675997 0.000786
vn -0.141608 0.109394 0.983860
vn -0.136629 0.078644 0.987496
vn 0.416624 -0.335168 0.845037
vn 0.421754 -0.330191 0.844451
vn -0.370380 0.267588 0.889503
vn -0.741656 -0.229645 0.630246
vn -0.701884 -0.286683 0.652052
vn -0.137307 0.133323 -0.981515
vn -0.358869 0.307529 -0.881271
vn 0.455981 0.889982 -0.003626
vn 0.234296 0.720094 -0.653124
vn 0.417487 -0.315595 -0.852118
vn 0.408170 -0.325926 -0.852742
vn -0.142168 0.086237 -0.986079
vn -0.705058 -0.281880 -0.650721
vn -0.744274 -0.225684 -0.628588
vn -0.374527 0.273824 -0.885861
vn -0.318143 0.934987 -0.156795
vn -0.164987 0.986278 0.005909
vn -0.651274 0.509251 0.562588
vn -0.653967 0.506119 0.562290
vn -0.367295 0.285984 0.885047
vn -0.655508 0.509298 -0.557607
vn -0.787067 0.616851 0.004575
vn -0.787067 0.616851 0.004575
vn -0.787067 0.616851 0.004575
vn -0.787067 0.616851 0.004575
vn -0.321574 0.228512 0.918897
vn 0.046122 -0.020639 0.998723
vn -0.152933 0.715873 0.681276
vn -0.156787 0.987591 0.009049
vn -0.821869 0.569577 0.010608
vn -0.946150 0.185280 0.265465
vn -0.341590 0.229562 0.911382
vn -0.156759 0.987627 0.004348
vn -0.821890 0.569629 0.004478
vn -0.905973 -0.423309 0.004730
vn -0.703889 -0.288691 0.648998
vn -0.037999 0.013992 0.999180
vn -0.947068 0.187055 -0.260908
vn -0.906048 -0.423163 -0.003347
vn -0.333533 0.227771 -0.914809
vn -0.710755 -0.289326 -0.641185
vn -0.604838 -0.796315 -0.007270
vn -0.661907 0.455947 -0.594972
vn -0.313394 0.226713 -0.922163
vn -0.210365 0.733305 -0.646537
vn -0.143017 0.714901 -0.684443
vn 0.051012 -0.019660 -0.998505
vn 0.838574 0.544787 0.001129
vn 0.838574 0.544787 0.001129
vn 0.079745 0.996807 0.003987
vn 0.082990 0.996542 0.003981
vn 0.411168 -0.299907 0.860812
vn 0.413737 -0.293907 0.861650
vn -0.602414 -0.798182 -0.001640
vn -0.076297 -0.997068 -0.005906
vn -0.075837 -0.997113 -0.003859
vn -0.026772 0.018052 -0.999479
vn 0.418049 -0.294005 -0.859532
vn 0.417542 -0.298029 -0.858392
vn -0.825101 0.564967 0.004468
vn -0.825101 0.564967 0.004468
vn 0.321574 0.228514 0.918897
vn 0.156786 0.987591 0.009049
vn 0.152940 0.715885 0.681263
vn -0.046120 -0.020636 0.998723
vn 0.821870 0.569577 0.010608
vn 0.341589 0.229563 0.911382
vn 0.946150 0.185282 0.265464
vn 0.821911 0.569613 -0.001709
vn 0.157466 0.987524 -0.000630
vn 0.905976 -0.423303 0.004730
vn 0.038005 0.013998 0.999180
vn 0.703902 -0.288714 0.648974
vn 0.906050 -0.423158 -0.003347
vn 0.947067 0.187044 -0.260919
vn 0.671502 0.434638 -0.600146
vn 0.604845 -0.796310 -0.007270
vn 0.710773 -0.289306 -0.641174
vn 0.313390 0.226714 -0.922165
vn -0.051009 -0.019662 -0.998505
vn 0.143029 0.714908 -0.684433
vn -0.838568 0.544796 0.001129
vn -0.082992 0.996542 0.003981
vn -0.079747 0.996807 0.003987
vn -0.838568 0.544796 0.001129
vn -0.413743 -0.293905 0.861647
vn -0.411174 -0.299906 0.860809
vn 0.602418 -0.798179 -0.001640
vn 0.075885 -0.997109 -0.003859
vn 0.076344 -0.997064 -0.005906
vn 0.026770 0.018049 -0.999479
vn -0.417523 -0.298026 -0.858403
vn -0.418030 -0.294002 -0.859543
vn 0.825101 0.564967 0.004468
vn 0.825101 0.564967 0.004468
vn 0.237544 0.168105 -0.956720
vn -0.732665 0.680508 0.010496
vn -0.250734 0.709744 0.658328
vn -0.176966 0.748132 0.639516
vn -0.456076 0.889901 0.008372
vn -0.984091 0.177665 0.000898
vn -0.736908 0.675993 0.000785
vn -0.984194 0.177086 -0.001857
vn 0.141606 0.109393 0.983860
vn -0.421757 -0.330191 0.844449
vn -0.416627 -0.335167 0.845035
vn 0.136625 0.078642 0.987496
vn 0.701883 -0.286666 0.652061
vn 0.859052 -0.511848 0.006421
vn 0.370380 0.267589 0.889502
vn 0.629581 -0.776933 -0.001459
vn 0.034039 -0.999413 -0.003919
vn 0.034039 -0.999413 -0.003919
vn 0.629464 -0.777028 -0.001460
vn 0.137314 0.133327 -0.981514
vn -0.234304 0.720099 -0.653116
vn -0.455991 0.889977 -0.003627
vn 0.358871 0.307531 -0.881270
vn -0.417504 -0.315606 -0.852105
vn 0.142171 0.086238 -0.986078
vn -0.408186 -0.325938 -0.852730
vn 0.705050 -0.281878 -0.650729
vn 0.374528 0.273824 -0.885861
vn 0.859249 -0.511523 -0.005992
vn 0.164991 0.986277 0.005908
vn 0.318143 0.934987 -0.156796
vn 0.651270 0.509247 0.562596
vn 0.367293 0.285984 0.885047
vn 0.975703 0.145869 0.163483
vn 0.976443 0.146895 -0.158050
vn 0.787066 0.616852 0.004575
vn 0.787066 0.616852 0.004575
vn 0.787066 0.616852 0.004575
vn 0.787066 0.616852 0.004575
vn 0.299374 0.232272 0.925433
vn -0.153146 0.988187 0.005709
vn -0.001159 0.754373 0.656445
vn 0.119782 0.097391 0.988012
vn 0.517234 0.821133 0.241264
vn 0.305914 0.229647 0.923948
vn 0.945121 0.237621 0.224238
vn 0.362313 0.932045 0.004701
vn -0.153220 0.988186 0.003603
vn 0.913447 -0.406950 0.002496
vn 0.138339 0.099133 0.985411
vn 0.787376 -0.166138 0.593665
vn 0.913610 -0.406590 -0.000932
vn 0.946386 0.238152 -0.218260
vn 0.306965 0.233168 -0.922716
vn 0.812552 -0.127346 -0.568808
vn 0.812552 -0.127346 -0.568808
vn 0.300420 0.235787 -0.924204
vn 0.662763 0.495060 -0.561836
vn 0.011383 0.758850 -0.651166
vn 0.121807 0.102150 -0.987283
vn -0.020172 0.747667 -0.663767
vn -0.930838 0.365431 -0.000555
vn -0.296306 0.955088 0.003145
vn -0.295774 0.955253 0.003147
vn -0.930839 0.365431 -0.000555
vn -0.394312 -0.316035 0.862925
vn -0.393024 -0.317032 0.863147
vn 0.697146 -0.716928 -0.001039
vn 0.171353 -0.985204 -0.003500
vn 0.171674 -0.985144 -0.004440
vn 0.695967 -0.718073 -0.001257
vn 0.138756 0.105531 -0.984688
vn -0.392660 -0.312602 -0.864927
vn -0.393322 -0.311246 -0.865115
vn 0.802534 0.596589 0.004508
vn 0.802534 0.596590 0.004508
vn 0.802534 0.596590 0.004508
vn 0.802534 0.596589 0.004508
vn -0.591342 0.333239 0.734348
vn -0.591342 0.333239 0.734348
vn -0.591342 0.333239 0.734348
vn 0.345674 -0.676405 -0.650373
vn -0.299377 0.232274 0.925431
vn -0.119780 0.097390 0.988012
vn 0.295535 0.955316 0.005507
vn 0.153157 0.988185 0.005709
vn -0.517173 0.821169 0.241274
vn -0.945112 0.237636 0.224258
vn -0.305911 0.229645 0.923949
vn 0.153231 0.988184 0.003603
vn -0.362227 0.932078 0.004701
vn -0.913451 -0.406942 0.002496
vn -0.787377 -0.166155 0.593658
vn -0.138342 0.099136 0.985410
vn -0.946382 0.238163 -0.218267
vn -0.913612 -0.406586 -0.000931
vn -0.306966 0.233168 -0.922716
vn -0.812581 -0.127378 -0.568760
vn -0.812581 -0.127378 -0.568760
vn -0.662754 0.495052 -0.561854
vn -0.300423 0.235789 -0.924202
vn -0.011374 0.758900 -0.651108
vn 0.020183 0.747716 -0.663712
vn -0.121809 0.102153 -0.987283
vn 0.930828 0.365457 -0.000555
vn 0.930828 0.365457 -0.000555
vn 0.295776 0.955252 0.003147
vn 0.393051 -0.317054 0.863127
vn 0.394340 -0.316057 0.862905
vn -0.697145 -0.716930 -0.001039
vn -0.695965 -0.718075 -0.001257
vn -0.171605 -0.985156 -0.004440
vn -0.171285 -0.985215 -0.003500
vn -0.138759 0.105535 -0.984687
vn 0.393306 -0.311228 -0.865129
vn 0.392644 -0.312584 -0.864940
vn -0.802534 0.596589 0.004508
vn -0.802534 0.596589 0.004508
vn -0.802534 0.596589 0.004508
vn -0.802534 0.596589 0.004508
vn 0.591359 0.333217 0.734344
vn 0.591359 0.333217 0.734344
vn 0.591359 0.333217 0.734344
vn -0.345614 -0.676385 -0.650426
vn -0.776922 0.629205 0.022221
vn -0.408972 0.579636 0.704815
vn -0.337590 0.632370 0.697238
vn -0.522371 0.852490 0.019743
vn -0.999439 0.033358 0.002822
vn -0.778387 0.627784 0.000350
vn -0.999460 0.032726 -0.002962
vn -0.027660 -0.026950 0.999254
vn -0.481425 -0.450828 0.751654
vn -0.475752 -0.455462 0.752472
vn -0.031362 -0.061389 0.997621
vn 0.622484 -0.343329 0.703306
vn 0.670064 -0.272598 0.690438
vn 0.209206 0.171875 0.962648
vn 0.731586 -0.681749 -0.000823
vn 0.144837 -0.989449 -0.003653
vn 0.144837 -0.989449 -0.003653
vn 0.732013 -0.681290 -0.000820
vn -0.033148 -0.003046 -0.999446
vn -0.415231 0.590237 -0.692245
vn -0.343124 0.647034 -0.680891
vn 0.200582 0.215500 -0.955681
vn -0.490563 -0.449860 -0.746307
vn -0.029938 -0.058015 -0.997867
vn -0.481008 -0.458260 -0.747415
vn 0.625364 -0.339109 -0.702798
vn 0.214525 0.178284 -0.960309
vn 0.675101 -0.265063 -0.688462
vn 0.064791 0.997858 0.009033
vn 0.064330 0.997920 0.004193
vn -0.523484 0.852033 0.002048
vn 0.544971 0.510213 0.665349
vn 0.209198 0.194832 0.958268
vn 0.547719 0.507694 0.665019
vn 0.994282 0.106752 0.002775
vn 0.907868 -0.419257 0.000657
vn 0.907183 -0.420736 0.000650
vn 0.994282 0.106752 0.002775
vn 0.563140 0.522288 -0.640382
vn 0.557377 0.528356 -0.640446
vn 0.730633 0.682755 0.004690
vn 0.730633 0.682755 0.004690
vn 0.730633 0.682755 0.004690
vn 0.730633 0.682755 0.004690
vn -0.626511 -0.345197 0.698802
vn -0.136917 -0.088791 0.986595
vn -0.106174 -0.056548 0.992738
vn -0.627875 -0.334406 0.702812
vn -0.164099 -0.986444 -0.000391
vn -0.871654 -0.490121 -0.000024
vn -0.869550 -0.493845 -0.000033
vn -0.002626 -0.999997 -0.000006
vn 0.000006 -0.096188 0.995363
vn 0.000048 -0.716809 0.697270
vn 0.002698 -0.716204 0.697886
vn 0.010331 -0.099040 0.995030
vn 0.706883 -0.025101 0.706885
vn 0.706883 0.025101 0.706885
vn 0.010238 0.103912 0.994534
vn 0.995090 -0.098977 -0.000000
vn 0.707112 -0.707102 -0.000000
vn 0.707112 -0.707101 0.000000
vn 0.995090 -0.098977 0.000000
vn -0.159769 -0.087490 -0.983270
vn -0.635860 -0.348346 -0.688722
vn -0.632580 -0.337475 -0.697103
vn -0.107852 -0.057537 -0.992501
vn -0.868871 -0.495034 -0.002161
vn -0.938592 0.345030 -0.000257
vn -0.938624 0.344942 -0.000257
vn -0.868871 -0.495034 -0.002161
vn 0.265761 -0.789803 -0.552795
vn 0.995021 -0.097715 -0.019626
vn -0.014823 -0.141934 -0.989765
vn -0.634073 0.270230 -0.724519
vn -0.623069 0.317247 -0.714940
vn -0.007165 0.073396 -0.997277
vn -0.003533 -0.688389 -0.725333
vn 0.009973 -0.098358 -0.995101
vn 0.010082 0.096893 -0.995244
vn 0.995020 0.097722 -0.019624
vn 0.002115 0.726467 0.687199
vn -0.000006 0.726483 0.687184
vn -0.000003 0.105845 0.994383
vn 0.707423 0.706790 0.000000
vn 0.995100 0.098878 -0.000000
vn 0.995108 0.098794 0.000000
vn 0.707427 0.706786 0.000000
vn 0.614967 0.348965 0.707135
vn 0.869477 0.493387 0.024078
vn 0.881221 0.472302 0.019520
vn 0.623964 0.334455 0.706264
vn 0.276151 0.806939 -0.522102
vn -0.001735 0.714687 -0.699442
vn -0.051268 0.998685 0.000057
vn -0.550907 0.834566 0.000613
vn -0.550946 0.834538 -0.002430
vn -0.038088 0.999274 -0.000208
vn 0.869517 0.493436 -0.021477
vn 0.659987 0.375332 -0.650801
vn 0.648213 0.348344 -0.677109
vn 0.881234 0.472321 -0.018448
vn -0.098220 -0.051532 0.993830
vn -0.631839 -0.331495 0.700636
vn -0.632295 -0.302487 -0.713235
vn -0.117090 -0.056017 -0.991540
vn 0.894019 0.447627 0.018989
vn 0.637002 0.318896 0.701808
vn 0.637670 0.319263 -0.701034
vn 0.894018 0.447628 -0.018989
vn 0.000000 -0.013277 0.999912
vn -0.636264 -0.341567 0.691737
vn -0.636231 -0.277649 -0.719806
vn -0.636231 -0.277649 -0.719806
vn 0.887758 0.459848 0.020640
vn 0.597682 0.367198 0.712700
vn 0.599152 0.368066 -0.711016
vn 0.887732 0.459896 -0.020686
vn 0.123167 0.992226 0.017837
vn 0.000000 0.999817 0.019121
vn 0.000000 0.722071 0.691819
vn 0.122749 0.992277 -0.017881
vn 0.000000 0.722080 -0.691809
vn 0.000000 0.999817 -0.019121
vn 0.506412 0.862292 0.000075
vn 0.012233 0.999925 0.000002
vn 0.016808 0.999459 0.028286
vn 0.386680 0.650096 0.654106
vn 0.357550 0.645772 -0.674638
vn 0.016735 0.999365 -0.031446
vn -0.357541 0.645810 -0.674606
vn -0.016731 0.999366 -0.031439
vn -0.504959 0.863143 0.000001
vn -0.012234 0.999925 -0.000000
vn -0.386681 0.650095 0.654106
vn -0.016808 0.999459 0.028286
vn -0.900337 0.435193 -0.000001
vn -0.900337 0.435193 -0.000001
vn 0.000054 0.001320 0.999999
vn -0.000001 0.000000 1.000000
vn 0.000000 0.000000 -1.000000
vn 0.000000 0.000000 -1.000000
vn 0.000000 0.000000 1.000000
vn 0.000000 0.000000 -1.000000
vn 0.000000 0.000000 1.000000
vn 0.000000 0.000000 1.000000
vn 0.000000 0.000000 -0.000000
vn 0.000000 0.000000 -1.000000
vn 0.000000 0.000000 -1.000000
vn -0.882607 -0.470111 -0.000000
vn -0.882605 -0.470115 -0.000000
vn -0.894156 -0.447445 -0.016673
vn -0.894153 -0.447451 -0.016663
vn 0.000000 -1.000000 0.000000
vn 0.000000 -1.000000 0.000000
vn 0.000000 -1.000000 0.000000
vn 0.000000 1.000000 0.000000
vn 0.000000 1.000000 -0.000000
vn 0.000000 1.000000 -0.000000
vn 0.000000 1.000000 0.000000
vn 0.000000 1.000000 -0.000000
vn 0.000000 1.000000 0.000000
vn 0.000000 1.000000 -0.000000
vn 0.000000 1.000000 -0.000000
vn 0.000000 1.000000 -0.000000
vn 0.000000 1.000000 -0.000000
vn 0.876746 0.480954 0.000000
vn 0.350458 0.616928 -0.704684
vn 0.876746 0.480954 -0.000000
vn -0.350457 0.616927 -0.704685
vn -0.876748 0.480951 0.000000
vn -0.876748 0.480950 -0.000000
vn -0.380042 0.621388 0.685160
vn 0.380042 0.621390 0.685159
vn -0.900374 -0.433471 -0.037805
vn -0.900374 -0.433471 -0.037805
vn -0.023938 -0.728880 0.684223
vn -0.659768 -0.336308 -0.672014
vn -0.004447 0.999984 -0.003562
vn 0.000000 -1.000000 0.000000
vn -0.000000 -1.000000 0.000000
vn 0.000000 1.000000 0.000000
vn 0.029991 0.722426 0.690797
vn 0.000000 0.000000 1.000000
vn 0.000000 0.000000 -1.000000
vn 0.626514 -0.345200 0.698797
vn 0.627874 -0.334406 0.702814
vn 0.106174 -0.056548 0.992738
vn 0.136916 -0.088791 0.986595
vn 0.164099 -0.986444 -0.000390
vn 0.002626 -0.999997 -0.000006
vn 0.869550 -0.493845 -0.000033
vn 0.871654 -0.490121 -0.000024
vn -0.000007 -0.096187 0.995363
vn -0.010331 -0.099039 0.995030
vn -0.002698 -0.716199 0.697891
vn -0.000048 -0.716805 0.697274
vn -0.010238 0.103913 0.994534
vn -0.706876 0.025100 0.706892
vn -0.706877 -0.025100 0.706891
vn -0.995090 -0.098979 -0.000000
vn -0.995089 -0.098979 0.000000
vn -0.707107 -0.707107 0.000000
vn -0.707107 -0.707107 0.000000
vn 0.159769 -0.087489 -0.983270
vn 0.107851 -0.057537 -0.992501
vn 0.632580 -0.337475 -0.697103
vn 0.635860 -0.348346 -0.688721
vn 0.868866 -0.495043 -0.002161
vn 0.868866 -0.495043 -0.002161
vn 0.938624 0.344941 -0.000257
vn 0.938592 0.345029 -0.000257
vn -0.995021 -0.097718 -0.019626
vn -0.265760 -0.789805 -0.552793
vn 0.014823 -0.141934 -0.989765
vn 0.007165 0.073396 -0.997277
vn 0.623069 0.317248 -0.714940
vn 0.634073 0.270230 -0.724519
vn 0.003533 -0.688389 -0.725333
vn -0.009973 -0.098358 -0.995101
vn -0.995020 0.097723 -0.019624
vn -0.010082 0.096893 -0.995244
vn 0.000003 0.105845 0.994383
vn 0.000006 0.726484 0.687184
vn -0.002115 0.726467 0.687199
vn -0.707418 0.706795 0.000000
vn -0.707419 0.706794 0.000000
vn -0.995108 0.098796 -0.000000
vn -0.995099 0.098880 -0.000000
vn -0.614975 0.348969 0.707125
vn -0.623968 0.334456 0.706260
vn -0.881221 0.472302 0.019520
vn -0.869477 0.493387 0.024077
vn -0.276148 0.806942 -0.522099
vn 0.001735 0.714687 -0.699442
vn 0.051268 0.998685 0.000057
vn 0.038088 0.999274 -0.000208
vn 0.550948 0.834536 -0.002430
vn 0.550910 0.834565 0.000613
vn -0.869517 0.493436 -0.021477
vn -0.881234 0.472321 -0.018449
vn -0.648211 0.348342 -0.677111
vn -0.659988 0.375331 -0.650801
vn 0.631833 -0.331492 0.700643
vn 0.098221 -0.051532 0.993830
vn 0.117090 -0.056016 -0.991540
vn 0.632294 -0.302487 -0.713236
vn -0.637002 0.318895 0.701808
vn -0.894019 0.447627 0.018989
vn -0.894018 0.447628 -0.018989
vn -0.637669 0.319262 -0.701035
vn 0.636260 -0.341566 0.691741
vn 0.636230 -0.277649 -0.719807
vn 0.636230 -0.277649 -0.719807
vn -0.597687 0.367199 0.712696
vn -0.887758 0.459847 0.020640
vn -0.887732 0.459895 -0.020686
vn -0.599156 0.368068 -0.711012
vn -0.123167 0.992226 0.017837
vn -0.122749 0.992277 -0.017880
vn -0.506406 0.862295 0.000075
vn -0.386681 0.650095 0.654105
vn -0.016808 0.999459 0.028287
vn -0.012233 0.999925 0.000002
vn -0.016735 0.999365 -0.031446
vn -0.357551 0.645772 -0.674638
vn 0.016731 0.999366 -0.031440
vn 0.357542 0.645810 -0.674607
vn 0.012234 0.999925 -0.000000
vn 0.504962 0.863142 0.000001
vn 0.016808 0.999459 0.028287
vn 0.386681 0.650094 0.654106
vn 0.900337 0.435193 -0.000000
vn 0.900337 0.435193 -0.000000
vn 0.000001 0.000000 1.000000
vn -0.000054 0.001320 0.999999
vn 0.000000 0.000000 -1.000000
vn 0.000000 0.000000 -1.000000
vn 0.000001 0.000000 1.000000
vn 0.000000 0.000000 -1.000000
vn 0.000001 0.000000 1.000000
vn 0.000001 0.000000 -1.000000
vn 0.882607 -0.470111 -0.000000
vn 0.882605 -0.470116 -0.000000
vn 0.894156 -0.447445 -0.016673
vn 0.894153 -0.447452 -0.016663
vn 0.000000 -1.000000 0.000000
vn 0.000000 -1.000000 0.000000
vn 0.000000 -1.000000 0.000000
vn 0.000000 1.000000 -0.000000
vn 0.000000 1.000000 0.000000
vn 0.000000 1.000000 -0.000000
vn 0.000000 1.000000 -0.000000
vn 0.000000 1.000000 -0.000000
vn 0.000000 1.000000 -0.000000
vn 0.000000 1.000000 0.000000
vn 0.000000 1.000000 0.000000
vn 0.000000 1.000000 0.000000
vn 0.000000 1.000000 0.000000
vn -0.876746 0.480953 0.000000
vn -0.876746 0.480953 -0.000000
vn -0.350458 0.616928 -0.704684
vn 0.350457 0.616926 -0.704685
vn 0.876748 0.480950 -0.000000
vn 0.876748 0.480950 0.000000
vn 0.380042 0.621388 0.685161
vn -0.380042 0.621390 0.685159
vn 0.900374 -0.433471 -0.037805
vn 0.900374 -0.433471 -0.037805
vn 0.023938 -0.728882 0.684221
vn 0.659767 -0.336314 -0.672013
vn 0.004447 0.999984 -0.003562
vn 0.000000 -1.000000 0.000000
vn 0.000000 -1.000000 0.000000
vn 0.000000 1.000000 0.000000
vn -0.029994 0.722434 0.690789
vn -0.663737 0.747888 0.010841
vn -0.178732 0.732495 0.656891
vn -0.101854 0.763377 0.637873
vn -0.367910 0.929821 0.008676
vn -0.962744 0.270411 0.001308
vn -0.668409 0.743793 0.001240
vn -0.962904 0.269839 -0.001427
vn 0.155250 0.097878 0.983014
vn -0.448263 -0.288231 0.846158
vn -0.444517 -0.292590 0.846638
vn 0.143627 0.070321 0.987130
vn 0.676150 -0.346947 0.649961
vn 0.809875 -0.586573 0.005891
vn 0.394833 0.236116 0.887894
vn 0.556879 -0.830592 -0.001868
vn -0.056286 -0.998406 -0.004155
vn -0.056286 -0.998406 -0.004155
vn 0.556708 -0.830706 -0.001869
vn 0.154336 0.118979 -0.980828
vn -0.161717 0.741515 -0.651155
vn -0.367839 0.929884 -0.003143
vn 0.391154 0.271322 -0.879422
vn -0.442329 -0.274902 -0.853683
vn 0.149441 0.077714 -0.985712
vn -0.435629 -0.283869 -0.854193
vn 0.679350 -0.342134 -0.649175
vn 0.399148 0.242211 -0.884316
vn 0.810099 -0.586260 -0.006325
vn 0.258323 0.966040 0.006047
vn 0.430867 0.883304 -0.184736
vn 0.697336 0.446479 0.560695
vn 0.395661 0.252115 0.883114
vn 0.978163 0.082272 0.190864
vn 0.978990 0.083445 -0.186050
vn 0.841499 0.540241 0.004410
vn 0.841499 0.540241 0.004410
vn 0.841499 0.540241 0.004410
vn 0.841499 0.540241 0.004410
s 1
g polySurface240
usemtl lambert18SG
f 3406/4967/3679 3419/4968/3680 3420/4969/3681 3408/4970/3682
f 3407/4971/3683 3410/4972/3684 3411/4973/3685 3406/4967/3679
f 3408/4974/3682 3415/4975/3686 3416/4976/3687 3407/4977/3683
f 3409/4978/3688 3421/4979/3689 3422/4980/3690 3411/4973/3685
f 3410/4981/3684 3413/4982/3691 3414/4983/3692 3409/4984/3688
f 3412/4985/3693 3424/4986/3694 3425/4987/3695 3414/4983/3692
f 3413//3691 3416//3687 3417//3696 3412//3693
f 3415/4988/3686 3427/4989/3697 3428/4990/3698 3417/4991/3696
f 3418/4992/3699 3429/4993/3700 3427/4994/3701 3420/4995/3702
f 3419/4968/3680 3422/4980/3690 3423/4996/3703 3418/4997/3704
f 3421/4998/3705 3425/4987/3695 3426/4999/3706 3423/5000/3707
f 3424/5001/3708 3428/4990/3698 3429/5002/3709 3426/5003/3710
f 3407/5004/3683 3416/5005/3687 3413/5006/3691 3410/5007/3711
f 3419/4968/3680 3406/4967/3679 3411/4973/3685 3422/4980/3690
f 3421/4998/3705 3409/4984/3688 3414/4983/3692 3425/4987/3695
f 3424/5001/3708 3412/5008/3712 3417/4991/3696 3428/4990/3698
f 3427/4994/3701 3415/4975/3686 3408/4974/3682 3420/4995/3702
f 3406/4967/3679 3408/4970/3682 3407/4971/3683
f 3409/4978/3688 3411/4973/3685 3410/4972/3684
f 3412/4985/3693 3414/4983/3692 3413/4982/3691
f 3415//3686 3417//3696 3416//3687
f 3418/4997/3704 3420/4969/3681 3419/4968/3680
f 3421/4979/3689 3423/4996/3703 3422/4980/3690
f 3424/4986/3694 3426/4999/3706 3425/4987/3695
s off
f 3427/5009/3713 3429/5010/3714 3428/5011/3715
s 8
f 3430/5012/3716 3442/5013/3717 3443/5014/3718 3432/5015/3719
f 3431/5016/3720 3437/5017/3721 3438/5018/3722 3430/5012/3716
f 3432/5019/3723 3433/5020/3724 3434/5021/3725 3431/5022/3726
f 3433/5020/3724 3446/5023/3727 3447/5024/3728 3435/5025/3729
f 3435/5026/3730 3439/5027/3731 3440/5028/3732 3434/5029/3733
f 3436/5030/3734 3452/5031/3735 3453/5032/3736 3438/5033/3737
f 3437/5034/3738 3440/5035/3739 3441/5036/3740 3436/5030/3734
f 3439/5037/3741 3449/5038/3742 3450/5039/3743 3441/5036/3740
f 3442/5013/3717 3453/5040/3736 3451/5041/3744 3444/5042/3745
f 3444/5043/3746 3445/5044/3747 3446/5023/3727 3443/5045/3748
f 3445/5046/3747 3448/5047/3749 3449/5048/3742 3447/5049/3728
f 3448/5050/3749 3451/5051/3744 3452/5031/3735 3450/5039/3743
s off
f 3444/5052/3750 3451/5053/3751 3448/5054/3752 3445/5055/3753
s 8
f 3432/5019/3723 3443/5045/3748 3446/5023/3727 3433/5020/3724
f 3435/5026/3730 3447/5049/3728 3449/5048/3742 3439/5027/3731
f 3441/5036/3740 3450/5039/3743 3452/5031/3735 3436/5030/3734
f 3438/5018/3722 3453/5040/3736 3442/5013/3717 3430/5012/3716
f 3430/5012/3716 3432/5015/3719 3431/5016/3720
f 3433/5020/3724 3435/5025/3729 3434/5021/3725
f 3436/5030/3734 3438/5033/3737 3437/5034/3738
f 3439/5037/3741 3441/5036/3740 3440/5035/3739
f 3442/5013/3717 3444/5042/3745 3443/5014/3718
f 3445/5044/3747 3447/5024/3728 3446/5023/3727
f 3448/5050/3749 3450/5039/3743 3449/5038/3742
f 3451/5051/3744 3453/5032/3736 3452/5031/3735
s 14
f 3454/5056/3754 3466/5057/3755 3467/5058/3756 3456/5059/3757
f 3455/5060/3758 3461/5061/3759 3462/5062/3760 3454/5056/3754
f 3456/5063/3761 3457/5064/3762 3458/5065/3763 3455/5066/3764
f 3457/5064/3762 3470/5067/3765 3471/5068/3766 3459/5069/3767
f 3459/5070/3768 3463/5071/3769 3464/5072/3770 3458/5073/3771
f 3460/5074/3772 3476/5075/3773 3477/5076/3774 3462/5077/3775
f 3461/5078/3776 3464/5079/3777 3465/5080/3778 3460/5074/3772
f 3463/5081/3779 3473/5082/3780 3474/5083/3781 3465/5080/3778
f 3466/5057/3755 3477/5084/3774 3475/5085/3782 3468/5086/3783
f 3468/5087/3784 3469/5088/3785 3470/5067/3765 3467/5089/3786
f 3469/5090/3785 3472/5091/3787 3473/5092/3780 3471/5093/3766
f 3472/5094/3787 3475/5095/3782 3476/5075/3773 3474/5083/3781
s off
f 3468/5096/3788 3475/5097/3789 3472/5098/3790 3469/5099/3791
s 14
f 3456/5063/3761 3467/5089/3786 3470/5067/3765 3457/5064/3762
f 3459/5070/3768 3471/5093/3766 3473/5092/3780 3463/5071/3769
f 3465/5080/3778 3474/5083/3781 3476/5075/3773 3460/5074/3772
f 3462/5062/3760 3477/5084/3774 3466/5057/3755 3454/5056/3754
f 3454/5056/3754 3456/5059/3757 3455/5060/3758
f 3457/5064/3762 3459/5069/3767 3458/5065/3763
f 3460/5074/3772 3462/5077/3775 3461/5078/3776
f 3463/5081/3779 3465/5080/3778 3464/5079/3777
f 3466/5057/3755 3468/5086/3783 3467/5058/3756
f 3469/5088/3785 3471/5068/3766 3470/5067/3765
f 3472/5094/3787 3474/5083/3781 3473/5082/3780
f 3475/5095/3782 3477/5076/3774 3476/5075/3773
s 20
f 3478/5100/3792 3480/5101/3793 3495/5102/3794 3494/5103/3795
f 3479/5104/3796 3478/5105/3797 3483/5106/3798 3482/5107/3799
f 3480/5101/3793 3479/5108/3800 3486/5109/3801 3485/5110/3802
f 3481/5111/3803 3483/5112/3804 3497/5113/3805 3496/5114/3806
f 3482/5115/3807 3481/5111/3803 3491/5116/3808 3490/5117/3809
f 3484/5118/3810 3486/5119/3801 3490/5120/3809 3489/5121/3811
f 3485/5110/3802 3484/5122/3810 3488/5123/3812 3487/5124/3813
s 23
f 3487/5125/3814 3488/5126/3815 3499/5127/3816 3498/5128/3817
s 20
f 3489/5129/3811 3491/5116/3808 3493/5130/3818 3492/5131/3819
s 23
f 3492/5132/3820 3493/5133/3821 3503/5134/3822 3502/5135/3823
f 3494/5136/3824 3495/5137/3825 3504/5138/3826 3506/5139/3827
f 3496/5140/3828 3497/5141/3829 3507/5142/3830 3509/5143/3831
f 3498/5128/3817 3500/5144/3832 3505/5145/3833 3504/5138/3826
f 3500/5146/3832 3499/5147/3816 3502/5148/3823 3501/5149/3834
f 3501/5150/3834 3503/5134/3822 3509/5143/3831 3508/5151/3835
f 3506/5152/3836 3505/5153/3837 3508/5154/3838 3507/5155/3839
s 20
f 3488/5156/3840 3484/5157/3810 3489/5158/3811 3492/5159/3841
f 3479/5104/3796 3482/5107/3799 3490/5120/3809 3486/5119/3801
f 3481/5111/3803 3496/5114/3806 3493/5130/3818 3491/5116/3808
f 3487/5124/3813 3495/5102/3794 3480/5101/3793 3485/5110/3802
s 23
f 3488/5160/3842 3492/5161/3843 3502/5162/3823 3499/5163/3816
f 3505/5153/3837 3500/5146/3832 3501/5149/3834 3508/5154/3838
f 3509/5143/3831 3503/5134/3822 3493/5133/3821 3496/5140/3828
f 3487/5125/3814 3498/5128/3817 3504/5138/3826 3495/5137/3825
s 20
f 3478/5100/3792 3479/5108/3800 3480/5101/3793
f 3481/5111/3803 3482/5115/3807 3483/5112/3804
f 3484/5122/3810 3485/5110/3802 3486/5109/3801
f 3489/5129/3811 3490/5117/3809 3491/5116/3808
s 23
f 3498/5128/3817 3499/5127/3816 3500/5144/3832
f 3501/5150/3834 3502/5135/3823 3503/5134/3822
f 3504/5138/3826 3505/5145/3833 3506/5139/3827
f 3507/5142/3830 3508/5151/3835 3509/5143/3831
s 26
f 3510/5164/3844 3512/5165/3845 3523/5166/3846 3522/5167/3847
f 3511/5168/3848 3510/5164/3844 3518/5169/3849 3517/5170/3850
s 27
f 3512/5171/3851 3511/5172/3852 3514/5173/3853 3513/5174/3854
f 3513/5174/3854 3515/5175/3855 3527/5176/3856 3526/5177/3857
s 26
f 3516/5178/3858 3518/5179/3859 3533/5180/3860 3532/5181/3861
f 3517/5182/3862 3516/5178/3858 3521/5183/3863 3520/5184/3864
f 3519/5185/3865 3521/5183/3863 3530/5186/3866 3529/5187/3867
f 3522/5167/3847 3524/5188/3868 3531/5189/3869 3533/5190/3860
s 27
f 3524/5191/3870 3523/5192/3871 3526/5177/3857 3525/5193/3872
s 26
f 3528/5194/3873 3530/5186/3866 3532/5181/3861 3531/5195/3869
s off
f 3524/5196/3874 3525/5197/3875 3528/5198/3876 3531/5199/3877
s 27
f 3512/5171/3851 3513/5174/3854 3526/5177/3857 3523/5192/3871
s 26
f 3521/5183/3863 3516/5178/3858 3532/5181/3861 3530/5186/3866
f 3518/5169/3849 3510/5164/3844 3522/5167/3847 3533/5190/3860
f 3510/5164/3844 3511/5168/3848 3512/5165/3845
s 27
f 3513/5174/3854 3514/5173/3853 3515/5175/3855
s 26
f 3516/5178/3858 3517/5182/3862 3518/5179/3859
f 3519/5185/3865 3520/5184/3864 3521/5183/3863
f 3522/5167/3847 3523/5166/3846 3524/5188/3868
s 27
f 3525/5193/3872 3526/5177/3857 3527/5176/3856
s 26
f 3528/5194/3873 3529/5187/3867 3530/5186/3866
f 3531/5195/3869 3532/5181/3861 3533/5180/3860
s 29
f 3534/5200/3878 3547/5201/3879 3548/5202/3880 3536/5203/3881
f 3535/5204/3882 3538/5205/3883 3539/5206/3884 3534/5207/3878
f 3536/5208/3881 3543/5209/3885 3544/5210/3886 3535/5204/3882
f 3538/5205/3883 3541/5211/3887 3542/5212/3888 3537/5213/3889
f 3540/5214/3890 3551/5215/3891 3552/5216/3892 3542/5217/3888
f 3541/5211/3887 3544/5210/3886 3545/5218/3893 3540/5219/3890
f 3543/5220/3885 3554/5221/3894 3555/5222/3895 3545/5223/3893
f 3546/5224/3896 3556/5225/3897 3554/5221/3894 3548/5202/3880
s 32
f 3549/5226/3898 3552/5227/3899 3553/5228/3900 3550/5229/3901
s 29
f 3551/5215/3891 3555/5230/3902 3556/5231/3903 3553/5232/3904
f 3535/5204/3882 3544/5210/3886 3541/5211/3887 3538/5205/3883
s 32
f 3549/5226/3898 3537/5233/3905 3542/5234/3906 3552/5227/3899
s 29
f 3551/5215/3891 3540/5214/3890 3545/5235/3907 3555/5230/3902
f 3554/5221/3894 3543/5220/3885 3536/5203/3881 3548/5202/3880
f 3534/5207/3878 3536/5208/3881 3535/5204/3882
f 3537/5213/3889 3539/5206/3884 3538/5205/3883
f 3540/5219/3890 3542/5212/3888 3541/5211/3887
f 3543/5209/3885 3545/5218/3893 3544/5210/3886
f 3546/5224/3896 3548/5202/3880 3547/5201/3879
f 3551/5215/3891 3553/5232/3904 3552/5216/3892
f 3554/5221/3894 3556/5225/3897 3555/5222/3895
s 33
f 3557/5236/3908 3559/5237/3909 3571/5238/3910 3570/5239/3911
f 3558/5240/3912 3557/5241/3908 3562/5242/3913 3561/5243/3914
f 3559/5244/3909 3558/5240/3912 3567/5245/3915 3566/5246/3916
f 3561/5243/3914 3560/5247/3917 3565/5248/3918 3564/5249/3919
f 3563/5250/3920 3565/5251/3918 3575/5252/3921 3574/5253/3922
f 3564/5249/3919 3563/5254/3920 3568/5255/3923 3567/5245/3915
f 3566/5256/3916 3568/5257/3923 3578/5258/3924 3577/5259/3925
f 3569/5260/3926 3571/5238/3910 3577/5259/3925 3579/5261/3927
s 34
f 3572/5262/3928 3573/5263/3929 3576/5264/3930 3575/5265/3931
s 33
f 3574/5253/3922 3576/5266/3932 3579/5267/3933 3578/5268/3934
f 3558/5240/3912 3561/5243/3914 3564/5249/3919 3567/5245/3915
s 34
f 3572/5262/3928 3575/5265/3931 3565/5269/3935 3560/5270/3936
s 33
f 3574/5253/3922 3578/5268/3934 3568/5271/3937 3563/5250/3920
f 3577/5259/3925 3571/5238/3910 3559/5237/3909 3566/5256/3916
f 3557/5241/3908 3558/5240/3912 3559/5244/3909
f 3560/5247/3917 3561/5243/3914 3562/5242/3913
f 3563/5254/3920 3564/5249/3919 3565/5248/3918
f 3566/5246/3916 3567/5245/3915 3568/5255/3923
f 3569/5260/3926 3570/5239/3911 3571/5238/3910
f 3574/5253/3922 3575/5252/3921 3576/5266/3932
f 3577/5259/3925 3578/5258/3924 3579/5261/3927
s 35
f 3580/5272/3938 3593/5273/3939 3594/5274/3940 3582/5275/3941
f 3581//3942 3584//3943 3585//3944 3580//3938
s 37
f 3582/5276/3945 3589/5277/3946 3590/5278/3947 3581/5279/3948
s 35
f 3583/5280/3949 3595/5281/3950 3596/5282/3951 3585/5283/3944
s 39
f 3584/5284/3952 3587/5285/3953 3588/5286/3954 3583/5287/3955
f 3586/5288/3956 3598/5289/3957 3599/5290/3958 3588/5291/3954
f 3587//3953 3590//3959 3591//3960 3586//3956
f 3589/5292/3961 3601/5293/3962 3602/5294/3963 3591/5295/3960
s 37
f 3592/5296/3964 3603/5297/3965 3601/5298/3966 3594/5299/3967
s 35
f 3593/5273/3939 3596/5282/3951 3597/5300/3968 3592/5301/3969
s 39
f 3595/5302/3970 3599/5303/3971 3600/5304/3972 3597/5305/3973
f 3598/5306/3974 3602/5294/3963 3603/5307/3975 3600/5308/3976
f 3581/5309/3977 3590/5310/3978 3587/5311/3953 3584/5312/3952
s 35
f 3593/5273/3939 3580/5272/3938 3585/5283/3944 3596/5282/3951
s 39
f 3595/5302/3970 3583/5287/3955 3588/5286/3954 3599/5303/3971
f 3598/5306/3974 3586/5313/3979 3591/5295/3960 3602/5294/3963
s 37
f 3601/5298/3966 3589/5277/3946 3582/5276/3945 3594/5299/3967
s 35
f 3580/5272/3938 3582/5275/3941 3581/5314/3942
f 3583/5280/3949 3585/5283/3944 3584/5315/3943
s 39
f 3586/5316/3956 3588/5286/3954 3587/5285/3953
f 3589//3961 3591//3960 3590//3959
s 35
f 3592/5301/3969 3594/5274/3940 3593/5273/3939
f 3595/5281/3950 3597/5300/3968 3596/5282/3951
s 39
f 3598/5317/3980 3600/5304/3972 3599/5303/3971
f 3601/5293/3962 3603/5307/3975 3602/5294/3963
s 42
g textureEditorIsolateSelectSet polySurface240
f 3604/5318/3981 3606/5319/3982 3617/5320/3983 3616/5321/3984
s 43
f 3605/5322/3985 3604/5323/3986 3612/5324/3987 3611/5325/3988
s 42
f 3606/5319/3982 3605/5326/3989 3608/5327/3990 3607/5328/3991
f 3607/5328/3991 3609/5329/3992 3621/5330/3993 3620/5331/3994
s 44
f 3609/5332/3995 3608/5333/3996 3614/5334/3997 3613/5335/3998
s 45
f 3610/5336/3999 3612/5337/4000 3627/5338/4001 3626/5339/4002
f 3611/5340/4003 3610/5336/3999 3615/5341/4004 3614/5342/4005
s 44
f 3613/5335/3998 3615/5343/4006 3624/5344/4007 3623/5345/4008
s 43
f 3616/5346/4009 3618/5347/4010 3625/5348/4011 3627/5349/4012
s 42
f 3618/5350/4013 3617/5320/3983 3620/5331/3994 3619/5351/4014
s 44
f 3619/5352/4015 3621/5353/4016 3623/5345/4008 3622/5354/4017
s 45
f 3622/5355/4018 3624/5356/4019 3626/5339/4002 3625/5357/4020
s off
f 3618/5358/4021 3619/5359/4022 3622/5360/4023 3625/5361/4024
f 3605/5362/4025 3611/5363/4026 3614/5364/4027 3608/5365/4028
s 42
f 3606/5319/3982 3607/5328/3991 3620/5331/3994 3617/5320/3983
s 44
f 3609/5332/3995 3613/5335/3998 3623/5345/4008 3621/5353/4016
s 45
f 3615/5341/4004 3610/5336/3999 3626/5339/4002 3624/5356/4019
s 43
f 3612/5324/3987 3604/5323/3986 3616/5346/4009 3627/5349/4012
s 42
f 3604/5318/3981 3605/5326/3989 3606/5319/3982
f 3607/5328/3991 3608/5327/3990 3609/5329/3992
s 45
f 3610/5336/3999 3611/5340/4003 3612/5337/4000
s 44
f 3613/5335/3998 3614/5334/3997 3615/5343/4006
s 42
f 3616/5321/3984 3617/5320/3983 3618/5350/4013
f 3619/5351/4014 3620/5331/3994 3621/5330/3993
s 44
f 3622/5354/4017 3623/5345/4008 3624/5344/4007
s 45
f 3625/5357/4020 3626/5339/4002 3627/5338/4001
s 46
f 3628/5366/4029 3640/5367/4030 3641/5368/4031 3630/5369/4032
s 47
f 3629/5370/4033 3635/5371/4034 3636/5372/4035 3628/5373/4036
s 46
f 3630/5369/4032 3631/5374/4037 3632/5375/4038 3629/5376/4039
f 3631/5374/4037 3644/5377/4040 3645/5378/4041 3633/5379/4042
s 48
f 3633/5380/4043 3637/5381/4044 3638/5382/4045 3632/5383/4046
s 49
f 3634/5384/4047 3650/5385/4048 3651/5386/4049 3636/5387/4050
f 3635/5388/4051 3638/5389/4052 3639/5390/4053 3634/5384/4047
s 48
f 3637/5381/4044 3647/5391/4054 3648/5392/4055 3639/5393/4056
s 47
f 3640/5394/4057 3651/5395/4058 3649/5396/4059 3642/5397/4060
s 46
f 3642/5398/4061 3643/5399/4062 3644/5377/4040 3641/5368/4031
s 48
f 3643/5400/4063 3646/5401/4064 3647/5391/4054 3645/5402/4065
s 49
f 3646/5403/4066 3649/5404/4067 3650/5385/4048 3648/5405/4068
s off
f 3642/5406/4069 3649/5407/4070 3646/5408/4071 3643/5409/4072
f 3629/5410/4073 3632/5411/4074 3638/5412/4075 3635/5413/4076
s 46
f 3630/5369/4032 3641/5368/4031 3644/5377/4040 3631/5374/4037
s 48
f 3633/5380/4043 3645/5402/4065 3647/5391/4054 3637/5381/4044
s 49
f 3639/5390/4053 3648/5405/4068 3650/5385/4048 3634/5384/4047
s 47
f 3636/5372/4035 3651/5395/4058 3640/5394/4057 3628/5373/4036
s 46
f 3628/5366/4029 3630/5369/4032 3629/5376/4039
f 3631/5374/4037 3633/5379/4042 3632/5375/4038
s 49
f 3634/5384/4047 3636/5387/4050 3635/5388/4051
s 48
f 3637/5381/4044 3639/5393/4056 3638/5382/4045
s 46
f 3640/5367/4030 3642/5398/4061 3641/5368/4031
f 3643/5399/4062 3645/5378/4041 3644/5377/4040
s 48
f 3646/5401/4064 3648/5392/4055 3647/5391/4054
s 49
f 3649/5404/4067 3651/5386/4049 3650/5385/4048
s 50
g polySurface240
f 3652/5414/4077 3664/5415/4078 3665/5416/4079 3654/5417/4080
s 51
f 3653/5418/4081 3656/5419/4082 3657/5420/4083 3652/5421/4084
f 3654/5422/4085 3658/5423/4086 3659/5424/4087 3653/5418/4081
f 3655/5425/4088 3674/5426/4089 3675/5427/4090 3657/5420/4083
f 3656/5419/4082 3662/5428/4091 3663/5429/4092 3655/5425/4088
f 3658/5430/4086 3668/5431/4093 3669/5432/4094 3660/5433/4095
f 3660/5433/4095 3661/5434/4096 3662/5435/4091 3659/5436/4087
f 3661/5434/4096 3671/5437/4097 3672/5438/4098 3663/5439/4092
s 50
f 3664/5415/4078 3675/5440/4099 3673/5441/4100 3666/5442/4101
f 3666/5442/4101 3667/5443/4102 3668/5444/4103 3665/5416/4079
s 51
f 3667/5445/4104 3670/5446/4105 3671/5437/4097 3669/5432/4094
f 3670/5447/4106 3673/5448/4107 3674/5426/4089 3672/5449/4108
f 3653/5418/4081 3659/5424/4087 3662/5428/4091 3656/5419/4082
s 50
f 3668/5444/4103 3658/5450/4109 3654/5417/4080 3665/5416/4079
s 51
f 3671/5437/4097 3661/5434/4096 3660/5433/4095 3669/5432/4094
f 3655/5425/4088 3663/5429/4092 3672/5449/4108 3674/5426/4089
s 50
f 3667/5443/4102 3666/5442/4101 3673/5441/4100 3670/5451/4110
s 51
f 3652/5421/4084 3654/5422/4085 3653/5418/4081
f 3655/5425/4088 3657/5420/4083 3656/5419/4082
f 3658/5430/4086 3660/5433/4095 3659/5436/4087
f 3661/5434/4096 3663/5439/4092 3662/5435/4091
s 50
f 3664/5415/4078 3666/5442/4101 3665/5416/4079
s 51
f 3667/5445/4104 3669/5432/4094 3668/5431/4093
f 3670/5452/4111 3672/5438/4098 3671/5437/4097
f 3673/5448/4107 3675/5427/4090 3674/5426/4089
s 56
f 3676/5453/4112 3678/5454/4113 3689/5455/4114 3688/5456/4115
s 57
f 3677/5457/4116 3676/5458/4117 3681/5459/4118 3680/5460/4119
f 3678/5461/4120 3677/5457/4116 3683/5462/4121 3682/5463/4122
f 3679/5464/4123 3681/5459/4118 3699/5465/4124 3698/5466/4125
f 3680/5460/4119 3679/5464/4123 3687/5467/4126 3686/5468/4127
f 3682/5469/4122 3684/5470/4128 3693/5471/4129 3692/5472/4130
f 3684/5470/4128 3683/5473/4121 3686/5474/4127 3685/5475/4131
f 3685/5475/4131 3687/5476/4126 3696/5477/4132 3695/5478/4133
s 56
f 3688/5456/4115 3690/5479/4134 3697/5480/4135 3699/5481/4136
f 3690/5479/4134 3689/5455/4114 3692/5482/4137 3691/5483/4138
s 57
f 3691/5484/4139 3693/5471/4129 3695/5478/4133 3694/5485/4140
f 3694/5486/4141 3696/5487/4142 3698/5466/4125 3697/5488/4143
f 3677/5457/4116 3680/5460/4119 3686/5468/4127 3683/5462/4121
s 56
f 3692/5482/4137 3689/5455/4114 3678/5454/4113 3682/5489/4144
s 57
f 3695/5478/4133 3693/5471/4129 3684/5470/4128 3685/5475/4131
f 3679/5464/4123 3698/5466/4125 3696/5487/4142 3687/5467/4126
s 56
f 3691/5483/4138 3694/5490/4145 3697/5480/4135 3690/5479/4134
s 57
f 3676/5458/4117 3677/5457/4116 3678/5461/4120
f 3679/5464/4123 3680/5460/4119 3681/5459/4118
f 3682/5469/4122 3683/5473/4121 3684/5470/4128
f 3685/5475/4131 3686/5474/4127 3687/5476/4126
s 56
f 3688/5456/4115 3689/5455/4114 3690/5479/4134
s 57
f 3691/5484/4139 3692/5472/4130 3693/5471/4129
f 3694/5491/4146 3695/5478/4133 3696/5477/4132
f 3697/5488/4143 3698/5466/4125 3699/5465/4124
s 58
f 3700/5492/4147 3712/5493/4148 3713/5494/4149 3702/5495/4150
f 3701/5496/4151 3707/5497/4152 3708/5498/4153 3700/5492/4147
s 59
f 3702/5499/4154 3703/5500/4155 3704/5501/4156 3701/5502/4157
f 3703/5500/4155 3716/5503/4158 3717/5504/4159 3705/5505/4160
s 58
f 3705/5506/4161 3709/5507/4162 3710/5508/4163 3704/5509/4164
f 3706/5510/4165 3722/5511/4166 3723/5512/4167 3708/5513/4168
f 3707/5514/4169 3710/5515/4170 3711/5516/4171 3706/5510/4165
f 3709/5517/4172 3719/5518/4173 3720/5519/4174 3711/5516/4171
f 3712/5493/4148 3723/5520/4167 3721/5521/4175 3714/5522/4176
s 59
f 3714/5523/4177 3715/5524/4178 3716/5503/4158 3713/5525/4179
s 58
f 3715/5526/4180 3718/5527/4181 3719/5528/4173 3717/5529/4182
f 3718/5530/4181 3721/5531/4175 3722/5511/4166 3720/5519/4174
s off
f 3714/5532/4183 3721/5533/4184 3718/5534/4185 3715/5535/4186
s 59
f 3702/5499/4154 3713/5525/4179 3716/5503/4158 3703/5500/4155
s 58
f 3705/5506/4161 3717/5529/4182 3719/5528/4173 3709/5507/4162
f 3711/5516/4171 3720/5519/4174 3722/5511/4166 3706/5510/4165
f 3708/5498/4153 3723/5520/4167 3712/5493/4148 3700/5492/4147
f 3700/5492/4147 3702/5495/4150 3701/5496/4151
s 59
f 3703/5500/4155 3705/5505/4160 3704/5501/4156
s 58
f 3706/5510/4165 3708/5513/4168 3707/5514/4169
f 3709/5517/4172 3711/5516/4171 3710/5515/4170
f 3712/5493/4148 3714/5522/4176 3713/5494/4149
s 59
f 3715/5524/4178 3717/5504/4159 3716/5503/4158
s 58
f 3718/5530/4181 3720/5519/4174 3719/5518/4173
f 3721/5531/4175 3723/5512/4167 3722/5511/4166
s 64
f 3724/5536/4187 3726/5537/4188 3737/5538/4189 3736/5539/4190
f 3725/5540/4191 3724/5536/4187 3732/5541/4192 3731/5542/4193
f 3726/5543/4194 3725/5544/4195 3728/5545/4196 3727/5546/4197
f 3727/5546/4197 3729/5547/4198 3741/5548/4199 3740/5549/4200
f 3729/5550/4201 3728/5551/4202 3734/5552/4203 3733/5553/4204
f 3730/5554/4205 3732/5555/4206 3747/5556/4207 3746/5557/4208
f 3731/5558/4209 3730/5554/4205 3735/5559/4210 3734/5560/4211
f 3733/5561/4212 3735/5559/4210 3744/5562/4213 3743/5563/4214
f 3736/5539/4190 3738/5564/4215 3745/5565/4216 3747/5566/4207
f 3738/5567/4217 3737/5568/4218 3740/5549/4200 3739/5569/4219
f 3739/5570/4219 3741/5571/4199 3743/5572/4214 3742/5573/4220
f 3742/5574/4220 3744/5562/4213 3746/5557/4208 3745/5575/4216
s off
f 3738/5576/4221 3739/5577/4222 3742/5578/4223 3745/5579/4224
s 64
f 3726/5543/4194 3727/5546/4197 3740/5549/4200 3737/5568/4218
f 3729/5550/4201 3733/5553/4204 3743/5572/4214 3741/5571/4199
f 3735/5559/4210 3730/5554/4205 3746/5557/4208 3744/5562/4213
f 3732/5541/4192 3724/5536/4187 3736/5539/4190 3747/5566/4207
f 3724/5536/4187 3725/5540/4191 3726/5537/4188
f 3727/5546/4197 3728/5545/4196 3729/5547/4198
f 3730/5554/4205 3731/5558/4209 3732/5555/4206
f 3733/5561/4212 3734/5560/4211 3735/5559/4210
f 3736/5539/4190 3737/5538/4189 3738/5564/4215
f 3739/5569/4219 3740/5549/4200 3741/5548/4199
f 3742/5574/4220 3743/5563/4214 3744/5562/4213
f 3745/5575/4216 3746/5557/4208 3747/5556/4207
s 68
f 3748/5580/4225 3750/5581/4226 3761/5582/4227 3760/5583/4228
f 3749/5584/4229 3748/5580/4225 3756/5585/4230 3755/5586/4231
s 69
f 3750/5587/4232 3749/5588/4233 3752/5589/4234 3751/5590/4235
f 3751/5590/4235 3753/5591/4236 3765/5592/4237 3764/5593/4238
s 68
f 3753/5594/4239 3752/5595/4240 3758/5596/4241 3757/5597/4242
f 3754/5598/4243 3756/5599/4244 3771/5600/4245 3770/5601/4246
f 3755/5602/4247 3754/5598/4243 3759/5603/4248 3758/5604/4249
f 3757/5605/4250 3759/5603/4248 3768/5606/4251 3767/5607/4252
f 3760/5583/4228 3762/5608/4253 3769/5609/4254 3771/5610/4245
s 69
f 3762/5611/4255 3761/5612/4256 3764/5593/4238 3763/5613/4257
s 68
f 3763/5614/4258 3765/5615/4259 3767/5616/4252 3766/5617/4260
f 3766/5618/4260 3768/5606/4251 3770/5601/4246 3769/5619/4254
s off
f 3762/5620/4261 3763/5621/4262 3766/5622/4263 3769/5623/4264
s 69
f 3750/5587/4232 3751/5590/4235 3764/5593/4238 3761/5612/4256
s 68
f 3753/5594/4239 3757/5597/4242 3767/5616/4252 3765/5615/4259
f 3759/5603/4248 3754/5598/4243 3770/5601/4246 3768/5606/4251
f 3756/5585/4230 3748/5580/4225 3760/5583/4228 3771/5610/4245
f 3748/5580/4225 3749/5584/4229 3750/5581/4226
s 69
f 3751/5590/4235 3752/5589/4234 3753/5591/4236
s 68
f 3754/5598/4243 3755/5602/4247 3756/5599/4244
f 3757/5605/4250 3758/5604/4249 3759/5603/4248
f 3760/5583/4228 3761/5582/4227 3762/5608/4253
s 69
f 3763/5613/4257 3764/5593/4238 3765/5592/4237
s 68
f 3766/5618/4260 3767/5607/4252 3768/5606/4251
f 3769/5619/4254 3770/5601/4246 3771/5600/4245
s 72
f 3772/5624/4265 3785/5625/4266 3786/5626/4267 3774/5627/4268
f 3773/5628/4269 3776/5629/4270 3777/5630/4271 3772/5624/4265
s 74
f 3774/5631/4272 3781/5632/4273 3782/5633/4274 3773/5634/4275
s 72
f 3775/5635/4276 3787/5636/4277 3788/5637/4278 3777/5630/4271
f 3776/5638/4270 3779/5639/4279 3780/5640/4280 3775/5641/4276
f 3778/5642/4281 3790/5643/4282 3791/5644/4283 3780/5645/4280
f 3779/5646/4279 3782/5647/4284 3783/5648/4285 3778/5649/4281
f 3781/5650/4286 3793/5651/4287 3794/5652/4288 3783/5648/4285
s 74
f 3784/5653/4289 3795/5654/4290 3793/5655/4291 3786/5656/4292
s 72
f 3785/5625/4266 3788/5637/4278 3789/5657/4293 3784/5658/4294
f 3787/5659/4295 3791/5660/4296 3792/5661/4297 3789/5662/4298
f 3790/5663/4299 3794/5652/4288 3795/5664/4300 3792/5665/4301
f 3773/5666/4302 3782/5667/4303 3779/5668/4279 3776/5669/4270
f 3785/5625/4266 3772/5624/4265 3777/5630/4271 3788/5637/4278
f 3787/5659/4295 3775/5641/4276 3780/5640/4280 3791/5660/4296
f 3790/5663/4299 3778/5649/4281 3783/5648/4285 3794/5652/4288
s 74
f 3793/5655/4291 3781/5632/4273 3774/5631/4272 3786/5656/4292
s 72
f 3772/5624/4265 3774/5627/4268 3773/5628/4269
f 3775/5635/4276 3777/5630/4271 3776/5629/4270
f 3778/5670/4281 3780/5640/4280 3779/5639/4279
f 3781/5650/4286 3783/5648/4285 3782/5647/4284
f 3784/5658/4294 3786/5626/4267 3785/5625/4266
f 3787/5636/4277 3789/5657/4293 3788/5637/4278
f 3790/5671/4304 3792/5661/4297 3791/5660/4296
f 3793/5651/4287 3795/5664/4300 3794/5652/4288
s 79
f 3796/5672/4305 3798/5673/4306 3810/5674/4307 3809/5675/4308
f 3797/5676/4309 3796/5672/4305 3801/5677/4310 3800/5678/4311
s 80
f 3798/5679/4312 3797/5680/4313 3806/5681/4314 3805/5682/4315
s 79
f 3799/5683/4316 3801/5677/4310 3812/5684/4317 3811/5685/4318
f 3800/5686/4311 3799/5687/4316 3804/5688/4319 3803/5689/4320
f 3802/5690/4321 3804/5688/4319 3815/5691/4322 3814/5692/4323
f 3803/5693/4320 3802/5694/4321 3807/5695/4324 3806/5696/4325
f 3805/5697/4326 3807/5695/4324 3818/5698/4327 3817/5699/4328
s 80
f 3808/5700/4329 3810/5701/4330 3817/5702/4331 3819/5703/4332
s 79
f 3809/5675/4308 3808/5704/4333 3813/5705/4334 3812/5684/4317
f 3811/5706/4335 3813/5707/4336 3816/5708/4337 3815/5691/4322
f 3814/5709/4338 3816/5710/4339 3819/5711/4340 3818/5698/4327
f 3797/5712/4341 3800/5713/4311 3803/5714/4320 3806/5715/4342
f 3809/5675/4308 3812/5684/4317 3801/5677/4310 3796/5672/4305
f 3811/5706/4335 3815/5691/4322 3804/5688/4319 3799/5687/4316
f 3814/5709/4338 3818/5698/4327 3807/5695/4324 3802/5694/4321
s 80
f 3817/5702/4331 3810/5701/4330 3798/5679/4312 3805/5682/4315
s 79
f 3796/5672/4305 3797/5676/4309 3798/5673/4306
f 3799/5683/4316 3800/5678/4311 3801/5677/4310
f 3802/5690/4321 3803/5689/4320 3804/5688/4319
f 3805/5697/4326 3806/5696/4325 3807/5695/4324
f 3808/5704/4333 3809/5675/4308 3810/5674/4307
f 3811/5685/4318 3812/5684/4317 3813/5705/4334
f 3814/5692/4323 3815/5691/4322 3816/5708/4337
f 3817/5699/4328 3818/5698/4327 3819/5711/4340
s 81
f 3820/5716/4343 3828/5717/4344 3829/5718/4345 3821/5719/4346
f 3822/5720/4347 3832/5721/4348 3833/5722/4349 3823/5723/4350
f 3824/5724/4351 3838/5725/4352 3839/5726/4353 3825/5727/4354
f 3826/5728/4355 3835/5729/4356 3836/5730/4357 3827/5731/4358
f 3828/5732/4344 3839/5733/4353 3837/5734/4359 3830/5735/4360
f 3831/5736/4361 3834/5737/4362 3835/5729/4356 3833/5722/4349
f 3834/5738/4362 3837/5739/4359 3838/5740/4352 3836/5741/4357
s off
f 3830/5742/4363 3837/5743/4364 3834/5744/4365 3831/5745/4366
s 81
f 3823/5723/4350 3833/5722/4349 3835/5729/4356 3826/5728/4355
f 3827/5746/4367 3836/5747/4368 3838/5725/4352 3824/5724/4351
f 3825/5748/4369 3839/5749/4370 3828/5717/4344 3820/5716/4343
f 3828/5732/4344 3830/5735/4360 3829/5750/4345
f 3831/5736/4361 3833/5722/4349 3832/5721/4348
f 3834/5737/4362 3836/5751/4357 3835/5729/4356
f 3837/5739/4359 3839/5752/4353 3838/5740/4352
s 84
f 3840/5753/4371 3841/5754/4372 3849/5755/4373 3848/5756/4374
f 3842/5757/4375 3843/5758/4376 3853/5759/4377 3852/5760/4378
f 3844/5761/4379 3845/5762/4380 3859/5763/4381 3858/5764/4382
f 3846/5765/4383 3847/5766/4384 3856/5767/4385 3855/5768/4386
f 3848/5769/4374 3850/5770/4387 3857/5771/4388 3859/5772/4381
f 3851/5773/4389 3853/5759/4377 3855/5768/4386 3854/5774/4390
f 3854/5775/4390 3856/5776/4385 3858/5777/4382 3857/5778/4388
s off
f 3850/5779/4391 3851/5780/4392 3854/5781/4393 3857/5782/4394
s 84
f 3843/5758/4376 3846/5765/4383 3855/5768/4386 3853/5759/4377
f 3847/5783/4395 3844/5761/4379 3858/5764/4382 3856/5784/4396
f 3845/5785/4397 3840/5753/4371 3848/5756/4374 3859/5786/4398
f 3848/5769/4374 3849/5787/4373 3850/5770/4387
f 3851/5773/4389 3852/5760/4378 3853/5759/4377
f 3854/5774/4390 3855/5768/4386 3856/5788/4385
f 3857/5778/4388 3858/5777/4382 3859/5789/4381
s 88
f 3860/5790/4399 3872/5791/4400 3873/5792/4401 3862/5793/4402
f 3861/5794/4403 3867/5795/4404 3868/5796/4405 3860/5790/4399
f 3862/5797/4406 3863/5798/4407 3864/5799/4408 3861/5800/4409
f 3863/5798/4407 3876/5801/4410 3877/5802/4411 3865/5803/4412
f 3865/5804/4413 3869/5805/4414 3870/5806/4415 3864/5807/4416
f 3866/5808/4417 3882/5809/4418 3883/5810/4419 3868/5811/4420
f 3867/5812/4421 3870/5813/4422 3871/5814/4423 3866/5808/4417
f 3869/5815/4424 3879/5816/4425 3880/5817/4426 3871/5814/4423
f 3872/5791/4400 3883/5818/4419 3881/5819/4427 3874/5820/4428
f 3874/5821/4429 3875/5822/4430 3876/5801/4410 3873/5823/4431
f 3875/5824/4430 3878/5825/4432 3879/5826/4425 3877/5827/4411
f 3878/5828/4432 3881/5829/4427 3882/5809/4418 3880/5817/4426
s off
f 3874/5830/4433 3881/5831/4434 3878/5832/4435 3875/5833/4436
s 88
f 3862/5797/4406 3873/5823/4431 3876/5801/4410 3863/5798/4407
f 3865/5804/4413 3877/5827/4411 3879/5826/4425 3869/5805/4414
f 3871/5814/4423 3880/5817/4426 3882/5809/4418 3866/5808/4417
f 3868/5796/4405 3883/5818/4419 3872/5791/4400 3860/5790/4399
f 3860/5790/4399 3862/5793/4402 3861/5794/4403
f 3863/5798/4407 3865/5803/4412 3864/5799/4408
s off
f 3866/5834/4437 3868/5835/4438 3867/5836/4439
s 88
f 3869/5815/4424 3871/5814/4423 3870/5813/4422
f 3872/5791/4400 3874/5820/4428 3873/5792/4401
f 3875/5822/4430 3877/5802/4411 3876/5801/4410
f 3878/5828/4432 3880/5817/4426 3879/5816/4425
f 3881/5829/4427 3883/5810/4419 3882/5809/4418
s 94
f 3884/5837/4440 3886/5838/4441 3901/5839/4442 3900/5840/4443
f 3885/5841/4444 3884/5842/4445 3889/5843/4446 3888/5844/4447
f 3886/5838/4441 3885/5845/4448 3892/5846/4449 3891/5847/4450
f 3887/5848/4451 3889/5849/4452 3903/5850/4453 3902/5851/4454
f 3888/5852/4455 3887/5848/4451 3897/5853/4456 3896/5854/4457
f 3890/5855/4458 3892/5856/4449 3896/5857/4457 3895/5858/4459
f 3891/5847/4450 3890/5859/4458 3894/5860/4460 3893/5861/4461
s 97
f 3893/5862/4462 3894/5863/4463 3905/5864/4464 3904/5865/4465
s 94
f 3895/5866/4459 3897/5853/4456 3899/5867/4466 3898/5868/4467
s 97
f 3898/5869/4468 3899/5870/4469 3909/5871/4470 3908/5872/4471
f 3900/5873/4472 3901/5874/4473 3910/5875/4474 3912/5876/4475
f 3902/5877/4476 3903/5878/4477 3913/5879/4478 3915/5880/4479
f 3904/5865/4465 3906/5881/4480 3911/5882/4481 3910/5875/4474
f 3906/5883/4480 3905/5884/4464 3908/5885/4471 3907/5886/4482
f 3907/5887/4482 3909/5871/4470 3915/5880/4479 3914/5888/4483
f 3912/5889/4484 3911/5890/4485 3914/5891/4486 3913/5892/4487
s 94
f 3894/5893/4488 3890/5894/4458 3895/5895/4459 3898/5896/4489
f 3885/5841/4444 3888/5844/4447 3896/5857/4457 3892/5856/4449
f 3887/5848/4451 3902/5851/4454 3899/5867/4466 3897/5853/4456
f 3893/5861/4461 3901/5839/4442 3886/5838/4441 3891/5847/4450
s 97
f 3894/5897/4490 3898/5898/4491 3908/5899/4471 3905/5900/4464
f 3911/5890/4485 3906/5883/4480 3907/5886/4482 3914/5891/4486
f 3915/5880/4479 3909/5871/4470 3899/5870/4469 3902/5877/4476
f 3893/5862/4462 3904/5865/4465 3910/5875/4474 3901/5874/4473
s 94
f 3884/5837/4440 3885/5845/4448 3886/5838/4441
f 3887/5848/4451 3888/5852/4455 3889/5849/4452
f 3890/5859/4458 3891/5847/4450 3892/5846/4449
f 3895/5866/4459 3896/5854/4457 3897/5853/4456
s 97
f 3904/5865/4465 3905/5864/4464 3906/5881/4480
f 3907/5887/4482 3908/5872/4471 3909/5871/4470
f 3910/5875/4474 3911/5882/4481 3912/5876/4475
f 3913/5879/4478 3914/5888/4483 3915/5880/4479
s 100
f 3916/5901/4492 3928/5902/4493 3929/5903/4494 3918/5904/4495
f 3917/5905/4496 3923/5906/4497 3924/5907/4498 3916/5901/4492
f 3918/5908/4499 3919/5909/4500 3920/5910/4501 3917/5911/4502
f 3919/5909/4500 3932/5912/4503 3933/5913/4504 3921/5914/4505
f 3921/5915/4506 3925/5916/4507 3926/5917/4508 3920/5918/4509
f 3922/5919/4510 3938/5920/4511 3939/5921/4512 3924/5922/4513
f 3923/5923/4514 3926/5924/4515 3927/5925/4516 3922/5919/4510
f 3925/5926/4517 3935/5927/4518 3936/5928/4519 3927/5925/4516
f 3928/5902/4493 3939/5929/4512 3937/5930/4520 3930/5931/4521
f 3930/5932/4521 3931/5933/4522 3932/5912/4503 3929/5934/4494
f 3931/5935/4522 3934/5936/4523 3935/5937/4518 3933/5938/4504
f 3934/5939/4523 3937/5940/4520 3938/5920/4511 3936/5928/4519
s off
f 3930/5941/4524 3937/5942/4525 3934/5943/4526 3931/5944/4527
s 100
f 3918/5908/4499 3929/5934/4494 3932/5912/4503 3919/5909/4500
f 3921/5915/4506 3933/5938/4504 3935/5937/4518 3925/5916/4507
f 3927/5925/4516 3936/5928/4519 3938/5920/4511 3922/5919/4510
f 3924/5907/4498 3939/5929/4512 3928/5902/4493 3916/5901/4492
f 3916/5901/4492 3918/5904/4495 3917/5905/4496
f 3919/5909/4500 3921/5914/4505 3920/5910/4501
f 3922/5919/4510 3924/5922/4513 3923/5923/4514
f 3925/5926/4517 3927/5925/4516 3926/5924/4515
f 3928/5902/4493 3930/5931/4521 3929/5903/4494
f 3931/5933/4522 3933/5913/4504 3932/5912/4503
f 3934/5939/4523 3936/5928/4519 3935/5927/4518
f 3937/5940/4520 3939/5921/4512 3938/5920/4511
s 106
f 3940/5945/4528 3942/5946/4529 3953/5947/4530 3952/5948/4531
f 3941/5949/4532 3940/5945/4528 3948/5950/4533 3947/5951/4534
f 3942/5952/4535 3941/5953/4536 3944/5954/4537 3943/5955/4538
f 3943/5955/4538 3945/5956/4539 3957/5957/4540 3956/5958/4541
f 3945/5959/4542 3944/5960/4543 3950/5961/4544 3949/5962/4545
f 3946/5963/4546 3948/5964/4547 3963/5965/4548 3962/5966/4549
f 3947/5967/4550 3946/5963/4546 3951/5968/4551 3950/5969/4552
f 3949/5970/4553 3951/5968/4551 3960/5971/4554 3959/5972/4555
f 3952/5948/4531 3954/5973/4556 3961/5974/4557 3963/5975/4548
f 3954/5976/4556 3953/5977/4530 3956/5958/4541 3955/5978/4558
f 3955/5979/4558 3957/5980/4540 3959/5981/4555 3958/5982/4559
f 3958/5983/4559 3960/5971/4554 3962/5966/4549 3961/5984/4557
s off
f 3954/5985/4560 3955/5986/4561 3958/5987/4562 3961/5988/4563
s 106
f 3942/5952/4535 3943/5955/4538 3956/5958/4541 3953/5977/4530
f 3945/5959/4542 3949/5962/4545 3959/5981/4555 3957/5980/4540
f 3951/5968/4551 3946/5963/4546 3962/5966/4549 3960/5971/4554
f 3948/5950/4533 3940/5945/4528 3952/5948/4531 3963/5975/4548
f 3940/5945/4528 3941/5949/4532 3942/5946/4529
f 3943/5955/4538 3944/5954/4537 3945/5956/4539
f 3946/5963/4546 3947/5967/4550 3948/5964/4547
f 3949/5970/4553 3950/5969/4552 3951/5968/4551
f 3952/5948/4531 3953/5947/4530 3954/5973/4556
f 3955/5978/4558 3956/5958/4541 3957/5957/4540
f 3958/5983/4559 3959/5972/4555 3960/5971/4554
f 3961/5984/4557 3962/5966/4549 3963/5965/4548
s 110
f 3964/5989/4564 3966/5990/4565 3978/5991/4566 3977/5992/4567
f 3965//4568 3964//4564 3969//4569 3968//4570
f 3966/5993/4565 3965/5994/4568 3974/5995/4571 3973/5996/4572
f 3967/5997/4573 3969/5998/4569 3980/5999/4574 3979/6000/4575
f 3968/6001/4570 3967/6002/4573 3972/6003/4576 3971/6004/4577
f 3970/6005/4578 3972/6003/4576 3983/6006/4579 3982/6007/4580
f 3971/6008/4577 3970/6009/4578 3975/6010/4581 3974/6011/4571
f 3973/6012/4572 3975/6010/4581 3986/6013/4582 3985/6014/4583
f 3976/6015/4584 3978/6016/4585 3985/6017/4586 3987/6018/4587
f 3977/5992/4567 3976/6019/4588 3981/6020/4589 3980/5999/4574
f 3979/6021/4590 3981/6022/4591 3984/6023/4592 3983/6006/4579
f 3982/6024/4593 3984/6025/4594 3987/6026/4595 3986/6013/4582
s off
f 3965/6027/4596 3968/6028/4597 3971/6029/4598 3974/6030/4599
s 110
f 3977/5992/4567 3980/5999/4574 3969/5998/4569 3964/5989/4564
f 3979/6021/4590 3983/6006/4579 3972/6003/4576 3967/6002/4573
f 3982/6024/4593 3986/6013/4582 3975/6010/4581 3970/6009/4578
f 3985/6017/4586 3978/6016/4585 3966/5993/4565 3973/5996/4572
f 3964/5989/4564 3965/6031/4568 3966/5990/4565
f 3967/5997/4573 3968/6032/4570 3969/5998/4569
f 3970/6005/4578 3971/6004/4577 3972/6003/4576
f 3973/6012/4572 3974/6011/4571 3975/6010/4581
f 3976/6019/4588 3977/5992/4567 3978/5991/4566
f 3979/6000/4575 3980/5999/4574 3981/6020/4589
f 3982/6007/4580 3983/6006/4579 3984/6023/4592
f 3985/6014/4583 3986/6013/4582 3987/6026/4595
s 111
f 3991/6033/4600 3989/6034/4601 4007/6035/4602 4009/6036/4603
f 3996/6037/4604 3995/6038/4605 3988/6039/4606 3990/6040/4607
f 3999/6041/4608 4001/6042/4609 4013/6043/4610 4011/6044/4611
f 4002/6045/4612 4005/6046/4613 4000/6047/4614 3998/6048/4615
f 4008/6049/4616 4006/6050/4617 4010/6051/4618 4012/6052/4619
s 115
f 3990/6053/4620 3991/6054/4621 3997/6055/4622 3996/6056/4623
s 116
f 3989/6057/4624 3994/6058/4625 3992/6059/4626 4007/6060/4627
s 115
f 4001/6061/4628 4004/6062/4629 3993/6063/4630 4013/6064/4631
s 116
f 4003/6065/4632 4002/6066/4633 3998/6067/4634 3999/6068/4635
f 3992/6059/4626 4010/6069/4636 4006/6070/4637
s 115
f 4012/6071/4638 3993/6063/4630 4008/6072/4639
s 111
f 3988/6039/4606 3989/6034/4601 3991/6033/4600 3990/6040/4607
f 3994/6073/4640 3995/6038/4605 3996/6037/4604 3997/6074/4641
f 3999/6041/4608 3998/6048/4615 4000/6047/4614 4001/6042/4609
f 4002/6045/4612 4003/6075/4642 4004/6076/4643 4005/6046/4613
f 4007/6035/4602 4006/6050/4617 4008/6049/4616 4009/6036/4603
f 4010/6051/4618 4011/6044/4611 4013/6043/4610 4012/6052/4619
s 116
f 4006/6070/4637 4007/6060/4627 3992/6059/4626
s 115
f 4008/6072/4639 3993/6063/4630 4009/6077/4644
s 116
f 4010/6069/4636 3992/6059/4626 4011/6078/4645
s 115
f 4012/6071/4638 4013/6064/4631 3993/6063/4630
f 3997/6055/4622 3991/6054/4621 4009/6077/4644 3993/6063/4630
f 4001/6061/4628 4000/6079/4646 4005/6080/4647 4004/6062/4629
s 116
f 3995/6081/4648 3994/6058/4625 3989/6057/4624 3988/6082/4649
f 4003/6065/4632 3999/6068/4635 4011/6078/4645 3992/6059/4626
s 120
f 4020/6083/4650 4022/6084/4651 4054/6085/4652 4053/6086/4653
s 121
f 4021/6087/4654 4020/6088/4655 4026/6089/4656 4028/6090/4657
s 120
f 4093/6091/4658 4094/6092/4659 4024/6093/4660 4023/6094/4661
f 4023/6094/4661 4025/6095/4662 4038/6096/4663 4037/6097/4664
s 123
f 4025/6098/4665 4024/6099/4666 4030/6100/4667 4029/6101/4668
s 124
f 4027/6102/4669 4026/6103/4670 4056/6104/4671 4055/6105/4672
s 125
f 4028/6106/4673 4027/6107/4674 4031/6108/4675 4033/6109/4676
s 123
f 4029/6101/4668 4030/6100/4667 4034/6110/4677 4036/6111/4678
f 4032/6112/4679 4031/6113/4680 4048/6114/4681 4047/6115/4682
f 4033/6116/4683 4032/6112/4679 4035/6117/4684 4034/6110/4677
f 4036/6111/4678 4035/6117/4684 4043/6118/4685 4042/6119/4686
s 120
f 4037/6097/4664 4039/6120/4687 4091/6121/4688 4092/6122/4689
s 123
f 4039/6123/4690 4038/6124/4691 4045/6125/4692 4046/6126/4693
s 120
f 4040/6127/4694 4041/6128/4695 4058/6129/4696 4057/6130/4697
s 123
f 4042/6119/4686 4044/6131/4698 4046/6126/4693 4045/6125/4692
f 4044/6131/4698 4043/6118/4685 4047/6115/4682 4049/6132/4699
s 128
f 4049/6133/4700 4048/6134/4701 4051/6135/4702 4050/6136/4703
s 120
f 4052/6137/4704 4051/6138/4705 4060/6139/4706 4059/6140/4707
f 4053/6086/4653 4054/6085/4652 4062/6141/4708 4061/6142/4709
s 124
f 4055/6105/4672 4056/6104/4671 4064/6143/4710 4063/6144/4711
s 120
f 4057/6130/4697 4058/6129/4696 4066/6145/4712 4065/6146/4713
f 4059/6140/4707 4060/6139/4706 4068/6147/4714 4067/6148/4715
f 4061/6142/4709 4062/6141/4708 4070/6149/4716 4069/6150/4717
s 124
f 4063/6144/4711 4064/6143/4710 4071/6151/4718 4072/6152/4719
s 120
f 4065/6146/4713 4066/6145/4712 4074/6153/4720 4073/6154/4721
f 4067/6148/4715 4068/6147/4714 4078/6155/4722 4077/6156/4723
f 4073/6157/4721 4075/6158/4724 4095/6159/4725 4096/6160/4726
f 4075/6161/4724 4074/6153/4720 4077/6156/4723 4076/6162/4727
f 4076/6163/4727 4078/6164/4722 4097/6165/4728 4098/6166/4729
s 130
f 4079/6167/4730 4080/6168/4731 4089/6169/4732 4090/6170/4733
f 4080/6168/4731 4079/6167/4730 4082/6171/4734 4081/6172/4735
f 4081/6172/4735 4082/6171/4734 4084/6173/4736 4083/6174/4737
f 4083/6174/4737 4084/6173/4736 4086/6175/4738 4085/6176/4739
f 4085/6176/4739 4086/6175/4738 4087/6177/4740 4088/6178/4741
f 4088/6178/4741 4087/6177/4740 4090/6170/4733 4089/6169/4732
f 4085/6176/4739 4080/6168/4731 4081/6172/4735 4083/6174/4737
s 120
f 4092/6122/4689 4093/6091/4658 4023/6094/4661 4037/6097/4664
s 123
f 4045/6125/4692 4029/6101/4668 4036/6111/4678 4042/6119/4686
f 4035/6117/4684 4032/6112/4679 4047/6115/4682 4043/6118/4685
s 125
f 4048/6179/4742 4031/6108/4675 4027/6107/4674 4051/6180/4743
s 120
f 4022/6084/4651 4040/6181/4744 4057/6182/4745 4054/6085/4652
s 124
f 4060/6183/4746 4051/6184/4747 4027/6102/4669 4055/6105/4672
s 120
f 4054/6085/4652 4057/6182/4745 4065/6185/4748 4062/6141/4708
s 124
f 4060/6183/4746 4055/6105/4672 4063/6144/4711 4068/6186/4749
s 120
f 4062/6187/4708 4065/6188/4748 4073/6189/4750 4099/6190/4751 4070/6191/4752
s 124
f 4068/6186/4749 4063/6144/4711 4072/6152/4719 4100/6192/4753 4078/6193/4754
s 121
f 4056/6194/4755 4026/6089/4656 4020/6088/4655 4053/6195/4756
f 4064/6196/4757 4056/6194/4755 4053/6195/4756 4061/6197/4758
s 120
f 4066/6145/4712 4067/6148/4715 4077/6156/4723 4074/6153/4720
f 4058/6129/4696 4059/6140/4707 4067/6148/4715 4066/6145/4712
f 4041/6128/4695 4052/6137/4704 4059/6140/4707 4058/6129/4696
s 130
f 4088/6178/4741 4089/6169/4732 4080/6168/4731 4085/6176/4739
s 123
f 4025/6098/4665 4029/6101/4668 4045/6125/4692 4038/6124/4691
s 121
f 4028/6198/4657 4033/6199/4759 4034/6200/4760 4030/6201/4761
s 128
f 4046/6202/4762 4044/6203/4763 4016/6204/4764 4015/6205/4765
f 4044/6203/4763 4049/6133/4700 4017/6206/4766 4016/6204/4764
f 4049/6133/4700 4050/6136/4703 4014/6207/4767 4017/6206/4766
f 4091/6208/4768 4039/6209/4769 4019/6210/4770 4018/6211/4771
f 4039/6209/4769 4046/6202/4762 4015/6205/4765 4019/6210/4770
s 130
f 4015/6212/4772 4016/6213/4773 4082/6214/4734 4079/6215/4774
f 4016/6213/4773 4017/6216/4775 4084/6217/4736 4082/6214/4734
f 4017/6216/4775 4014/6218/4776 4086/6219/4777 4084/6217/4736
f 4018/6220/4778 4019/6221/4779 4090/6222/4733 4087/6223/4740
f 4019/6221/4779 4015/6212/4772 4079/6215/4774 4090/6222/4733
f 4014/6218/4776 4018/6220/4778 4087/6223/4740 4086/6219/4777
s 121
f 4069/6224/4780 4071/6225/4781 4064/6196/4757 4061/6197/4758
s 128
f 4050/6136/4703 4091/6208/4768 4018/6211/4771 4014/6207/4767
s 120
f 4020/6083/4650 4021/6226/4782 4022/6084/4651
f 4023/6094/4661 4024/6093/4660 4025/6095/4662
s 124
f 4026/6103/4670 4027/6102/4669 4028/6227/4783
s 123
f 4031/6113/4680 4032/6112/4679 4033/6116/4683
f 4034/6110/4677 4035/6117/4684 4036/6111/4678
s 120
f 4037/6097/4664 4038/6096/4663 4039/6120/4687
s 123
f 4042/6119/4686 4043/6118/4685 4044/6131/4698
f 4047/6115/4682 4048/6114/4681 4049/6132/4699
s 120
f 4073/6154/4721 4074/6153/4720 4075/6161/4724
f 4076/6162/4727 4077/6156/4723 4078/6155/4722
s 128
f 4050/6136/4703 4051/6135/4702 4052/6228/4784
s 121
f 4024/6229/4785 4094/6230/4786 4028/6198/4657 4030/6201/4761
s 128
f 4050/6136/4703 4052/6228/4784 4041/6231/4787 4091/6208/4768
s 120
f 4092/6122/4689 4091/6121/4688 4041/6232/4788 4040/6233/4744
f 4022/6234/4651 4093/6091/4658 4092/6122/4689 4040/6233/4744
f 4022/6234/4651 4021/6235/4782 4094/6092/4659 4093/6091/4658
s 121
f 4028/6198/4657 4094/6230/4786 4021/6236/4654
s 120
f 4098/6166/4729 4095/6159/4725 4075/6158/4724 4076/6163/4727
f 4096/6237/4789 4099/6238/4751 4073/6239/4750
s 124
f 4100/6240/4753 4097/6241/4790 4078/6242/4754
s 120
f 4107/6243/4791 4140/6244/4792 4141/6245/4793 4109/6246/4794
s 134
f 4108/6247/4795 4115/6248/4796 4113/6249/4797 4107/6250/4798
s 120
f 4176/6251/4799 4110/6252/4800 4111/6253/4801 4177/6254/4802
f 4110/6252/4800 4124/6255/4803 4125/6256/4804 4112/6257/4805
s 136
f 4112/6258/4806 4116/6259/4807 4117/6260/4808 4111/6261/4809
s 124
f 4114/6262/4810 4142/6263/4811 4143/6264/4812 4113/6265/4813
s 138
f 4115/6266/4814 4120/6267/4815 4118/6268/4816 4114/6269/4817
s 136
f 4116/6259/4807 4123/6270/4818 4121/6271/4819 4117/6260/4808
f 4119/6272/4820 4134/6273/4821 4135/6274/4822 4118/6275/4823
f 4120/6276/4824 4121/6271/4819 4122/6277/4825 4119/6272/4820
f 4123/6270/4818 4129/6278/4826 4130/6279/4827 4122/6277/4825
s 120
f 4124/6255/4803 4175/6280/4828 4174/6281/4829 4126/6282/4830
s 136
f 4126/6283/4831 4133/6284/4832 4132/6285/4833 4125/6286/4834
s 120
f 4127/6287/4835 4144/6288/4836 4145/6289/4837 4128/6290/4838
s 136
f 4129/6278/4826 4132/6285/4833 4133/6284/4832 4131/6291/4839
f 4131/6291/4839 4136/6292/4840 4134/6273/4821 4130/6279/4827
s 142
f 4136/6293/4841 4137/6294/4842 4138/6295/4843 4135/6296/4844
s 120
f 4139/6297/4845 4146/6298/4846 4147/6299/4847 4138/6300/4848
f 4140/6244/4792 4148/6301/4849 4149/6302/4850 4141/6245/4793
s 124
f 4142/6263/4811 4150/6303/4851 4151/6304/4852 4143/6264/4812
s 120
f 4144/6288/4836 4152/6305/4853 4153/6306/4854 4145/6289/4837
f 4146/6298/4846 4154/6307/4855 4155/6308/4856 4147/6299/4847
f 4148/6301/4849 4069/6309/4857 4070/6310/4752 4149/6302/4850
s 124
f 4150/6303/4851 4072/6311/4719 4071/6312/4858 4151/6304/4852
s 120
f 4152/6305/4853 4156/6313/4859 4157/6314/4860 4153/6306/4854
f 4154/6307/4855 4160/6315/4861 4161/6316/4862 4155/6308/4856
f 4156/6317/4859 4096/6160/4726 4095/6159/4725 4158/6318/4863
f 4158/6319/4863 4159/6320/4864 4160/6315/4861 4157/6314/4860
f 4159/6321/4864 4098/6166/4729 4097/6165/4728 4161/6322/4862
s 143
f 4162/6323/4865 4173/6324/4866 4172/6325/4867 4163/6326/4868
f 4163/6326/4868 4164/6327/4869 4165/6328/4870 4162/6323/4865
f 4164/6327/4869 4166/6329/4871 4167/6330/4872 4165/6328/4870
f 4166/6329/4871 4168/6331/4873 4169/6332/4874 4167/6330/4872
f 4168/6331/4873 4171/6333/4875 4170/6334/4876 4169/6332/4874
f 4171/6333/4875 4172/6325/4867 4173/6324/4866 4170/6334/4876
f 4168/6331/4873 4166/6329/4871 4164/6327/4869 4163/6326/4868
s 120
f 4175/6280/4828 4124/6255/4803 4110/6252/4800 4176/6251/4799
s 136
f 4132/6285/4833 4129/6278/4826 4123/6270/4818 4116/6259/4807
f 4122/6277/4825 4130/6279/4827 4134/6273/4821 4119/6272/4820
s 138
f 4135/6335/4877 4138/6336/4878 4114/6269/4817 4118/6268/4816
s 120
f 4109/6246/4794 4141/6245/4793 4144/6337/4879 4127/6338/4835
s 124
f 4147/6339/4880 4142/6263/4811 4114/6262/4810 4138/6340/4881
s 120
f 4141/6245/4793 4149/6302/4850 4152/6341/4882 4144/6337/4879
s 124
f 4147/6339/4880 4155/6342/4883 4150/6303/4851 4142/6263/4811
s 120
f 4149/6302/4850 4070/6310/4752 4099/6343/4751 4156/6344/4884 4152/6341/4882
s 124
f 4155/6342/4883 4161/6345/4885 4100/6346/4753 4072/6311/4719 4150/6303/4851
s 134
f 4143/6347/4886 4140/6348/4887 4107/6250/4798 4113/6249/4797
f 4151/6349/4888 4148/6350/4889 4140/6348/4887 4143/6347/4886
s 120
f 4153/6306/4854 4157/6314/4860 4160/6315/4861 4154/6307/4855
f 4145/6289/4837 4153/6306/4854 4154/6307/4855 4146/6298/4846
f 4128/6290/4838 4145/6289/4837 4146/6298/4846 4139/6297/4845
s 143
f 4171/6333/4875 4168/6331/4873 4163/6326/4868 4172/6325/4867
s 136
f 4112/6258/4806 4125/6286/4834 4132/6285/4833 4116/6259/4807
s 134
f 4115/6351/4796 4117/6352/4890 4121/6353/4891 4120/6354/4892
s 142
f 4133/6355/4893 4102/6356/4894 4103/6357/4895 4131/6358/4896
f 4131/6358/4896 4103/6357/4895 4104/6359/4897 4136/6293/4841
f 4136/6293/4841 4104/6359/4897 4101/6360/4898 4137/6294/4842
f 4174/6361/4899 4105/6362/4900 4106/6363/4901 4126/6364/4902
f 4126/6364/4902 4106/6363/4901 4102/6356/4894 4133/6355/4893
s 143
f 4102/6365/4903 4162/6366/4904 4165/6367/4870 4103/6368/4905
f 4103/6368/4905 4165/6367/4870 4167/6369/4872 4104/6370/4906
f 4104/6370/4906 4167/6369/4872 4169/6371/4907 4101/6372/4908
f 4105/6373/4909 4170/6374/4876 4173/6375/4866 4106/6376/4910
f 4106/6376/4910 4173/6375/4866 4162/6366/4904 4102/6365/4903
f 4101/6372/4908 4169/6371/4907 4170/6374/4876 4105/6373/4909
s 134
f 4069/6377/4911 4148/6350/4889 4151/6349/4888 4071/6378/4912
s 142
f 4137/6294/4842 4101/6360/4898 4105/6362/4900 4174/6361/4899
s 120
f 4107/6243/4791 4109/6246/4794 4108/6379/4913
f 4110/6252/4800 4112/6257/4805 4111/6253/4801
s 124
f 4113/6265/4813 4115/6380/4914 4114/6262/4810
s 136
f 4118/6275/4823 4120/6276/4824 4119/6272/4820
f 4121/6271/4819 4123/6270/4818 4122/6277/4825
s 120
f 4124/6255/4803 4126/6282/4830 4125/6256/4804
s 136
f 4129/6278/4826 4131/6291/4839 4130/6279/4827
f 4134/6273/4821 4136/6292/4840 4135/6274/4822
s 120
f 4156/6313/4859 4158/6319/4863 4157/6314/4860
f 4159/6320/4864 4161/6316/4862 4160/6315/4861
s 142
f 4137/6294/4842 4139/6381/4915 4138/6295/4843
s 134
f 4111/6382/4916 4117/6352/4890 4115/6351/4796 4177/6383/4917
s 142
f 4137/6294/4842 4174/6361/4899 4128/6384/4918 4139/6381/4915
s 120
f 4175/6280/4828 4127/6385/4835 4128/6386/4838 4174/6281/4829
f 4109/6387/4794 4127/6385/4835 4175/6280/4828 4176/6251/4799
f 4109/6387/4794 4176/6251/4799 4177/6254/4802 4108/6388/4913
s 134
f 4115/6351/4796 4108/6389/4795 4177/6383/4917
s 120
f 4098/6166/4729 4159/6321/4864 4158/6318/4863 4095/6159/4725
f 4096/6237/4789 4156/6390/4884 4099/6238/4751
s 124
f 4100/6240/4753 4161/6391/4885 4097/6241/4790
s 147
f 4178/6392/4919 4191/6393/4920 4192/6394/4921 4180/6395/4922
f 4179/6396/4923 4182/6397/4924 4183/6398/4925 4178/6392/4919
f 4180/6399/4922 4187/6400/4926 4188/6401/4927 4179/6402/4923
f 4181/6403/4928 4193/6404/4929 4194/6405/4930 4183/6398/4925
f 4182/6406/4924 4185/6407/4931 4186/6408/4932 4181/6409/4928
f 4184/6410/4933 4196/6411/4934 4197/6412/4935 4186/6408/4932
f 4185/6413/4931 4188/6414/4927 4189/6415/4936 4184/6416/4933
f 4187/6417/4926 4199/6418/4937 4200/6419/4938 4189/6415/4936
f 4190/6420/4939 4201/6421/4940 4199/6422/4941 4192/6423/4942
f 4191/6393/4920 4194/6405/4930 4195/6424/4943 4190/6425/4944
f 4193/6426/4945 4197/6412/4935 4198/6427/4946 4195/6428/4947
f 4196/6429/4948 4200/6419/4938 4201/6430/4949 4198/6431/4950
s off
f 4179/6432/4951 4188/6433/4952 4185/6434/4953 4182/6435/4954
s 147
f 4191/6393/4920 4178/6392/4919 4183/6398/4925 4194/6405/4930
f 4193/6426/4945 4181/6409/4928 4186/6408/4932 4197/6412/4935
f 4196/6429/4948 4184/6416/4933 4189/6415/4936 4200/6419/4938
f 4199/6422/4941 4187/6400/4926 4180/6399/4922 4192/6423/4942
f 4178/6392/4919 4180/6395/4922 4179/6396/4923
f 4181/6403/4928 4183/6398/4925 4182/6397/4924
f 4184/6410/4933 4186/6408/4932 4185/6407/4931
f 4187/6417/4926 4189/6415/4936 4188/6414/4927
f 4190/6425/4944 4192/6394/4921 4191/6393/4920
f 4193/6404/4929 4195/6424/4943 4194/6405/4930
f 4196/6411/4934 4198/6427/4946 4197/6412/4935
f 4199/6418/4937 4201/6430/4949 4200/6419/4938
s 154
f 4202/6436/4955 4214/6437/4956 4215/6438/4957 4204/6439/4958
f 4203/6440/4959 4209/6441/4960 4210/6442/4961 4202/6436/4955
s 155
f 4204/6443/4962 4205/6444/4963 4206/6445/4964 4203/6446/4965
f 4205/6444/4963 4218/6447/4966 4219/6448/4967 4207/6449/4968
s 156
f 4207/6450/4969 4211/6451/4970 4212/6452/4971 4206/6453/4972
s 157
f 4208/6454/4973 4224/6455/4974 4225/6456/4975 4210/6457/4976
f 4209/6458/4977 4212/6459/4978 4213/6460/4979 4208/6454/4973
f 4211/6461/4980 4221/6462/4981 4222/6463/4982 4213/6460/4979
s 154
f 4214/6437/4956 4225/6464/4983 4223/6465/4984 4216/6466/4985
s 155
f 4216/6467/4986 4217/6468/4987 4218/6447/4966 4215/6469/4988
s 156
f 4217/6470/4989 4220/6471/4990 4221/6472/4991 4219/6473/4992
s 157
f 4220/6474/4993 4223/6475/4994 4224/6455/4974 4222/6463/4982
s off
f 4216/6476/4995 4223/6477/4996 4220/6478/4997 4217/6479/4998
s 155
f 4204/6443/4962 4215/6469/4988 4218/6447/4966 4205/6444/4963
s 156
f 4207/6450/4969 4219/6473/4992 4221/6472/4991 4211/6451/4970
s 157
f 4213/6460/4979 4222/6463/4982 4224/6455/4974 4208/6454/4973
s 154
f 4210/6442/4961 4225/6464/4983 4214/6437/4956 4202/6436/4955
f 4202/6436/4955 4204/6439/4958 4203/6440/4959
s 155
f 4205/6444/4963 4207/6449/4968 4206/6445/4964
s 157
f 4208/6454/4973 4210/6457/4976 4209/6458/4977
f 4211/6461/4980 4213/6460/4979 4212/6459/4978
s 154
f 4214/6437/4956 4216/6466/4985 4215/6438/4957
s 155
f 4217/6468/4987 4219/6448/4967 4218/6447/4966
s 157
f 4220/6474/4993 4222/6463/4982 4221/6462/4981
f 4223/6475/4994 4225/6456/4975 4224/6455/4974
s 160
f 4226/6480/4999 4228/6481/5000 4240/6482/5001 4239/6483/5002
f 4227//5003 4226//4999 4231//5004 4230//5005
s 161
f 4228/6484/5006 4227/6485/5007 4236/6486/5008 4235/6487/5009
s 160
f 4229/6488/5010 4231/6489/5004 4242/6490/5011 4241/6491/5012
f 4230/6492/5005 4229/6493/5013 4234/6494/5014 4233/6495/5015
f 4232/6496/5016 4234/6494/5014 4245/6497/5017 4244/6498/5018
f 4233/6499/5015 4232/6500/5016 4237/6501/5019 4236/6502/5020
f 4235/6503/5021 4237/6501/5019 4248/6504/5022 4247/6505/5023
s 161
f 4238/6506/5024 4240/6507/5025 4247/6508/5026 4249/6509/5027
s 160
f 4239/6483/5002 4238/6510/5028 4243/6511/5029 4242/6490/5011
f 4241/6512/5030 4243/6513/5031 4246/6514/5032 4245/6497/5017
f 4244/6515/5033 4246/6516/5034 4249/6517/5035 4248/6504/5022
f 4227/6518/5003 4230/6519/5005 4233/6520/5015 4236/6521/5036
f 4239/6483/5002 4242/6490/5011 4231/6489/5004 4226/6480/4999
f 4241/6512/5030 4245/6497/5017 4234/6494/5014 4229/6493/5013
f 4244/6515/5033 4248/6504/5022 4237/6501/5019 4232/6500/5016
s 161
f 4247/6508/5026 4240/6507/5025 4228/6484/5006 4235/6487/5009
s 160
f 4226/6480/4999 4227/6522/5003 4228/6481/5000
f 4229/6488/5010 4230/6523/5005 4231/6489/5004
f 4232/6496/5016 4233/6495/5015 4234/6494/5014
f 4235/6524/5021 4236/6525/5020 4237/6526/5019
f 4238/6510/5028 4239/6483/5002 4240/6482/5001
f 4241/6491/5012 4242/6490/5011 4243/6511/5029
f 4244/6498/5018 4245/6497/5017 4246/6514/5032
f 4247/6505/5023 4248/6504/5022 4249/6517/5035
s 163
f 4250/6527/5037 4252/6528/5038 4264/6529/5039 4263/6530/5040
f 4251/6531/5041 4250/6527/5037 4255/6532/5042 4254/6533/5043
f 4252/6534/5038 4251/6535/5041 4260/6536/5044 4259/6537/5045
f 4253/6538/5046 4255/6532/5042 4266/6539/5047 4265/6540/5048
f 4254/6541/5043 4253/6542/5046 4258/6543/5049 4257/6544/5050
f 4256/6545/5051 4258/6543/5049 4269/6546/5052 4268/6547/5053
f 4257/6548/5050 4256/6549/5051 4261/6550/5054 4260/6551/5044
f 4259/6552/5045 4261/6550/5054 4272/6553/5055 4271/6554/5056
f 4262/6555/5057 4264/6556/5058 4271/6557/5059 4273/6558/5060
f 4263/6530/5040 4262/6559/5061 4267/6560/5062 4266/6539/5047
f 4265/6561/5063 4267/6562/5064 4270/6563/5065 4269/6546/5052
f 4268/6564/5066 4270/6565/5067 4273/6566/5068 4272/6553/5055
f 4251/6567/5041 4254/6568/5069 4257/6569/5070 4260/6570/5044
f 4263/6530/5040 4266/6539/5047 4255/6532/5042 4250/6527/5037
f 4265/6561/5063 4269/6546/5052 4258/6543/5049 4253/6542/5046
s off
f 4268/6571/5071 4272/6572/5072 4261/6573/5073 4256/6574/5074
s 163
f 4271/6557/5059 4264/6556/5058 4252/6534/5038 4259/6537/5045
f 4250/6575/5037 4251/6576/5041 4252/6577/5038
f 4253/6538/5046 4254/6533/5043 4255/6532/5042
f 4256/6545/5051 4257/6544/5050 4258/6543/5049
f 4259/6552/5045 4260/6551/5044 4261/6550/5054
f 4262/6559/5061 4263/6530/5040 4264/6529/5039
f 4265/6540/5048 4266/6539/5047 4267/6560/5062
f 4268/6547/5053 4269/6546/5052 4270/6563/5065
f 4271/6554/5056 4272/6553/5055 4273/6566/5068
s 164
f 4274/6578/5075 4286/6579/5076 4287/6580/5077 4276/6581/5078
f 4275/6582/5079 4281/6583/5080 4282/6584/5081 4274/6578/5075
s 165
f 4276/6585/5082 4277/6586/5083 4278/6587/5084 4275/6588/5085
f 4277/6586/5083 4290/6589/5086 4291/6590/5087 4279/6591/5088
s 164
f 4280/6592/5089 4296/6593/5090 4297/6594/5091 4282/6595/5092
f 4281/6596/5093 4284/6597/5094 4285/6598/5095 4280/6592/5089
f 4283/6599/5096 4293/6600/5097 4294/6601/5098 4285/6598/5095
f 4286/6579/5076 4297/6602/5091 4295/6603/5099 4288/6604/5100
s 165
f 4288/6605/5101 4289/6606/5102 4290/6589/5086 4287/6607/5103
s 164
f 4292/6608/5104 4295/6609/5099 4296/6593/5090 4294/6601/5098
s off
f 4288/6610/5105 4295/6611/5106 4292/6612/5107 4289/6613/5108
s 165
f 4276/6585/5082 4287/6607/5103 4290/6589/5086 4277/6586/5083
s 164
f 4285/6598/5095 4294/6601/5098 4296/6593/5090 4280/6592/5089
f 4282/6584/5081 4297/6602/5091 4286/6579/5076 4274/6578/5075
f 4274/6578/5075 4276/6581/5078 4275/6582/5079
s 165
f 4277/6586/5083 4279/6591/5088 4278/6587/5084
s 164
f 4280/6592/5089 4282/6595/5092 4281/6596/5093
f 4283/6599/5096 4285/6598/5095 4284/6597/5094
f 4286/6579/5076 4288/6604/5100 4287/6580/5077
s 165
f 4289/6606/5102 4291/6590/5087 4290/6589/5086
s 164
f 4292/6608/5104 4294/6601/5098 4293/6600/5097
f 4295/6609/5099 4297/6594/5091 4296/6593/5090
s 169
f 4298/6614/5109 4311/6615/5110 4312/6616/5111 4300/6617/5112
f 4299/6618/5113 4302/6619/5114 4303/6620/5115 4298/6614/5109
f 4300/6621/5112 4307/6622/5116 4308/6623/5117 4299/6624/5113
f 4301/6625/5118 4313/6626/5119 4314/6627/5120 4303/6620/5115
f 4302/6628/5114 4305/6629/5121 4306/6630/5122 4301/6631/5118
f 4304/6632/5123 4316/6633/5124 4317/6634/5125 4306/6630/5122
f 4305/6635/5121 4308/6636/5126 4309/6637/5127 4304/6638/5123
f 4307/6639/5128 4319/6640/5129 4320/6641/5130 4309/6637/5127
f 4310/6642/5131 4321/6643/5132 4319/6644/5133 4312/6645/5134
f 4311/6615/5110 4314/6627/5120 4315/6646/5135 4310/6647/5136
f 4313/6648/5137 4317/6634/5125 4318/6649/5138 4315/6650/5139
f 4316/6651/5140 4320/6641/5130 4321/6652/5141 4318/6653/5142
f 4299/6654/5113 4308/6655/5117 4305/6656/5143 4302/6657/5144
f 4311/6615/5110 4298/6614/5109 4303/6620/5115 4314/6627/5120
f 4313/6648/5137 4301/6631/5118 4306/6630/5122 4317/6634/5125
f 4316/6651/5140 4304/6638/5123 4309/6637/5127 4320/6641/5130
f 4319/6644/5133 4307/6622/5116 4300/6621/5112 4312/6645/5134
f 4298/6614/5109 4300/6617/5112 4299/6618/5113
f 4301/6625/5118 4303/6620/5115 4302/6619/5114
f 4304/6632/5123 4306/6630/5122 4305/6629/5121
f 4307/6639/5128 4309/6637/5127 4308/6636/5126
f 4310/6647/5136 4312/6616/5111 4311/6615/5110
f 4313/6626/5119 4315/6646/5135 4314/6627/5120
f 4316/6633/5124 4318/6649/5138 4317/6634/5125
f 4319/6640/5129 4321/6652/5141 4320/6641/5130
s 177
f 4322/6658/5145 4324/6659/5146 4336/6660/5147 4335/6661/5148
f 4323/6662/5149 4322/6658/5145 4327/6663/5150 4326/6664/5151
f 4324/6665/5146 4323/6666/5149 4332/6667/5152 4331/6668/5153
f 4325/6669/5154 4327/6663/5150 4338/6670/5155 4337/6671/5156
f 4326/6672/5151 4325/6673/5154 4330/6674/5157 4329/6675/5158
f 4328/6676/5159 4330/6674/5157 4341/6677/5160 4340/6678/5161
f 4329//5158 4328//5159 4333//5162 4332//5152
f 4331/6679/5153 4333/6680/5162 4344/6681/5163 4343/6682/5164
f 4334/6683/5165 4336/6684/5166 4343/6685/5167 4345/6686/5168
f 4335/6661/5148 4334/6687/5169 4339/6688/5170 4338/6670/5155
f 4337/6689/5171 4339/6690/5172 4342/6691/5173 4341/6677/5160
f 4340/6692/5174 4342/6693/5175 4345/6694/5176 4344/6681/5163
f 4323/6695/5149 4326/6696/5177 4329/6697/5178 4332/6698/5152
f 4335/6661/5148 4338/6670/5155 4327/6663/5150 4322/6658/5145
f 4337/6689/5171 4341/6677/5160 4330/6674/5157 4325/6673/5154
f 4340/6692/5174 4344/6681/5163 4333/6680/5162 4328/6699/5179
f 4343/6685/5167 4336/6684/5166 4324/6665/5146 4331/6668/5153
f 4322/6700/5145 4323/6701/5149 4324/6702/5146
f 4325/6669/5154 4326/6664/5151 4327/6663/5150
f 4328/6676/5159 4329/6675/5158 4330/6674/5157
f 4331//5153 4332//5152 4333//5162
f 4334/6687/5169 4335/6661/5148 4336/6660/5147
f 4337/6671/5156 4338/6670/5155 4339/6688/5170
f 4340/6678/5161 4341/6677/5160 4342/6691/5173
f 4343/6682/5164 4344/6681/5163 4345/6694/5176
s 178
f 4346/6703/5180 4348/6704/5181 4359/6705/5182 4358/6706/5183
f 4347/6707/5184 4346/6703/5180 4354/6708/5185 4353/6709/5186
f 4348/6710/5187 4347/6711/5188 4350/6712/5189 4349/6713/5190
f 4349/6713/5190 4351/6714/5191 4363/6715/5192 4362/6716/5193
f 4351/6717/5194 4350/6718/5195 4356/6719/5196 4355/6720/5197
f 4352/6721/5198 4354/6722/5199 4369/6723/5200 4368/6724/5201
f 4353/6725/5202 4352/6721/5198 4357/6726/5203 4356/6727/5204
f 4355/6728/5205 4357/6726/5203 4366/6729/5206 4365/6730/5207
f 4358/6706/5183 4360/6731/5208 4367/6732/5209 4369/6733/5200
f 4360/6734/5210 4359/6735/5211 4362/6716/5193 4361/6736/5212
f 4361/6737/5212 4363/6738/5192 4365/6739/5207 4364/6740/5213
f 4364/6741/5213 4366/6729/5206 4368/6724/5201 4367/6742/5209
s off
f 4360/6743/5214 4361/6744/5215 4364/6745/5216 4367/6746/5217
s 178
f 4348/6710/5187 4349/6713/5190 4362/6716/5193 4359/6735/5211
f 4351/6717/5194 4355/6720/5197 4365/6739/5207 4363/6738/5192
f 4357/6726/5203 4352/6721/5198 4368/6724/5201 4366/6729/5206
f 4354/6708/5185 4346/6703/5180 4358/6706/5183 4369/6733/5200
f 4346/6703/5180 4347/6707/5184 4348/6704/5181
f 4349/6713/5190 4350/6712/5189 4351/6714/5191
f 4352/6721/5198 4353/6725/5202 4354/6722/5199
f 4355/6728/5205 4356/6727/5204 4357/6726/5203
f 4358/6706/5183 4359/6705/5182 4360/6731/5208
f 4361/6736/5212 4362/6716/5193 4363/6715/5192
f 4364/6741/5213 4365/6730/5207 4366/6729/5206
f 4367/6742/5209 4368/6724/5201 4369/6723/5200
s 182
f 4370/6747/5218 4372/6748/5219 4384/6749/5220 4383/6750/5221
f 4371/6751/5222 4370/6747/5218 4375/6752/5223 4374/6753/5224
f 4372/6754/5219 4371/6755/5222 4380/6756/5225 4379/6757/5226
f 4373/6758/5227 4375/6752/5223 4386/6759/5228 4385/6760/5229
f 4374/6761/5224 4373/6762/5227 4378/6763/5230 4377/6764/5231
f 4376/6765/5232 4378/6766/5230 4389/6767/5233 4388/6768/5234
f 4377/6769/5231 4376/6770/5232 4381/6771/5235 4380/6772/5236
f 4379/6773/5237 4381/6771/5235 4392/6774/5238 4391/6775/5239
f 4382/6776/5240 4384/6777/5241 4391/6778/5242 4393/6779/5243
f 4383/6750/5221 4382/6780/5244 4387/6781/5245 4386/6759/5228
f 4385/6782/5246 4387/6783/5247 4390/6784/5248 4389/6785/5249
f 4388/6786/5250 4390/6787/5251 4393/6788/5252 4392/6774/5238
s off
f 4371/6789/5253 4374/6790/5254 4377/6791/5255 4380/6792/5256
s 182
f 4383/6750/5221 4386/6759/5228 4375/6752/5223 4370/6747/5218
f 4385/6782/5246 4389/6785/5249 4378/6763/5230 4373/6762/5227
f 4388/6786/5250 4392/6774/5238 4381/6771/5235 4376/6770/5232
f 4391/6778/5242 4384/6777/5241 4372/6754/5219 4379/6757/5226
f 4370/6747/5218 4371/6751/5222 4372/6748/5219
f 4373/6758/5227 4374/6753/5224 4375/6752/5223
f 4376/6793/5232 4377/6764/5231 4378/6763/5230
f 4379/6773/5237 4380/6772/5236 4381/6771/5235
s off
f 4382/6794/5257 4383/6795/5258 4384/6796/5259
s 182
f 4385/6760/5229 4386/6759/5228 4387/6781/5245
f 4388/6797/5260 4389/6785/5249 4390/6784/5248
f 4391/6775/5239 4392/6774/5238 4393/6788/5252
s 184
f 4394/6798/5261 4407/6799/5262 4408/6800/5263 4396/6801/5264
f 4395/6802/5265 4398/6803/5266 4399/6804/5267 4394/6798/5261
f 4396/6805/5264 4403/6806/5268 4404/6807/5269 4395/6808/5265
f 4397/6809/5270 4409/6810/5271 4410/6811/5272 4399/6804/5267
f 4398/6812/5266 4401/6813/5273 4402/6814/5274 4397/6815/5270
f 4400/6816/5275 4412/6817/5276 4413/6818/5277 4402/6819/5274
f 4401/6820/5273 4404/6821/5278 4405/6822/5279 4400/6823/5275
f 4403/6824/5280 4415/6825/5281 4416/6826/5282 4405/6822/5279
f 4406/6827/5283 4417/6828/5284 4415/6829/5285 4408/6830/5263
f 4407/6799/5262 4410/6811/5272 4411/6831/5286 4406/6832/5287
f 4409/6833/5288 4413/6834/5289 4414/6835/5290 4411/6836/5291
f 4412/6837/5292 4416/6826/5282 4417/6838/5293 4414/6839/5294
s off
f 4395/6840/5295 4404/6841/5296 4401/6842/5297 4398/6843/5298
s 184
f 4407/6799/5262 4394/6798/5261 4399/6804/5267 4410/6811/5272
f 4409/6833/5288 4397/6815/5270 4402/6814/5274 4413/6834/5289
f 4412/6837/5292 4400/6823/5275 4405/6822/5279 4416/6826/5282
f 4415/6829/5285 4403/6806/5268 4396/6805/5264 4408/6830/5263
f 4394/6798/5261 4396/6801/5264 4395/6802/5265
f 4397/6809/5270 4399/6804/5267 4398/6803/5266
f 4400/6844/5275 4402/6814/5274 4401/6813/5273
f 4403/6824/5280 4405/6822/5279 4404/6821/5278
s off
f 4406/6845/5299 4408/6846/5300 4407/6847/5301
s 184
f 4409/6810/5271 4411/6831/5286 4410/6811/5272
f 4412/6848/5302 4414/6835/5290 4413/6834/5289
f 4415/6825/5281 4417/6838/5293 4416/6826/5282
s 190
f 4418/6849/5303 4420/6850/5304 4431/6851/5305 4430/6852/5306
f 4419/6853/5307 4418/6849/5303 4426/6854/5308 4425/6855/5309
s 191
f 4420/6856/5310 4419/6857/5311 4422/6858/5312 4421/6859/5313
f 4421/6859/5313 4423/6860/5314 4435/6861/5315 4434/6862/5316
s 192
f 4423/6863/5317 4422/6864/5318 4428/6865/5319 4427/6866/5320
s 193
f 4424/6867/5321 4426/6868/5322 4441/6869/5323 4440/6870/5324
f 4425/6871/5325 4424/6867/5321 4429/6872/5326 4428/6873/5327
f 4427/6874/5328 4429/6872/5326 4438/6875/5329 4437/6876/5330
s 190
f 4430/6852/5306 4432/6877/5331 4439/6878/5332 4441/6879/5333
s 191
f 4432/6880/5334 4431/6881/5335 4434/6862/5316 4433/6882/5336
s 192
f 4433/6883/5337 4435/6884/5338 4437/6885/5339 4436/6886/5340
s 193
f 4436/6887/5341 4438/6875/5329 4440/6870/5324 4439/6888/5342
s off
f 4432/6889/5343 4433/6890/5344 4436/6891/5345 4439/6892/5346
s 191
f 4420/6856/5310 4421/6859/5313 4434/6862/5316 4431/6881/5335
s 192
f 4423/6863/5317 4427/6866/5320 4437/6885/5339 4435/6884/5338
s 193
f 4429/6872/5326 4424/6867/5321 4440/6870/5324 4438/6875/5329
s 190
f 4426/6854/5308 4418/6849/5303 4430/6852/5306 4441/6879/5333
f 4418/6849/5303 4419/6853/5307 4420/6850/5304
s 191
f 4421/6859/5313 4422/6858/5312 4423/6860/5314
s 193
f 4424/6867/5321 4425/6871/5325 4426/6868/5322
f 4427/6874/5328 4428/6873/5327 4429/6872/5326
s 190
f 4430/6852/5306 4431/6851/5305 4432/6877/5331
s 191
f 4433/6882/5336 4434/6862/5316 4435/6861/5315
s 193
f 4436/6887/5341 4437/6876/5330 4438/6875/5329
f 4439/6888/5342 4440/6870/5324 4441/6869/5323
s 194
f 4448/6893/5347 4450/6894/5348 4482/6895/5349 4481/6896/5350
s 195
f 4449/6897/5351 4448/6898/5352 4454/6899/5353 4456/6900/5354
s 194
f 4521/6901/5355 4522/6902/5356 4452/6903/5357 4451/6904/5358
f 4451/6904/5358 4453/6905/5359 4466/6906/5360 4465/6907/5361
s 197
f 4453/6908/5362 4452/6909/5363 4458/6910/5364 4457/6911/5365
s 198
f 4455/6912/5366 4454/6913/5367 4484/6914/5368 4483/6915/5369
s 199
f 4456/6916/5370 4455/6917/5371 4459/6918/5372 4461/6919/5373
s 197
f 4457/6911/5365 4458/6910/5364 4462/6920/5374 4464/6921/5375
f 4460/6922/5376 4459/6923/5377 4476/6924/5378 4475/6925/5379
f 4461/6926/5380 4460/6922/5376 4463/6927/5381 4462/6920/5374
f 4464/6921/5375 4463/6927/5381 4471/6928/5382 4470/6929/5383
s 194
f 4465/6907/5361 4467/6930/5384 4519/6931/5385 4520/6932/5386
s 197
f 4467/6933/5387 4466/6934/5388 4473/6935/5389 4474/6936/5390
s 201
f 4468/6937/5391 4469/6938/5392 4486/6939/5393 4485/6940/5394
s 197
f 4470/6929/5383 4472/6941/5395 4474/6936/5390 4473/6935/5389
f 4472/6941/5395 4471/6928/5382 4475/6925/5379 4477/6942/5396
s 202
f 4477/6943/5397 4476/6944/5398 4479/6945/5399 4478/6946/5400
s 201
f 4480/6947/5401 4479/6948/5402 4488/6949/5403 4487/6950/5404
s 194
f 4481/6896/5350 4482/6895/5349 4490/6951/5405 4489/6952/5406
s 198
f 4483/6915/5369 4484/6914/5368 4492/6953/5407 4491/6954/5408
s 201
f 4485/6940/5394 4486/6939/5393 4494/6955/5409 4493/6956/5410
f 4487/6950/5404 4488/6949/5403 4496/6957/5411 4495/6958/5412
s 194
f 4489/6952/5406 4490/6951/5405 4498/6959/5413 4497/6960/5414
s 198
f 4491/6954/5408 4492/6953/5407 4499/6961/5415 4500/6962/5416
s 201
f 4493/6956/5410 4494/6955/5409 4502/6963/5417 4501/6964/5418
f 4495/6958/5412 4496/6957/5411 4506/6965/5419 4505/6966/5420
f 4501/6967/5418 4503/6968/5421 4523/6969/5422 4524/6970/5423
f 4503/6971/5421 4502/6963/5417 4505/6966/5420 4504/6972/5424
f 4504/6973/5424 4506/6974/5419 4525/6975/5425 4526/6976/5426
s 204
f 4507/6977/5427 4508/6978/5428 4517/6979/5429 4518/6980/5430
f 4508/6978/5428 4507/6977/5427 4510/6981/5431 4509/6982/5432
f 4509/6982/5432 4510/6981/5431 4512/6983/5433 4511/6984/5434
f 4511/6984/5434 4512/6983/5433 4514/6985/5435 4513/6986/5436
f 4513/6986/5436 4514/6985/5435 4515/6987/5437 4516/6988/5438
f 4516/6988/5438 4515/6987/5437 4518/6980/5430 4517/6979/5429
f 4513/6986/5436 4508/6978/5428 4509/6982/5432 4511/6984/5434
s 194
f 4520/6932/5386 4521/6901/5355 4451/6904/5358 4465/6907/5361
s 197
f 4473/6935/5389 4457/6911/5365 4464/6921/5375 4470/6929/5383
f 4463/6927/5381 4460/6922/5376 4475/6925/5379 4471/6928/5382
s 199
f 4476/6989/5439 4459/6918/5372 4455/6917/5371 4479/6990/5440
s 194
f 4450/6894/5348 4468/6991/5441 4485/6992/5442 4482/6895/5349
s 198
f 4488/6993/5443 4479/6994/5444 4455/6912/5366 4483/6915/5369
s 194
f 4482/6895/5349 4485/6992/5442 4493/6995/5445 4490/6951/5405
s 198
f 4488/6993/5443 4483/6915/5369 4491/6954/5408 4496/6996/5446
s 194
f 4490/6951/5405 4493/6995/5445 4501/6997/5447 4527/6998/5448 4498/6959/5413
s 198
f 4496/6999/5446 4491/7000/5408 4500/7001/5449 4528/7002/5450 4506/7003/5451
s 195
f 4484/7004/5452 4454/6899/5353 4448/6898/5352 4481/7005/5453
f 4492/7006/5454 4484/7004/5452 4481/7005/5453 4489/7007/5455
s 201
f 4494/6955/5409 4495/6958/5412 4505/6966/5420 4502/6963/5417
f 4486/6939/5393 4487/6950/5404 4495/6958/5412 4494/6955/5409
f 4469/6938/5392 4480/6947/5401 4487/6950/5404 4486/6939/5393
s 204
f 4516/6988/5438 4517/6979/5429 4508/6978/5428 4513/6986/5436
s 197
f 4453/6908/5362 4457/6911/5365 4473/6935/5389 4466/6934/5388
s 195
f 4456/7008/5354 4461/7009/5456 4462/7010/5457 4458/7011/5458
s 202
f 4474/7012/5459 4472/7013/5460 4444/7014/5461 4443/7015/5462
f 4472/7013/5460 4477/6943/5397 4445/7016/5463 4444/7014/5461
f 4477/6943/5397 4478/6946/5400 4442/7017/5464 4445/7016/5463
f 4519/7018/5465 4467/7019/5466 4447/7020/5467 4446/7021/5468
f 4467/7019/5466 4474/7012/5459 4443/7015/5462 4447/7020/5467
s 204
f 4443/7022/5469 4444/7023/5470 4510/7024/5431 4507/7025/5471
f 4444/7023/5470 4445/7026/5472 4512/7027/5433 4510/7024/5431
f 4445/7026/5472 4442/7028/5473 4514/7029/5474 4512/7027/5433
f 4446/7030/5475 4447/7031/5476 4518/7032/5430 4515/7033/5437
f 4447/7031/5476 4443/7022/5469 4507/7025/5471 4518/7032/5430
f 4442/7028/5473 4446/7030/5475 4515/7033/5437 4514/7029/5474
s 195
f 4497/7034/5477 4499/7035/5478 4492/7006/5454 4489/7007/5455
s 202
f 4478/6946/5400 4519/7018/5465 4446/7021/5468 4442/7017/5464
s 194
f 4448/6893/5347 4449/7036/5479 4450/6894/5348
f 4451/6904/5358 4452/6903/5357 4453/6905/5359
s 198
f 4454/6913/5367 4455/6912/5366 4456/7037/5480
s 197
f 4459/6923/5377 4460/6922/5376 4461/6926/5380
f 4462/6920/5374 4463/6927/5381 4464/6921/5375
s 194
f 4465/6907/5361 4466/6906/5360 4467/6930/5384
s 197
f 4470/6929/5383 4471/6928/5382 4472/6941/5395
f 4475/6925/5379 4476/6924/5378 4477/6942/5396
s 201
f 4501/6964/5418 4502/6963/5417 4503/6971/5421
f 4504/6972/5424 4505/6966/5420 4506/6965/5419
s 202
f 4478/6946/5400 4479/6945/5399 4480/7038/5481
s 195
f 4452/7039/5482 4522/7040/5483 4456/7008/5354 4458/7011/5458
s 202
f 4478/6946/5400 4480/7038/5481 4469/7041/5484 4519/7018/5465
s 194
f 4520/6932/5386 4519/6931/5385 4469/7042/5485 4468/7043/5441
f 4450/7044/5348 4521/6901/5355 4520/6932/5386 4468/7043/5441
f 4450/7044/5348 4449/7045/5479 4522/6902/5356 4521/6901/5355
s 195
f 4456/7008/5354 4522/7040/5483 4449/7046/5351
s 201
f 4526/6976/5426 4523/6969/5422 4503/6968/5421 4504/6973/5424
s 194
f 4524/7047/5486 4527/7048/5448 4501/7049/5447
s 198
f 4528/7050/5450 4525/7051/5487 4506/7052/5451
s 194
f 4535/7053/5488 4568/7054/5489 4569/7055/5490 4537/7056/5491
s 208
f 4536/7057/5492 4543/7058/5493 4541/7059/5494 4535/7060/5495
s 194
f 4604/7061/5496 4538/7062/5497 4539/7063/5498 4605/7064/5499
f 4538/7062/5497 4552/7065/5500 4553/7066/5501 4540/7067/5502
s 210
f 4540/7068/5503 4544/7069/5504 4545/7070/5505 4539/7071/5506
s 198
f 4542/7072/5507 4570/7073/5508 4571/7074/5509 4541/7075/5510
s 212
f 4543/7076/5511 4548/7077/5512 4546/7078/5513 4542/7079/5514
s 210
f 4544/7069/5504 4551/7080/5515 4549/7081/5516 4545/7070/5505
f 4547/7082/5517 4562/7083/5518 4563/7084/5519 4546/7085/5520
f 4548/7086/5521 4549/7081/5516 4550/7087/5522 4547/7082/5517
f 4551/7080/5515 4557/7088/5523 4558/7089/5524 4550/7087/5522
s 194
f 4552/7065/5500 4603/7090/5525 4602/7091/5526 4554/7092/5527
s 210
f 4554/7093/5528 4561/7094/5529 4560/7095/5530 4553/7096/5531
s 201
f 4555/7097/5532 4572/7098/5533 4573/7099/5534 4556/7100/5535
s 210
f 4557/7088/5523 4560/7095/5530 4561/7094/5529 4559/7101/5536
f 4559/7101/5536 4564/7102/5537 4562/7083/5518 4558/7089/5524
s 216
f 4564/7103/5538 4565/7104/5539 4566/7105/5540 4563/7106/5541
s 201
f 4567/7107/5542 4574/7108/5543 4575/7109/5544 4566/7110/5545
s 194
f 4568/7054/5489 4576/7111/5546 4577/7112/5547 4569/7055/5490
s 198
f 4570/7073/5508 4578/7113/5548 4579/7114/5549 4571/7074/5509
s 201
f 4572/7098/5533 4580/7115/5550 4581/7116/5551 4573/7099/5534
f 4574/7108/5543 4582/7117/5552 4583/7118/5553 4575/7109/5544
s 194
f 4576/7111/5546 4497/7119/5554 4498/7120/5413 4577/7112/5547
s 198
f 4578/7113/5548 4500/7121/5555 4499/7122/5556 4579/7114/5549
s 201
f 4580/7115/5550 4584/7123/5557 4585/7124/5558 4581/7116/5551
f 4582/7117/5552 4588/7125/5559 4589/7126/5560 4583/7118/5553
f 4584/7127/5557 4524/6970/5423 4523/6969/5422 4586/7128/5561
f 4586/7129/5561 4587/7130/5562 4588/7125/5559 4585/7124/5558
f 4587/7131/5562 4526/6976/5426 4525/6975/5425 4589/7132/5560
s 217
f 4590/7133/5563 4601/7134/5564 4600/7135/5565 4591/7136/5566
f 4591/7136/5566 4592/7137/5567 4593/7138/5568 4590/7133/5563
f 4592/7137/5567 4594/7139/5569 4595/7140/5570 4593/7138/5568
f 4594/7139/5569 4596/7141/5571 4597/7142/5572 4595/7140/5570
f 4596/7141/5571 4599/7143/5573 4598/7144/5574 4597/7142/5572
f 4599/7143/5573 4600/7135/5565 4601/7134/5564 4598/7144/5574
f 4596/7141/5571 4594/7139/5569 4592/7137/5567 4591/7136/5566
s 194
f 4603/7090/5525 4552/7065/5500 4538/7062/5497 4604/7061/5496
s 210
f 4560/7095/5530 4557/7088/5523 4551/7080/5515 4544/7069/5504
f 4550/7087/5522 4558/7089/5524 4562/7083/5518 4547/7082/5517
s 212
f 4563/7145/5575 4566/7146/5576 4542/7079/5514 4546/7078/5513
s 194
f 4537/7056/5491 4569/7055/5490 4572/7147/5577 4555/7148/5578
s 198
f 4575/7149/5579 4570/7073/5508 4542/7072/5507 4566/7150/5580
s 194
f 4569/7055/5490 4577/7112/5547 4580/7151/5581 4572/7147/5577
s 198
f 4575/7149/5579 4583/7152/5582 4578/7113/5548 4570/7073/5508
s 194
f 4577/7112/5547 4498/7120/5413 4527/7153/5448 4584/7154/5583 4580/7151/5581
s 198
f 4583/7155/5582 4589/7156/5584 4528/7157/5450 4500/7158/5449 4578/7159/5548
s 208
f 4571/7160/5585 4568/7161/5586 4535/7060/5495 4541/7059/5494
f 4579/7162/5587 4576/7163/5588 4568/7161/5586 4571/7160/5585
s 201
f 4581/7116/5551 4585/7124/5558 4588/7125/5559 4582/7117/5552
f 4573/7099/5534 4581/7116/5551 4582/7117/5552 4574/7108/5543
f 4556/7100/5535 4573/7099/5534 4574/7108/5543 4567/7107/5542
s 217
f 4599/7143/5573 4596/7141/5571 4591/7136/5566 4600/7135/5565
s 210
f 4540/7068/5503 4553/7096/5531 4560/7095/5530 4544/7069/5504
s 208
f 4543/7164/5493 4545/7165/5589 4549/7166/5590 4548/7167/5591
s 216
f 4561/7168/5592 4530/7169/5593 4531/7170/5594 4559/7171/5595
f 4559/7171/5595 4531/7170/5594 4532/7172/5596 4564/7103/5538
f 4564/7103/5538 4532/7172/5596 4529/7173/5597 4565/7104/5539
f 4602/7174/5598 4533/7175/5599 4534/7176/5600 4554/7177/5601
f 4554/7177/5601 4534/7176/5600 4530/7169/5593 4561/7168/5592
s 217
f 4530/7178/5602 4590/7179/5603 4593/7180/5568 4531/7181/5604
f 4531/7181/5604 4593/7180/5568 4595/7182/5570 4532/7183/5605
f 4532/7183/5605 4595/7182/5570 4597/7184/5606 4529/7185/5607
f 4533/7186/5608 4598/7187/5574 4601/7188/5564 4534/7189/5609
f 4534/7189/5609 4601/7188/5564 4590/7179/5603 4530/7178/5602
f 4529/7185/5607 4597/7184/5606 4598/7187/5574 4533/7186/5608
s 208
f 4497/7190/5610 4576/7163/5588 4579/7162/5587 4499/7191/5611
s 216
f 4565/7104/5539 4529/7173/5597 4533/7175/5599 4602/7174/5598
s 194
f 4535/7053/5488 4537/7056/5491 4536/7192/5612
f 4538/7062/5497 4540/7067/5502 4539/7063/5498
s 198
f 4541/7075/5510 4543/7193/5613 4542/7072/5507
s 210
f 4546/7085/5520 4548/7086/5521 4547/7082/5517
f 4549/7081/5516 4551/7080/5515 4550/7087/5522
s 194
f 4552/7065/5500 4554/7092/5527 4553/7066/5501
s 210
f 4557/7088/5523 4559/7101/5536 4558/7089/5524
f 4562/7083/5518 4564/7102/5537 4563/7084/5519
s 201
f 4584/7123/5557 4586/7129/5561 4585/7124/5558
f 4587/7130/5562 4589/7126/5560 4588/7125/5559
s 216
f 4565/7104/5539 4567/7194/5614 4566/7105/5540
s 208
f 4539/7195/5615 4545/7165/5589 4543/7164/5493 4605/7196/5616
s 216
f 4565/7104/5539 4602/7174/5598 4556/7197/5617 4567/7194/5614
s 194
f 4603/7090/5525 4555/7198/5578 4556/7199/5618 4602/7091/5526
f 4537/7200/5491 4555/7198/5578 4603/7090/5525 4604/7061/5496
f 4537/7200/5491 4604/7061/5496 4605/7064/5499 4536/7201/5612
s 208
f 4543/7164/5493 4536/7202/5492 4605/7196/5616
s 201
f 4526/6976/5426 4587/7131/5562 4586/7128/5561 4523/6969/5422
s 194
f 4524/7047/5486 4584/7203/5583 4527/7048/5448
s 198
f 4528/7050/5450 4589/7204/5584 4525/7051/5487
s 221
f 4606/7205/5619 4608/7206/5620 4619/7207/5621 4618/7208/5622
f 4607/7209/5623 4606/7205/5619 4614/7210/5624 4613/7211/5625
f 4608/7212/5626 4607/7213/5627 4610/7214/5628 4609/7215/5629
f 4609/7215/5629 4611/7216/5630 4623/7217/5631 4622/7218/5632
f 4611/7219/5633 4610/7220/5634 4616/7221/5635 4615/7222/5636
f 4612/7223/5637 4614/7224/5638 4629/7225/5639 4628/7226/5640
f 4613/7227/5641 4612/7223/5637 4617/7228/5642 4616/7229/5643
f 4615/7230/5644 4617/7228/5642 4626/7231/5645 4625/7232/5646
f 4618/7208/5622 4620/7233/5647 4627/7234/5648 4629/7235/5639
f 4620/7236/5649 4619/7237/5650 4622/7218/5632 4621/7238/5651
f 4621/7239/5651 4623/7240/5631 4625/7241/5646 4624/7242/5652
f 4624/7243/5652 4626/7231/5645 4628/7226/5640 4627/7244/5648
s off
f 4620/7245/5653 4621/7246/5654 4624/7247/5655 4627/7248/5656
s 221
f 4608/7212/5626 4609/7215/5629 4622/7218/5632 4619/7237/5650
f 4611/7219/5633 4615/7222/5636 4625/7241/5646 4623/7240/5631
f 4617/7228/5642 4612/7223/5637 4628/7226/5640 4626/7231/5645
f 4614/7210/5624 4606/7205/5619 4618/7208/5622 4629/7235/5639
f 4606/7205/5619 4607/7209/5623 4608/7206/5620
f 4609/7215/5629 4610/7214/5628 4611/7216/5630
f 4612/7223/5637 4613/7227/5641 4614/7224/5638
f 4615/7230/5644 4616/7229/5643 4617/7228/5642
f 4618/7208/5622 4619/7207/5621 4620/7233/5647
f 4621/7238/5651 4622/7218/5632 4623/7217/5631
f 4624/7243/5652 4625/7232/5646 4626/7231/5645
f 4627/7244/5648 4628/7226/5640 4629/7225/5639
